itemId,armor,luck,intelligence,constitution,agility,strength
8dc35759-b2ef-4027-b289-3d66003bb577,477,462.0,482.0,491.0,,
ce5b0137-8961-4c06-a0ea-92a7e75c8174,1185,,,1189.0,,
d9e5b66e-4c4c-40fa-8cd0-5137be1f0e11,141,,147.0,,165.0,
41526227-1394-4300-a5f5-1f8d814cf93e,1304,,,1344.0,1305.0,1321.0
f082f48b-5788-4a43-99a8-5ff961fb5ec3,1052,1075.0,1048.0,1045.0,1051.0,1074.0
3a8d568f-4433-4c4f-a60a-dd4548c1af6a,562,570.0,578.0,,,
27de3a01-d347-490d-b28f-31203372bab6,1011,1008.0,1046.0,1033.0,1054.0,1028.0
4a45a16d-4665-4ca5-a2e1-a36a3675be56,1084,1112.0,1099.0,1109.0,1098.0,1105.0
becff8f0-c2c9-4bb3-9d83-e3af2d11abce,876,,907.0,869.0,907.0,910.0
12c2469e-001d-4683-b40c-cba5456b38bb,1043,,,1040.0,,
fc98827e-4ed5-401c-a1c0-a9d37897e55a,869,907.0,,,,910.0
aed6906a-7538-423c-984c-87db82a5a097,795,786.0,796.0,,800.0,801.0
3acdcb93-9227-43df-a280-b89b4c822033,335,,,,,
f632093b-0900-4f3a-a788-1ea38da5769c,593,,617.0,607.0,584.0,
9c182cae-afa8-4adc-a3d9-158c3796d0c6,1350,,,,,
9c196699-90c4-47e7-98bc-8b6e90d433ae,321,,,,,303.0
5c1d5771-f00a-4b0e-b5f3-09c63e5aba16,44,23.0,,26.0,69.0,45.0
7989f8ae-d79f-4c8b-9a02-a44e9d66fcf6,775,791.0,764.0,757.0,772.0,
7a8d5537-ae13-4444-8453-664900cb0467,435,442.0,436.0,425.0,451.0,469.0
77336522-13e3-49bd-80d5-06b274908d52,453,448.0,458.0,465.0,448.0,463.0
f4809107-c8be-4853-a75d-ef6418f78ee9,287,,325.0,,,319.0
7d40a018-7946-443e-abee-040f83a70966,676,717.0,707.0,699.0,680.0,701.0
39f9077f-0c87-47f6-92d9-945d50a588a1,378,,,,,
f18759c1-45d7-4c96-9d57-72071976ca03,523,,,,,523.0
3c344fb0-f817-4646-a3f0-d77354e5f97a,999,1014.0,,1023.0,1010.0,1031.0
a057753c-d1f2-427a-a731-889d6297a2ea,1052,,1032.0,,,
eb666bb2-0694-4774-ab96-8f3d717aef60,182,,,,,
a539384b-b5d8-48d7-81bb-9b784c5a3f29,630,643.0,654.0,647.0,645.0,629.0
f49543fa-9524-446e-b740-13128ba2b54a,1509,1536.0,,,,1523.0
fd84810f-8574-4a69-b76f-829bf65a8baa,1155,,1196.0,,,
cae0cb68-8a76-464e-a0d0-5878039d58d7,1504,1533.0,1526.0,1492.0,1500.0,1488.0
fbb19df7-2507-40c6-8b5b-fb9923fce665,513,529.0,,,,
29c36a03-09f0-4b44-beb6-ab3939e550ea,33,,,,,
46c034a9-41b4-4f8c-9e44-ca7da40a9e30,1032,,,,1031.0,
47b55ee9-67e7-4a06-96b6-e8244b682a0a,728,725.0,737.0,725.0,721.0,748.0
5d24eae1-ce39-4217-b9ae-a19c80441a25,1474,1449.0,1458.0,1464.0,1487.0,1454.0
004ac0e6-7c51-48a7-bc23-99795a882ec0,1069,1094.0,1079.0,1069.0,,1067.0
be337dc0-5ab5-4174-ac0b-23f8855690c7,77,100.0,104.0,,66.0,61.0
6c91d2de-b893-498e-b63b-ad5990dc4f21,140,,,,,
ced5f448-3c2d-451b-b0d7-7e9327c0d820,239,271.0,,,,
e60ba830-cc79-43f1-a109-c6e6f4ce974b,135,137.0,,158.0,,
15717328-c24a-4efb-b5a8-112bce29efb2,357,343.0,366.0,336.0,350.0,331.0
a5c3ed51-967d-400d-b071-6ff9fddb3799,1517,,,,1499.0,
478c32b8-9448-4b94-bf37-a55d57396614,885,,,,,
0b5c1b72-9306-4a35-b824-0257db8890c3,1441,,1484.0,,,1477.0
9919c744-e731-4ae9-8dd1-7d252991a137,865,866.0,841.0,840.0,881.0,873.0
8433f5dd-13bc-4830-85ad-0a618cf13050,137,174.0,150.0,135.0,180.0,174.0
ce65110b-a353-4d83-8dae-4bbbee1467b3,1266,,,,,
b75a3b3f-01fc-4b56-b2d1-19b975a45fff,442,,479.0,,,
7032a0a0-3c4b-4535-a967-99e84459cd3d,1203,,,,1193.0,
a57465ef-a2be-41b5-a1b4-cb3f82c3a827,969,987.0,,979.0,,
7ca77f9e-5cbe-4c59-b9bf-2ded22c14cc5,35,47.0,28.0,25.0,71.0,
4abf48cc-8205-4ae8-8ece-bf5ae223cd11,352,,,,,
ace67491-935b-4d1e-9c17-adc42009520d,904,,,914.0,,923.0
90b176b8-9214-4a32-8d49-3eed3ae85adf,484,,,476.0,,
063899d3-c4db-458e-b04a-1ae830c42a4b,734,733.0,734.0,743.0,733.0,
7cf3d59d-9fb0-4013-8292-20f873c07f9e,362,,391.0,358.0,360.0,374.0
d47b94e7-2ef9-413c-b76b-cc5f9fa21c77,1445,,,,1471.0,
126e3cc1-e126-422f-a635-abf4cc720ee6,1467,1486.0,1460.0,,,1463.0
f32825a6-d920-4552-a299-b95ae257484e,657,,666.0,681.0,659.0,659.0
16553454-0320-4395-9d25-6fc91ad269d1,268,,,,296.0,
c5d476fa-afd8-4dd0-aa6a-378885612629,812,,,803.0,,
b0b972ee-eaed-4946-aaae-ec614b0fd745,1195,1218.0,1199.0,1202.0,,
dffa8a19-554d-4238-ac67-7cf474e7edc8,511,,544.0,,,
b8ce3c3e-788b-4d78-b803-c03745a64ef7,156,,157.0,,,
f5189d8c-65b9-43c7-8d53-af95e25aeb19,1209,1187.0,1206.0,1200.0,1190.0,1199.0
e45d90cd-da40-4647-80cc-a0637be87cfb,1051,1040.0,1080.0,1051.0,1068.0,
ed5adc23-e85d-4344-9c1c-d390b130009b,1366,1362.0,1365.0,1387.0,1390.0,1394.0
10c16fa2-0440-4316-a01c-fb5dab4d326a,636,640.0,650.0,627.0,651.0,634.0
519e9b5c-8997-423e-9b75-0890a079704d,704,,,698.0,,
21b8c673-2384-4e04-a5be-43c2c6dc55e4,271,,,263.0,265.0,
2c6878f0-248f-4eb8-98bf-9d946e42cf40,86,,,,,
8cada605-9a80-4dca-a673-245ed54d2946,212,219.0,185.0,217.0,188.0,219.0
1af4739f-cc5c-4f6a-8f40-8ffd04610e9f,551,,550.0,,,555.0
d170e193-56d8-4bf3-9bf1-8074370dbe97,61,50.0,59.0,82.0,100.0,82.0
ab66ca0b-8ba4-425a-9a84-6eaa43616e4c,581,594.0,592.0,580.0,580.0,
a4ea0827-7230-4574-bb58-9e508a104373,1379,,1390.0,1375.0,1417.0,1370.0
a335c597-6713-4a6d-b6cb-13b1a5ff173d,853,,858.0,,,
269b0cb5-019a-441f-8ad3-4c6649157337,675,665.0,687.0,678.0,686.0,
ae3c1a55-44ab-4f4a-bbab-a3699c3a8d5e,1026,1053.0,1038.0,1058.0,1057.0,1039.0
fd3c940b-27fa-4af4-ada5-57e7ec61d50c,122,144.0,119.0,113.0,122.0,135.0
ae461305-8ce4-45bf-93d4-80509ae01217,82,,,,,
a6b9ce0c-4a50-4ce7-8af4-7d93fafb2bd6,70,94.0,,,,
0fa145ba-5a4c-43a7-8de1-f3137bf606e1,30,71.0,,,,58.0
8bca0401-c14b-4f9f-8926-dd4b5918b390,630,653.0,640.0,633.0,654.0,628.0
765ab511-5a02-46f3-b313-8e2f6eb45172,992,1023.0,1000.0,1033.0,993.0,1023.0
9f77d634-bf0a-4ca1-a371-fe917e98ba52,1320,1363.0,1335.0,1321.0,1341.0,1321.0
db09bf79-fbab-41a8-a079-67aa20fa0878,538,,,561.0,573.0,540.0
8cde4e45-2b9c-42f9-b657-c2828138b2ee,252,250.0,277.0,286.0,,
b19378d9-b657-4f10-a5e7-1a76ef64aa47,1500,,1530.0,1534.0,1510.0,1509.0
34986ee0-1ce7-44ad-9097-888edb7754b3,195,,,,205.0,
bc5c9d00-70dd-4901-aadd-944aab892905,633,,,,,653.0
754abe0b-34b4-4ea7-9bea-2a95ce82dc78,995,,992.0,1015.0,1011.0,
75d167f4-ba98-47f1-9484-f728da067d11,1110,,,,,
0d545754-94b8-4322-8eae-605f8a391bbc,1505,1513.0,,,,
1ec0b604-170d-47c6-9d80-ef183797f0d8,1244,,1269.0,1249.0,1246.0,
0dea114e-117d-4e4a-84d9-793b39cf3179,800,831.0,823.0,,,
4bafafa2-4805-49fa-8b2a-e5a21089b596,301,328.0,315.0,310.0,,289.0
0f1dbdd6-2ae4-4994-9762-695ac7e1d8c0,1311,,,,,
49364eee-beac-4c32-96f0-eab0d4f3365f,405,401.0,415.0,,411.0,382.0
2b06651b-993a-47c6-8101-93f969206e5e,1019,1020.0,1014.0,1012.0,,1038.0
eae725ee-0eb1-4930-bff1-9af11c02a93d,230,250.0,,226.0,,225.0
da6eb0e7-9e22-44c1-a6ae-58c0c212d1d6,65,,73.0,,,
5a561b96-1248-4ec7-99d1-3001989cf329,57,,36.0,75.0,84.0,
b662df45-98c6-43bd-b087-88373aebccbb,841,,,,864.0,831.0
7cdbbbb5-fd2b-40c9-a038-25eb482ede43,350,373.0,372.0,,,383.0
dbe0618e-3534-4065-9d7c-fad8be3b0e8d,504,504.0,,499.0,,537.0
824349be-8428-4d5d-9528-f233ed9a271d,1333,,,1354.0,,1327.0
7ce3858d-7b91-44bd-8099-f1cfc658be8b,1320,,,1317.0,1328.0,1323.0
4b393e0e-ec10-4846-95b9-cf384cb20be5,1114,,,1121.0,1149.0,
253f61a5-bc7a-4c6f-9682-700cd3c86082,1227,,1247.0,1247.0,,
8c72c46e-280b-48e5-949e-bd98ad5cf147,505,,,,,510.0
0df071d1-ea4c-422b-8e9f-b04bac153e7f,1383,,1408.0,1405.0,,
cf35eb37-b921-4b9c-95cc-b9d1b415f2aa,507,,,,,
3de41a71-3100-4dfe-8189-773e5fb09289,1146,1135.0,1159.0,1177.0,1165.0,1157.0
b56b84d9-d9c3-4696-8be0-07ba0e298fae,1019,1033.0,1023.0,1015.0,1025.0,1049.0
dab728f4-83c5-4b38-a6bc-51f4329bc2b6,1253,,1261.0,,,
501bb8a3-5cbd-4cf7-bf5c-186a1230374e,941,960.0,956.0,963.0,958.0,
e8df7276-fc0a-4e09-9925-8f7c0aa0d153,471,,498.0,509.0,,
a7689af6-10d4-401e-868c-7ff844964eb6,1281,1281.0,1276.0,,1307.0,1273.0
b73f7f24-3157-469a-8faf-d1a52aa80611,675,715.0,723.0,,717.0,720.0
b21285e0-3688-4387-9339-17d2108922ca,1248,1265.0,,1272.0,1258.0,
18785c53-905d-45a2-a0ba-f43b60ac6d65,502,496.0,500.0,,,492.0
7f773891-3b3e-49ee-8892-a84a518ede4d,1397,,1416.0,,1407.0,1416.0
41f413ff-fb76-4961-8cdf-04f2a62b9825,883,,904.0,,,
2972617a-4345-4aba-91f5-246c9140149b,1121,1127.0,1108.0,1132.0,1143.0,1145.0
6088c57d-30c6-4cae-8223-911dda80944b,278,298.0,286.0,,,
56d8b71d-5345-4e9f-acbb-6093c6ce803a,1085,1089.0,1080.0,1090.0,,1076.0
67b41d75-6c8d-46ca-baae-cdd387e90423,125,,,,,
e6856ee2-4fac-40de-b096-3ce6bf5b3733,522,522.0,564.0,548.0,530.0,556.0
bd3e071a-dbdf-4dfb-9787-53fb158da03f,886,,,,891.0,
ccbb7208-5cba-438a-866a-87f53d7052ad,1250,1249.0,1240.0,1256.0,1279.0,1243.0
d51a82d8-499e-4951-813c-a42c3d8f1896,1433,1426.0,1427.0,1423.0,1462.0,1440.0
fb96199d-6d6d-4677-842e-23167b52cb92,942,944.0,944.0,,,934.0
92c17e49-b2b4-4af9-b568-2ae8fc99c0aa,1494,1538.0,1500.0,1511.0,1494.0,1520.0
48f8fef2-ca1d-44b4-baa3-e2d5769553a5,698,701.0,691.0,,680.0,720.0
ce7f4cdf-0ea7-4b8e-aa9b-b69b3dad681a,315,,,,,
bae4e9d0-e9ab-44ac-872c-6412fa51d8e3,742,722.0,,717.0,715.0,748.0
20e78058-7d79-4296-90aa-f94a157e197b,1019,1034.0,1008.0,1008.0,999.0,1016.0
81f44cdd-8bc9-4c3c-9415-841e8813642e,1412,1429.0,1420.0,,1445.0,
f4d4dcce-da68-47fa-bc0a-574f49360896,475,463.0,478.0,472.0,481.0,463.0
ccb0bc40-2c73-4045-ae62-60422001843a,1243,,,,,1240.0
c7aae69b-8a37-4f70-92d2-e9041e259455,533,565.0,,544.0,,522.0
c48256f6-ab5a-4142-8a0a-b429e988898e,1262,1284.0,,1267.0,1271.0,1284.0
c3e651de-7d20-4e53-bbfd-ba3edbfc2ba4,993,977.0,1008.0,1004.0,,991.0
f6fa36b3-114a-46ec-b063-d47c65dec3be,918,,,,,934.0
38330991-511b-4b1f-9287-6d1847d97f41,852,,,,,
ec3084ce-d363-4ece-baac-a3d7e07501d2,45,,,,69.0,
38f9ac97-c45b-41f0-91e2-9ac726d01762,389,411.0,365.0,,,383.0
eb0e08b5-2a64-4c2c-ad82-8e1f0d24df75,20,66.0,47.0,25.0,,
a04b95c0-fdf9-4b49-9b78-cfcebf5fee1b,1501,,1517.0,,,
36ff2dd8-0694-46e3-b9f0-c1ec4930ce3a,314,,,300.0,305.0,291.0
1736ae79-5a87-4605-8426-d098834b741a,346,,,,339.0,
85a051c4-6509-4dba-b667-e10a502a6aea,472,488.0,471.0,470.0,495.0,453.0
deefa800-06a1-437b-a10a-3b50c2100e90,929,913.0,930.0,950.0,,941.0
c2e68f93-7a79-4d1d-ac19-50f86c459d1a,1426,,,,,
3ec6264f-669f-438d-8d6f-73f5afcdcc89,797,809.0,823.0,828.0,824.0,805.0
6526f33f-a581-4420-a8fe-83085e4e1c73,911,,,928.0,,895.0
147b97d8-af2f-4d06-b606-16814e69e7a6,1260,,,,,1250.0
75cd01da-a55b-4d09-8dd6-847f63307132,172,,,,,152.0
7c9d28e0-efe3-41f6-925a-823ade8c2ede,1350,1386.0,1383.0,1370.0,1346.0,
67ad6a16-5f9d-41e8-b6aa-c7f795464e00,1152,1152.0,1183.0,1180.0,1171.0,1162.0
1460da8c-0abe-4e8b-bd50-d9bab655bf11,1224,1214.0,1230.0,1220.0,1220.0,
e9545883-406b-4a9d-8ac8-33f943f13dca,379,,,,,
c3b46d61-9f13-4867-bc8d-1b1f269927e7,882,864.0,,,,860.0
b738bcff-8d1f-4ee0-9740-93d25b931ee0,1276,1287.0,1261.0,1277.0,,1273.0
4b3568b8-9956-48e0-9c35-8331796362a7,1508,1532.0,1501.0,1504.0,1510.0,1505.0
7e0287be-23ff-426a-aee6-09122e378373,298,305.0,314.0,291.0,312.0,294.0
c9a7a251-5127-4291-a0bd-d0804c7fd541,254,,,242.0,236.0,270.0
4a4a42a5-711e-4fb2-8ec2-94efdbee542c,253,249.0,,,,
b4dac551-105e-4a44-b0cd-4eadd416ad2a,64,74.0,77.0,59.0,84.0,64.0
92d99336-f1bc-4692-acff-8b144eb30b99,1056,1045.0,1084.0,1069.0,1054.0,1076.0
43171ffd-9c39-43e6-9137-63f76725f155,833,844.0,805.0,,823.0,
9f65d8fa-bfb3-4555-9306-689ffbd208a5,1005,,,1019.0,1007.0,1028.0
2ac59123-b678-425e-924c-957a5392dc29,473,484.0,,,456.0,489.0
3ea7189b-2f58-49a4-a3ee-31d3422e9a48,131,136.0,,,,130.0
1b60f0ee-744d-4ed7-a5b3-f83d88baa603,555,,,,,
c4bb59ea-bc18-4d0f-82ed-6038a62a7453,1301,,,,1324.0,1300.0
ce2aa642-3bc0-4f02-afd9-879a0dfd51e5,62,97.0,64.0,88.0,,96.0
d565328c-3e57-4cb3-9a4d-276e2c8bd3c6,632,626.0,,,,
603ae555-f3e4-4aac-b286-044561193c59,468,,,,,476.0
f2da0136-a426-49fa-a22e-aa3bae5827a0,522,522.0,508.0,521.0,,546.0
4f34c21e-26d4-4ee3-bea3-ff9dc34c5c4d,549,570.0,,,,
3bffd571-6401-4dbf-a21a-a2c8da36185d,63,,,65.0,,
4bd81144-d6cb-4e5a-8783-8c6ddd7d3720,269,251.0,285.0,290.0,251.0,283.0
b39bb9f6-bad4-4e31-9a94-e853a1d8fd97,206,221.0,230.0,220.0,190.0,239.0
bd73233e-89e8-4bf8-a055-b2a741ee834e,807,800.0,,,807.0,
56cb669a-87fd-4960-a575-32f454ebcddf,407,402.0,414.0,,,
2e76288f-04f8-4bb4-9132-00403879a5ee,281,289.0,324.0,,286.0,318.0
106850ec-75e4-4232-8650-33e5b75e158c,1458,,,1444.0,1472.0,1480.0
5c24c9a6-b4ea-48f0-9a3c-04448f2fb161,994,997.0,1005.0,991.0,990.0,987.0
cac2e19a-2d81-4be2-94d5-6c486dbcf943,1219,,,,,1224.0
05741514-c279-40f7-8e79-8642238adb3b,681,677.0,709.0,669.0,,
79635790-1503-477a-8874-b634a0bead47,1283,,,,1277.0,
5123d205-e6da-4c41-9f0d-f034785f3e0f,923,,,,,920.0
fbe713e3-9c5d-4e0d-9877-5b27181a3330,174,192.0,167.0,188.0,,172.0
44ca7276-3498-415f-80af-e68a20c52323,1363,,1361.0,,,1386.0
78a83af1-efdd-4f35-b3db-d4a57c78984f,849,869.0,871.0,854.0,865.0,848.0
4637ece2-1550-4ccd-8636-3c126d791f10,126,,,,150.0,162.0
e076a623-130d-48fa-b8ec-795e6fd510bf,138,,,,,136.0
a5e4d78c-f7ce-4801-a470-5c7a71ea4e01,475,,,518.0,,
8c89f38a-540d-4d12-ad76-0d9be4b92116,1457,,,,,
3aa5705a-5dc1-48e9-bbee-ae61d7c43937,1447,1445.0,1478.0,1448.0,1481.0,
7e456a5f-61a0-44a3-bbd1-d1ab2fe0821e,965,,,991.0,,
a786b0ee-55f7-4b71-b896-6c830db9e666,1452,1487.0,,1475.0,1476.0,1454.0
b0a5d0d6-ea48-4aab-8b13-c10057d55623,919,918.0,946.0,901.0,902.0,925.0
faa1009f-c2a8-4115-b9bd-df5a79e74773,121,122.0,165.0,152.0,160.0,148.0
c0a7e78b-202b-4a8a-a76b-3726c0d881e5,1051,1041.0,1053.0,,1065.0,1054.0
3c95f5c9-411e-4e34-8f5c-dd74190dd0b2,554,,,,549.0,
824f7029-df89-4d58-a367-cbac5124d6a8,27,,10.0,,44.0,
345e4945-3962-444b-976f-b1f0ca447170,215,,,,,
61b7aadd-1f9c-4463-975a-38449992871a,388,,,,,404.0
35aca881-b2cf-4821-84b6-a61c7d2f4dc1,858,888.0,894.0,871.0,,
e435f662-48d4-4227-864c-13e6f25d3930,902,933.0,935.0,893.0,904.0,894.0
e0979d80-67d8-45e6-981c-5a43dea3fe93,887,916.0,917.0,889.0,882.0,921.0
279f7120-546f-4931-a487-bce924b60a11,1350,,1366.0,,,
1a76dbe1-c0f4-4f40-9925-480b492e1be6,1201,1225.0,1231.0,1215.0,1206.0,1216.0
9f94b5f2-0f34-4b65-bc6f-83ee8433a0a6,762,778.0,790.0,803.0,798.0,788.0
1519770f-ba20-4423-9f31-e4e414e96609,1513,,,,,
027ebf40-f5d6-4522-bad5-383eb947c21a,1397,,,1410.0,,
874681cc-db3e-4280-b564-b704d7b3ec68,1469,,,1476.0,,
872d0f98-e429-4de3-b065-e300b945c418,1009,,,,,
ef017923-0e7f-4faf-94db-91fc60f6a2b7,1170,1176.0,,1190.0,1191.0,
07d317e6-74dc-43d5-acc8-d1b089dd684b,1434,,,,,
aa3f57c2-316a-4997-8aca-4884ee387fc9,714,753.0,744.0,735.0,722.0,721.0
c6ddb5a1-5c91-4378-8d14-655ef578c35d,195,,204.0,205.0,206.0,207.0
2f1787c1-ce43-4fbf-9c8a-4076cc2b6b83,1251,1254.0,1259.0,1226.0,1253.0,1236.0
28a5c190-c0d6-4346-9592-b995e7f6c577,1472,,,,,
bb56bce2-f947-4da6-bb0d-00034f433062,996,,,,,
9cb4000b-a78e-4651-bd97-e14681750838,949,,,,,
3ef834c3-f07a-48b4-842a-cfd205f28bab,308,309.0,292.0,307.0,297.0,
12b0d983-a7d8-4728-b00e-f0824c1faf35,1282,1306.0,1262.0,,,
f65468aa-2ff3-4f6b-830e-87e2e54733dd,629,,,,,
33fd10e4-7bd7-4ecd-ac14-f8a9a1040bc2,1433,,,,1444.0,
eed1d2bc-2f22-47b6-9013-e18427af0a15,1249,1238.0,1257.0,1265.0,1250.0,1285.0
0d107801-c53e-4ace-b8ed-7d764f1f5c5c,450,,,,,
6774d75c-0aca-4137-a618-6f33d488f91e,939,,,,968.0,951.0
6136c3e8-e906-43f5-863f-2198c935bb60,189,233.0,,,197.0,216.0
5f417c27-fd72-44c6-96b1-eef1dcf8ec87,1131,,1138.0,1148.0,1137.0,1121.0
2b1f72ab-e51b-46d2-a56a-738a05cf9bca,1274,1250.0,,1282.0,1265.0,1294.0
68f010dc-7de6-43d5-a2f9-87d59194679a,907,942.0,,,948.0,916.0
c44377f1-72ac-4d1e-8777-5d65daedaf62,354,376.0,382.0,,384.0,390.0
24d7cab9-e478-4b59-88a4-6119b9f734ee,120,165.0,,158.0,,125.0
16f48be2-fc28-451e-ae10-d9ba0a61bfc7,1412,1423.0,1396.0,1395.0,,1425.0
d8523a59-5c6c-48ca-babe-b49bd4b4d8b7,1202,1176.0,1205.0,1195.0,1186.0,1198.0
55cdd733-417c-4d22-84ef-95fec229de64,618,649.0,,661.0,651.0,637.0
3f53168f-bca0-41c7-8675-56d7140fcd06,908,904.0,916.0,926.0,,
389505b4-419d-4dad-91a0-ddeb1e7b4b2c,68,52.0,89.0,,,
d821fa45-2855-468f-9a78-8872a0726d5d,78,121.0,,,122.0,
f69be5b0-1581-4c6e-8002-48d5166a11bf,651,648.0,669.0,,674.0,649.0
f92aaeb1-dd8a-4704-9cc2-b807ba7d75cd,1476,,,1461.0,,1469.0
dd4c7cf2-521d-4b6b-a4f8-b53abf460029,39,45.0,,,25.0,
24979347-8f9b-4c1e-99b2-7ede50b686fa,1485,,1502.0,1475.0,1485.0,1503.0
ae5e5007-f654-4242-ae92-5620a12b828d,426,,418.0,,421.0,
3db28792-96a6-42e6-8a14-727575ea9749,161,,,,,
7edb9778-2fbd-4b09-9b67-1adc2e67e1be,279,304.0,,,,309.0
9100b93d-3d53-4889-bee9-69cd2bf570ae,652,,,,,
364ae42e-d03b-49b1-b943-8ff0e18ba8a7,875,,,,,888.0
b7b182ef-887d-4436-a791-ec81603ce0a5,647,680.0,644.0,,,
2ba7d796-fc95-4848-86fc-a8e5467c0477,165,173.0,189.0,174.0,185.0,186.0
74ec81e7-542d-46a1-aeac-ac384250aef4,323,,,,,
b41d75f2-9a7a-49af-bba4-0524b821e049,1461,,,,1489.0,
981a6272-328c-41e8-96d7-e69113ace32e,84,,,,118.0,87.0
b9c3f42d-b7e5-41a8-a686-1f135dfa496a,35,32.0,25.0,43.0,30.0,52.0
801bbf96-20a5-4c29-a95a-160f0515586e,349,340.0,380.0,379.0,,
dc52d107-ebf3-4825-b9ba-da3e00501862,856,878.0,853.0,,865.0,
4c45ba14-b9d1-4858-9c13-fc90de46d740,1005,1028.0,1020.0,1024.0,1020.0,1017.0
72c5ec18-b942-434c-9551-875b503c63c9,1007,999.0,1000.0,,,
7190221f-8e32-449e-957e-25302b8c25c0,157,142.0,179.0,165.0,141.0,160.0
6588d332-b490-4713-a7bd-e8918c835184,1416,,1464.0,1436.0,1432.0,
93ecb3c0-8125-445a-a9b9-990e9da4a9b0,342,,343.0,362.0,349.0,346.0
6a632273-612e-4149-b315-9495fffdb375,183,,,,,
695a5640-2002-4f36-90fd-1fa56b87e1a4,379,397.0,371.0,382.0,,
1d10c6ea-3944-4b7c-9069-07cd318d0b72,1377,1376.0,1404.0,1421.0,1391.0,1386.0
9aa06424-9c86-4d01-8244-baa198461a02,368,,,,,
33ee85c8-5cb4-4a4b-90ba-e3b832d0154f,1130,1172.0,1157.0,1169.0,,1177.0
c6ba8fda-e3eb-4a36-8c2f-3ad5550ecf03,926,949.0,913.0,,948.0,
ce0a731a-9396-434b-83a0-cccbec115d56,1184,,,,,
7167a49e-9d71-49f1-91a6-29e481093bb5,933,,,962.0,,955.0
2c7541ab-5c47-4531-8dc2-01f251b3c19a,1195,,1202.0,1228.0,1220.0,1206.0
88309d9c-1dae-41d7-8838-105758e48de9,771,,,,,
4c638a38-8d56-4562-923b-404e9e1377d4,275,,286.0,,,
ec03e2c9-07fb-4d94-9570-1ada985b1957,1398,1412.0,,1407.0,,
413c2fc9-b65c-4a6c-ba28-bfdf15e35741,69,70.0,90.0,83.0,72.0,101.0
1d01bbc8-4b2e-4a5b-97f8-5cb721cc56b0,947,943.0,977.0,,946.0,988.0
f615dfaf-6d64-4e54-8548-7c89d682ecb4,379,,,398.0,410.0,382.0
85809374-1937-4d27-bd85-705988b5c575,640,647.0,664.0,653.0,659.0,622.0
80d5f334-92ac-4594-9475-85570ee1587e,758,,,783.0,,772.0
48ef9345-0f5c-464f-8fc1-6731a9930c18,1331,1354.0,,1321.0,1354.0,1363.0
b4a5c58a-3297-4ec2-af5d-6a94189a6c25,840,,,,,
f45287a7-f101-4161-a923-f7665595bd63,1175,1203.0,1186.0,1168.0,1213.0,1200.0
8cc25a64-86ab-4631-b35b-86139a224599,604,633.0,627.0,588.0,600.0,612.0
520aee05-9097-42b2-8ed0-1105f10607fa,591,,,,,
77b23840-ccf9-4164-adad-1da0bee52443,1383,,,1381.0,1414.0,
99e4549a-630c-4ca6-a865-889ed85dd238,203,,,,,
89e55d7c-fd1f-4346-b724-ec8e0854dc35,59,99.0,61.0,58.0,95.0,98.0
ac1c0b8e-abb1-4e0f-a058-e5f9c7ca7924,571,,,,,
5348b07b-2d62-4d63-8ad6-e71fadeb80ff,809,,,824.0,,
39626222-72bd-43e9-8a6c-ff34ee6032aa,1223,,1258.0,,,1242.0
b4fa6a9e-e593-489f-993e-5539747651bb,115,102.0,100.0,,101.0,99.0
f480ee86-ab90-4c65-a15c-13cb49d4fdc7,1328,1316.0,1358.0,1340.0,1310.0,1343.0
51d6d527-07d0-4df5-86b8-67db78252805,488,491.0,485.0,477.0,,498.0
f3d7eb58-75d5-418b-accd-0442563d11f8,1184,,,,,
c94cd301-66e1-4f1f-b53b-9d515b2bcd04,794,807.0,774.0,797.0,811.0,799.0
02a9472d-8ae7-4ce5-9294-30d6beeb96b7,396,,395.0,,415.0,394.0
5325c0e3-691d-44b9-a218-968d4c9f3e0e,1490,,,,,
fb08d534-676d-42cb-b360-7d461f5807a8,1376,,1382.0,,,
f5a822c3-b58c-46eb-8f7c-a9d87e14ee07,1314,,1321.0,,,1322.0
0787113e-def6-4cb0-96c0-f8308e2c52b2,972,,999.0,,984.0,978.0
ad5062b4-95a3-4645-ac92-d16030a6fa63,135,113.0,,135.0,156.0,131.0
a76e0514-a2e2-484a-aeac-b9cd722c76e0,686,700.0,695.0,,,690.0
d9be3fc6-f78c-4593-9884-b8a835f27f3b,721,736.0,,714.0,727.0,
0f8f3b20-507d-43c1-8af1-c4af26a7913d,709,724.0,734.0,739.0,725.0,735.0
deba1fea-7ed1-4f85-831d-dfa504f009b4,1124,1170.0,1164.0,1166.0,1136.0,1143.0
e10be23f-00b4-4b4a-bdcc-0b5c0e2475ba,1353,1345.0,,1377.0,1360.0,1355.0
84d3c49f-942c-4aaf-b019-d915132f8313,983,,,972.0,,
73823133-fcf9-449f-8035-87d1fa226c2c,714,,744.0,,711.0,731.0
35731e1d-6fa3-48f2-823d-0a575d090137,575,,575.0,,,612.0
10ceaca3-095d-4eb5-8349-c73793004bcb,181,,,,,181.0
776af091-9d17-479b-8816-85d73db573dd,1272,,1300.0,,1268.0,1281.0
a271bbd5-f1b3-4107-91c4-dde945284670,649,,,634.0,,
e975167b-83dc-4650-9bfd-1d089b09f525,1314,1317.0,1350.0,1356.0,1336.0,1348.0
dd9cb1c3-fa55-4124-b7a7-f9ef91b6ced1,1029,,1047.0,,,1055.0
1c236110-3595-4802-8ee6-6ccfa9f7fd58,136,152.0,,157.0,171.0,
ad51881d-ee60-4429-92dc-d0caf89a7716,1101,1129.0,,1110.0,1148.0,
dc55694f-2dd3-46dd-8f08-a6bea73e88b1,179,177.0,173.0,173.0,208.0,205.0
a216191b-c0b0-47df-ad3c-722dd58cdc13,1271,1285.0,1273.0,,1276.0,1309.0
93f19cc1-77ea-4323-8112-e0ddf04a7acc,697,,,705.0,676.0,677.0
ec963386-f5b6-4899-8688-838bec322c43,219,202.0,234.0,232.0,233.0,211.0
1b2b3a58-62f1-4153-b739-8405513d74a9,1525,,,,,
e8c14ed7-71df-43b9-8285-89e88ac56faf,280,,,,285.0,287.0
2e80280b-eaa3-49e0-8458-d22dcd47635c,1497,,,,,
d386275b-e7fd-47a5-abac-576c4b9361a7,955,939.0,968.0,955.0,974.0,968.0
22b81ecd-cc4d-4f45-b9e0-e8dc15064429,312,,300.0,,,
fdbdc011-17d2-450a-b1bb-c23eba9b8638,278,,,309.0,283.0,295.0
90b35fdd-6f56-407f-8c67-ffce25317e48,620,,606.0,630.0,632.0,614.0
b13eba39-1daf-4fff-8f62-47446e5ef65e,431,,,413.0,424.0,438.0
fa6a197f-0eed-4132-95e3-8bd70a34ca7b,559,564.0,,,,
b0cd4dd3-6a42-4d8e-adef-f3c36b8e4847,690,,,,,
f160e17f-0315-44c8-88a6-6f57e0c5d04c,987,973.0,,,,
689acfaf-a3b3-4678-b10b-c53a2b763fb7,277,295.0,,276.0,280.0,305.0
683cacb6-ec7a-4f10-8e18-6569c1d219c0,795,815.0,,,790.0,785.0
410a0dd1-345f-4a7b-8831-af3cc28a8631,227,214.0,244.0,205.0,241.0,242.0
32e354ae-58ad-4058-84b4-862580d5c37a,1068,1076.0,1084.0,1069.0,1088.0,1102.0
23c06c98-8dff-4a8f-8902-0455ef4333a5,861,852.0,,878.0,890.0,
c6d64b57-ae1c-4e30-ba51-c6d2ff419b48,220,220.0,268.0,251.0,264.0,223.0
540ad71d-62a9-4f9f-a295-79aa70b80ff3,1439,,,,,
4688b873-2825-4563-8699-d4804f0e336a,295,340.0,,,,
2c4e5f66-fffe-4a2a-89ea-163cdfdffd35,1226,,,,1229.0,1230.0
f0a9e593-b431-4924-82b1-18b6732d22f2,1077,1092.0,1093.0,1083.0,1093.0,1081.0
7767582a-b758-4b08-8422-c060ae60aa1e,614,,592.0,621.0,592.0,
591f7e8d-598a-4db7-98e2-e4eb71d0ef45,799,,812.0,,788.0,
89603658-ba9e-4f1e-9705-a72427810276,930,,,,,
3dce1589-37ba-4a61-abb2-60e7dea32587,1004,,,,,
907c4254-c663-46c2-9c7b-502addf4b143,1262,,,1259.0,,
0c42c1ae-8faf-4848-affc-a399eab5a8ce,1109,1092.0,,,1108.0,1124.0
f710c515-1f93-4ae6-92c4-726572b3bd29,1327,1309.0,1333.0,,1309.0,1314.0
8368dac8-4ee3-4c1c-94be-c147d69cd428,363,,,,,396.0
11fb6876-031f-4a66-81f7-1b61724f5ada,107,,115.0,107.0,153.0,
a9bf600f-bd7d-4384-8808-3897153d27d0,648,627.0,625.0,,,659.0
03e6a8fa-c04a-4f36-bd0a-03926a6ade10,99,,,111.0,,
1bcc61bf-5c93-436a-a416-10c020aeb6bf,833,,,,,
fba21d07-4e9d-49a1-a318-d94f79683740,1055,,1031.0,1035.0,1078.0,1054.0
34f37cd5-0344-4b4a-9944-f8ed039074dc,1191,1206.0,,1202.0,,
aac7c9d8-b702-4417-9d16-fb413875f2d6,1242,,,,,
4a138e48-3b7d-4e72-8eee-93ab39f72063,376,371.0,,396.0,352.0,367.0
7b1bcf99-14e7-48c4-a407-8a6f78bfe309,645,,,,,
9512cf0f-1399-4114-a0aa-77983f9347ce,648,646.0,650.0,640.0,648.0,648.0
e50ad776-33da-4ec2-9bfb-765d1a55cbfc,316,,,315.0,330.0,292.0
2ec509ae-41f2-489b-9625-b6e83f97888a,1132,1152.0,,1133.0,1137.0,1135.0
afa230f5-87d2-423a-ba7a-3a21450eebba,1222,1259.0,1253.0,1262.0,1244.0,1253.0
decc0f78-1c0a-4b24-86dc-39d2aba042ef,1412,,1419.0,1416.0,1457.0,1432.0
84f77acf-6c9e-4478-b9f8-72f19a80262b,507,,,,,
452d162f-ea0d-4756-aff3-fc09c497d120,740,,,,,
1c327cef-06cd-46fb-bfd3-92e52aecf276,1162,,1164.0,,,1197.0
7f1914df-9ee0-4e94-88a7-b2aaa0f81793,940,968.0,,955.0,,933.0
fdaf20bf-6a70-495e-b142-d30a0ec49e25,246,,,,,
0ed4b4ea-1114-4951-a631-7d7aca1c01cb,130,135.0,,155.0,164.0,151.0
78220fd5-0a88-4713-a5d8-cedd092c0e46,87,,,110.0,,
cca621d7-a1f7-4192-9184-7d521e2142e7,722,717.0,,734.0,748.0,736.0
d1cdaf77-ac10-4080-be7e-827f9e17174e,1375,,,,,
b48fab0e-a7a7-4227-84b5-262ffe3c9783,237,267.0,,247.0,261.0,239.0
fbfb14c0-5926-40b7-9979-96575903fa48,1283,1286.0,,1303.0,,1289.0
a7ffb0f4-3140-4082-b3f3-c3fa02755f3c,776,802.0,815.0,784.0,806.0,804.0
251bb6c5-a2db-4332-996c-f642bc389273,550,553.0,560.0,547.0,584.0,
646875ac-18ac-48bb-a052-ce6c1298c97b,212,,220.0,214.0,216.0,
272b5872-58d2-4beb-951c-973bb2010e25,380,385.0,,,,
a513796a-384d-42bb-8167-56a823c0711f,466,,,,,
0a4626fa-1324-4141-8882-f7db995e2bf1,1409,,1405.0,1405.0,1417.0,1441.0
266c84f5-3c3a-4d6f-b429-4f2c703c0f4a,387,405.0,379.0,,390.0,
87d57709-e31d-4d67-a16c-0ef36f4eefe0,1260,,1277.0,,,
70c3c82d-eea8-41cb-9cee-0dece7f1f1b7,44,,41.0,40.0,,28.0
6d0cb4e3-bab2-46dd-a291-45301586833a,851,866.0,880.0,,841.0,871.0
c94806bb-8a11-44ac-8764-2c7e2f8aa9ce,820,839.0,830.0,807.0,794.0,823.0
ff64c046-03be-458c-8faa-2b8faef32416,1473,1483.0,,1507.0,1487.0,1489.0
a13ab002-d5bf-4f27-9a90-4333b8360c7f,309,297.0,322.0,328.0,300.0,
2e35c4a2-bcaa-4c04-82ed-0bc7d94ece56,1197,1204.0,,,1194.0,1219.0
3c0df4e8-40ed-4b54-97fb-fa0ba9f66a4b,228,,,219.0,210.0,252.0
22e8c255-8a2f-4b3c-ab44-eb443692b365,98,112.0,76.0,78.0,119.0,118.0
ea80f0d7-aca6-4777-b916-eee488f9316c,47,,,,,
293c1137-744c-45d6-ae6b-6664da155807,113,,,129.0,98.0,
d265b482-b531-44d0-9625-e66e04e1a284,560,,,546.0,,
b18071e4-20db-4bd5-b95f-0a893dbace01,188,216.0,195.0,209.0,,
fcbe830d-77a8-4c81-8ca6-e7dd24d4e63c,254,,281.0,,,271.0
87cfdc05-6438-427c-9c21-4e8cf282ca01,862,876.0,870.0,865.0,875.0,900.0
ff696dbb-ec55-4700-9e89-43c6a61c611e,157,193.0,,200.0,,200.0
cba8c0d2-46b0-4e23-8278-9c6184c30579,785,778.0,,790.0,771.0,795.0
7ab54a9f-c4bf-4de5-8db8-7d9a8f37f7e7,717,,,747.0,713.0,
4053dcb5-a281-4263-841a-70421c61bea6,471,480.0,507.0,,493.0,480.0
10d8b138-09b8-4df2-bfcf-02500310fe0e,236,,,,241.0,
e9d78de3-23cf-4b5d-8c7f-0989b0c41b6c,1097,1099.0,1139.0,,1105.0,
32547f14-e4ec-4c78-b0c2-37beb96f9b30,445,,,,,485.0
fedcf685-54b2-42f6-bf9b-8381a4baca01,279,,,,,
b638b1c1-c69b-46c5-9323-f102df0e6901,959,,,,,
335347dd-a1cc-48f2-afb1-148819cc7775,355,378.0,388.0,,,
3fe6ddc6-7a8f-4369-a2fc-dadb7f7c1f10,1309,,,,,1305.0
8e4219fb-ee35-490a-85cb-2a8ba4567f2a,331,,,,,337.0
1ee29b41-3e53-4fbd-89fd-c62c278fd543,229,232.0,269.0,269.0,,
b02a2789-0d04-4cf8-85d0-81ab7f393977,301,315.0,301.0,333.0,,317.0
c4b2e0c6-332d-40f8-81e3-4d7589874f41,828,,,,,
d99bbec5-ea54-4ea9-b9a4-58f70d69e72e,354,,,,361.0,
f974f77d-70ba-400d-9d6d-7ee9287cde00,764,,751.0,,,
2321447d-aa9d-4499-80c4-59bad506c91a,1339,1334.0,1363.0,,1334.0,1345.0
3666522d-7cbc-4cd8-b8f1-007d2a13565a,183,229.0,183.0,,198.0,189.0
dbf7a20e-059c-4ecc-bbe9-713acebfec0b,195,,,,,
f25da40a-925a-4e64-a20a-11af93626963,1130,1126.0,1131.0,1130.0,1128.0,1129.0
6df34a13-834a-4498-b83d-b11178172cb2,252,260.0,259.0,288.0,270.0,275.0
34848977-9fb2-4ddd-b529-7f05aad2637f,1228,,,,,
a0e4e2f0-9e42-46be-964c-aa45fc7609ea,619,610.0,607.0,620.0,605.0,604.0
f1ee8b67-9d8e-4dba-a02a-9a56c2c55133,1250,1254.0,1227.0,,1255.0,1245.0
f4506ee3-09d3-44ed-b28d-541f25ee236d,1382,,1365.0,,1400.0,
551b91de-9604-4fe5-8475-20a38916c23a,331,,,,,
1c5013fa-9e06-4fe4-90f0-e4dc77c8df13,846,,869.0,,,861.0
54f9cae6-0eca-4bc8-a18c-f9e06df13fd4,247,270.0,256.0,272.0,247.0,241.0
543ab316-d7e9-4de7-9d88-ed477d3dabf7,668,668.0,681.0,680.0,667.0,714.0
36096d7e-000d-4330-ab66-dd259d6cca31,92,86.0,78.0,70.0,,84.0
96dd39b1-a242-4583-a40e-44903b96b2b4,1391,1376.0,1408.0,1423.0,1386.0,
924910a4-7b48-4faa-b274-76f76f6ac32f,60,,59.0,,,
0b19b244-1e9f-4fa6-8f52-991269ead4a8,855,,848.0,865.0,832.0,840.0
da02173f-dcfd-43fc-b7aa-f5ef8e5dd9dd,459,440.0,,,473.0,471.0
a73d1620-3b75-4f1a-9dee-835dabb12347,1451,,1456.0,,,1431.0
269fa628-ec79-457d-8fff-0d6dc166eac7,1431,,1419.0,1424.0,,1461.0
68d93c28-8a36-48b4-aaf8-6a28e73c68d3,312,,,329.0,,
fdfbe641-9ce3-4009-b0ec-c092b49fc8b4,634,,,621.0,,640.0
a36119bf-ada6-4544-b728-143b1ed2c282,1069,,,,1040.0,
352b4db6-dad5-47bf-a6c0-595490667034,1105,,,1091.0,1116.0,
68b92c12-8811-486d-97ce-a5e0bfa21b34,1121,,,,,
e68455eb-7083-4e8f-ad13-1cc2967981cd,913,,,,922.0,
721055b2-4cc7-4572-aa2b-56781cdf86ef,296,,,286.0,330.0,328.0
20dbff65-703d-46d3-9024-dbca5c9a7aaa,1324,1337.0,,1313.0,1307.0,1312.0
a9aa756c-21ff-4ffc-94e6-3ec667bfe9ea,1451,1446.0,,,,1478.0
8a6baa31-6460-4c37-93ac-e8ef359e6544,1263,,,,,
5be56b1a-001a-46a9-ad72-63a739b230d2,31,65.0,46.0,60.0,,32.0
992d50e9-6b02-4bfa-9d90-f51189d31fd5,312,300.0,308.0,,,323.0
7e934ab1-8402-479d-b74d-f659366b404b,852,,,,873.0,
f483ba19-e396-4c56-8a20-86c5841e931a,292,304.0,,308.0,,315.0
2cb03748-cd90-47bc-be73-22a92cce856b,342,,347.0,343.0,363.0,341.0
15aebe4a-3a8a-470a-9e55-79c1e6a079e7,1502,1513.0,,,,1492.0
4977fb7f-7269-4dc6-b6fe-9beab5baa783,957,,,,,938.0
1ced03fd-0571-49bb-b406-0d4bf24db418,1485,,,,,
caf6dff2-6595-43e2-9a44-f6771cba6f0e,494,,508.0,,,507.0
ea845a0d-bbca-4e88-a6f9-be596c027291,1443,1431.0,1441.0,1460.0,1440.0,1444.0
2001efe0-ecf4-43ba-8f4d-3c819fd722d4,1031,1042.0,1059.0,1066.0,1047.0,
da3b45dc-ce57-4816-be21-3d9625f7f8e6,700,697.0,,708.0,,713.0
32f13da1-b6b2-42a4-b231-6ea48e952dca,1455,1453.0,1482.0,1448.0,1453.0,1487.0
f12c2095-6a43-4c8b-94f4-eeefbb92b66b,686,707.0,703.0,,,
382d28be-cdfc-4c74-83ad-32b3c5f1ae20,1172,,1168.0,,,1150.0
ea89a9df-fff0-42a7-83d5-270bd29bdf8b,255,263.0,270.0,,246.0,270.0
75734d56-dbce-4a2a-a47b-e37ce7daa536,1433,1454.0,1462.0,1463.0,1461.0,1460.0
86e4ab57-0410-482c-92d4-862dc134a65e,1522,1526.0,1524.0,1531.0,,
d1e65ef4-080c-4226-a65c-7c7110db7a62,1160,1153.0,1160.0,1177.0,1193.0,1151.0
042103c6-5784-4d4c-bb8c-3922cfed7766,1137,,,,,
856edba0-6a71-40b6-94ba-0bb85a939dd5,1055,1054.0,1090.0,1074.0,,
c9ca823c-cb89-46e4-9d3a-aed7a7cd915b,906,,935.0,,,
16c5d519-3228-4228-95f2-5a05bdbd8eee,877,,,,,
23341fd8-0391-40ab-880f-321e7c625bdc,198,,,215.0,,
acaf2e1e-3626-4d39-8f02-bec6a5be85cb,970,1011.0,979.0,988.0,991.0,1017.0
5c38dcac-b6cd-495e-b064-e1b68fa97338,275,280.0,,,,307.0
4bbbaecc-647b-470c-82b9-e0f5a2bad5af,716,744.0,738.0,742.0,719.0,742.0
0fddb45c-3b4d-4628-b0e6-b3667bffdf35,625,,,616.0,618.0,
41f309d0-342a-45ea-8024-c62ebffaae0d,599,,,,,
5a361029-298d-419d-9dd0-61c4da374677,1310,,,,,
aea0c8c0-0f8a-40af-97f4-7c4bcc620e01,445,461.0,447.0,424.0,441.0,461.0
5bddfc64-6b8f-4116-85c1-c1b7870b11c7,1251,,,1285.0,1260.0,1242.0
8672e791-2983-476d-bca5-bf4da50a5618,1423,1421.0,1415.0,1409.0,1412.0,1417.0
0c628cb8-24f6-4aea-b726-08c0891f10b4,1342,1343.0,,1362.0,1330.0,1354.0
48f8b8b6-c9a3-48d1-b32a-7cbc44a7cf15,462,,,,,
1f028d92-107e-4514-aa73-94760b6a0452,746,,,,740.0,752.0
f13e8df7-5cce-4d47-91f0-f94e4357753c,907,,,,,
a74d61eb-7727-40e3-ab95-76b18428d0df,1454,,1484.0,,,
228318f7-65e7-4cf6-9c80-0637022f507d,214,216.0,,,,
6b07adfc-6d6b-4d5d-9a54-e2fe42b7352f,819,,,813.0,,
97bba9f7-a9ac-4734-91bb-ef3cabdbe68a,173,,191.0,153.0,159.0,188.0
0227c3e5-2e17-40b2-9d9e-c5b27e0e1a4e,370,,,404.0,,
cecdb11d-84e7-42ab-8291-29dc82b6f927,474,468.0,482.0,514.0,469.0,490.0
89ac9658-d168-4318-a928-5164bc7f5fd4,262,,,268.0,283.0,
7ddd85db-60d8-41bf-b905-5656e89049a8,643,,,,,
805de5b3-a0f2-4fe1-bd5a-a7c5a70e3bc3,321,366.0,341.0,322.0,346.0,358.0
c0e725b4-6014-481f-946c-3826f0655416,273,,297.0,305.0,309.0,286.0
e99b3e5f-ebc8-4251-92d9-6e96632e5821,1492,1509.0,,,,1475.0
70d34baf-1b89-4803-ac5c-b3c004d108f1,675,693.0,,688.0,688.0,671.0
0860c2cb-008f-43a8-9708-ac85f3597579,1037,1018.0,1065.0,,,
555de666-7fcf-412c-8098-8557d279d7d9,853,,880.0,851.0,,883.0
0a60566f-63f7-4c78-b901-8025527a49f0,441,441.0,,476.0,437.0,480.0
90a86d0e-98a2-4f88-ae8c-6e9ae8c4ba82,474,507.0,,,482.0,474.0
2d8b44cb-0383-4e7f-ab72-0bce808ee148,603,,,,629.0,582.0
974a6a14-91ca-4777-b284-e061cf4c602b,873,,,847.0,,867.0
6e412c15-a8de-4172-9730-0a56474e58cb,424,,432.0,448.0,421.0,418.0
0e157704-cff7-414f-87d5-5a150233fc41,1132,1128.0,1167.0,1138.0,,
d88bfb5a-7ae5-4163-88a6-22aa43e6a8b0,1201,1222.0,1233.0,,1229.0,1235.0
8bc601f1-8c34-4d87-90c5-59267a1aa136,1499,,,,1524.0,1497.0
5965a5d6-f05e-4921-87c2-becf6be7f175,1025,1053.0,,,,1019.0
4b6fc0a4-a8c9-48a6-92cf-fcba63bbcb13,1263,,,,,
b6f507ce-60a4-4dcb-81e5-3b3957853839,62,46.0,88.0,,,
cf6f5f9a-d30f-4382-96ef-3fc9ce09104d,1210,1241.0,1234.0,1210.0,1250.0,1236.0
0e0a26d8-bf3f-4f4d-b311-c696cee2dd2d,98,,,,,
46af3541-dfb1-4232-9edd-c0bcaed65dc5,451,436.0,,,,
c82eaf9f-1287-419a-ad2e-a786c4528277,461,468.0,485.0,477.0,,474.0
59febbf1-1dc3-48e4-9c94-c9971559c0db,1333,,1327.0,,,
4fb9857f-b275-422a-b0d7-1cd1825e2c2c,112,,123.0,99.0,,138.0
f77a561f-e8d7-44aa-9847-8ac4f2ddfda1,920,,,,,
8987f18b-e37f-40ec-9cd1-44115a744e47,235,256.0,260.0,235.0,,
b68bad0f-7f4f-4ccd-b605-ba74d1aa0703,265,,,,,246.0
6b7cc56f-c81d-4890-b943-eee4381fff4f,224,221.0,243.0,242.0,217.0,221.0
72aa5e9a-fafc-42c0-918d-2d289953aa8a,974,,,984.0,,
b909ec24-8c4e-4123-9eb2-7d80fff9c9e6,637,622.0,643.0,655.0,,651.0
d669f948-adf1-49a3-a101-eed6b4683547,1248,1224.0,1222.0,1225.0,,
3039d3cc-f1f9-4b65-b874-458a9e53d925,409,,425.0,,,
b7d6c80e-78a7-4c77-bd3a-c550b8618fdf,136,,,,143.0,141.0
f91eac40-787e-4529-9318-ba1690893b13,1360,1358.0,,,,1380.0
22dcf8ae-8027-450c-8fbf-789b22ad138b,676,691.0,,,,697.0
d840efab-a7a7-45d7-b8d7-42017a412fe5,490,480.0,475.0,507.0,500.0,481.0
c65ec56f-a48f-469e-a819-d7d3cd407ff1,495,,,,,527.0
ea3407af-31ee-4fce-8acb-a97f81803df2,1366,,,1382.0,1376.0,
80cf6a67-019b-4d07-a768-96c537bd22cd,1004,1017.0,1002.0,1024.0,1024.0,998.0
8e126c80-e019-4bc7-8875-04670f6392f5,534,551.0,578.0,556.0,,549.0
e6265d5a-14a5-4a40-acef-7a4fb4299e6f,51,50.0,,89.0,54.0,79.0
871933c6-c075-4305-b0c2-b10f328ba94a,1359,,,,,
03c00f59-98d0-43af-9692-2753f2d3c8e2,323,343.0,340.0,342.0,325.0,353.0
fc247b11-10e4-4376-8eca-4b0ba413f65b,1074,1086.0,1065.0,1063.0,1071.0,1108.0
18c454bc-8ccf-40c3-90c3-677c04b80188,27,,,,,
e56c6015-1fe4-4ea1-95d1-bacf8fbd2b23,1203,,,,,
fa8db248-0fe6-4cda-a0bc-b1f33c088add,1194,1231.0,,1232.0,1198.0,1221.0
52cee849-03af-44a4-948e-4833cbfed70f,1292,,1313.0,,,1316.0
daa1ee82-c701-4c96-af6e-b9410d33cc71,271,,288.0,,284.0,286.0
383dbce8-e4d9-4d90-8a39-78258173bd53,392,,,395.0,,
88addb25-ad20-4e45-a184-b222c3d74207,1389,1417.0,,1387.0,,1396.0
742bd908-47e7-4c8f-8f66-980a20c51332,1272,,1299.0,1277.0,1312.0,
2b21e3e1-6740-4378-8b24-ed4713b6c5ea,815,,,,,
b14c67a9-fa55-48b6-a131-e65dcda4e4a8,87,,,,,
9a0d7262-37b7-44b6-a7b3-ab1b8336fd87,1284,,,,,
69223586-5630-427f-9bed-cb3a3cba729e,376,,,,,403.0
c6d8d361-695d-4ea9-8438-699bebc91321,1253,1254.0,,,,
9f9d04a7-1667-4ded-ad53-1b6212f0c80e,131,,117.0,153.0,121.0,126.0
41e84d4f-5aee-4f69-8030-f09e99ae701b,1145,,,,,
a6bea443-5271-49b1-aa45-5b0b9147633f,941,950.0,959.0,,,928.0
58ecba71-86f9-42bf-8606-f8061c9b9212,551,,,,,
f966606a-1c69-4233-b715-fc803e9815c2,540,566.0,533.0,571.0,,536.0
39b3f372-6b52-4a1f-b89c-20a1a4880565,750,752.0,,,762.0,
8ab4c2ef-d1e4-4a3a-a94c-e016bcd9695c,223,250.0,263.0,254.0,,237.0
36ed1dc1-9909-4e41-ac07-fbd95080efc3,1509,,1495.0,,1487.0,1515.0
2b6adfc7-20fc-470b-b8eb-dec43c487a29,112,,,94.0,133.0,112.0
1b874aa6-5d39-447f-a6a5-551738548d94,329,,,,,
3a6a8268-bbd2-4b50-89cb-633961423e0a,869,,900.0,888.0,910.0,
7c831f3c-7752-4844-bbe0-b3e5d9f36e64,792,777.0,807.0,805.0,780.0,801.0
93561dcc-f4b3-4d11-87b8-9c082b9b0966,603,,611.0,,,586.0
6a2da067-7d6d-4ed8-b0aa-512a7ebfc069,410,,,,,
34c9ed3d-e57f-4fe7-a9b1-f44be11667dd,566,,578.0,603.0,564.0,570.0
2b860f31-e14c-4813-970e-bae36d25f630,1344,,1370.0,1360.0,,1359.0
b2887d03-0b9f-458e-acd8-e02297b2e9e6,152,,,,,
21de8993-20a0-4952-9267-795468b166a2,1506,1536.0,1545.0,1534.0,1513.0,1505.0
9402a1d1-2fec-4103-a24c-6e9fe805ed50,887,,,,,
27a5a1e4-cc66-4c3f-922b-04c5815edf97,805,804.0,844.0,833.0,819.0,
335f42a2-7a3e-42aa-984f-84edf4e5577c,727,738.0,729.0,720.0,,
864e1dcb-640c-4016-ab78-b6c6de6d714c,971,,,,,
706c3f2b-8bfc-480e-9f18-03a02c810529,1060,1042.0,,,,
a2c23774-c879-4d10-a28e-6ae4dc882efb,927,927.0,940.0,,953.0,908.0
041ad4ed-e086-4fc6-b028-f4f924cac5b9,891,,,,,
151135f7-78b4-4e0d-932e-3b38de2406ff,826,,819.0,852.0,,821.0
dda26783-8a49-4b88-8cc2-446ef6cbf0f4,1368,1366.0,1374.0,,1376.0,1355.0
ed82c77b-e145-4b22-9321-ac5e0c8ee751,1350,1394.0,1376.0,1392.0,,
c4b5203c-4cd4-4d8e-b5d8-0318bd02d6b0,1304,1306.0,1331.0,1339.0,1347.0,1343.0
e24eac5c-6cd0-4eac-ad79-50d7a28b62b8,451,462.0,479.0,497.0,470.0,464.0
69a3027d-1074-45b2-ac4f-c5c4353373ee,32,36.0,31.0,30.0,43.0,
0e92cf85-777d-482d-958b-d480bfa20941,241,,,264.0,,
71d59b3e-645f-44fb-8512-85ff0eebe896,1138,,1162.0,1126.0,1160.0,
076041a6-4e41-40a8-b133-193f78aadb0f,13,,,,,
7318dcab-a88f-4f3b-9d55-3210af696e37,252,274.0,,,,
3b063fa7-c68c-47c1-857b-8afdf436af4b,580,,582.0,,,612.0
79f1b158-9e3e-4221-8ed3-95738c5ba9ed,391,435.0,,390.0,393.0,416.0
1669a393-3a17-44df-afda-99e815febeeb,169,196.0,,,,
450c1f44-2589-4de5-a3ab-0632b695c4de,1179,1170.0,,,,
fec994df-377f-4791-9f96-8bdc5bb9f7d5,623,609.0,636.0,597.0,,
d3bf05c6-6374-47c8-934e-657e2afd80ff,153,160.0,126.0,,151.0,168.0
0864c452-a81c-4714-880d-ba0df492da7f,1154,1158.0,1168.0,1131.0,1166.0,
fc32270d-7160-41d0-8d2b-68ec5e5a22e7,1159,1172.0,1151.0,1155.0,1190.0,1183.0
e6f9a2f4-13b7-4ea8-a8f6-69d5432d32f9,670,700.0,,,695.0,
5e3c3687-eea5-4c5c-941b-2c3f52eed38b,505,510.0,,,,
dd77d984-8bff-4322-9333-7285f05e1128,812,,805.0,,,806.0
d64f94ae-fc5b-4293-b0e1-efa8e11b99aa,869,,,,,
a9452b16-5ab6-4a95-b3e7-504bd2870140,560,597.0,,,582.0,
0a2f2edc-8d75-4486-a2fc-c06e18886263,873,898.0,894.0,,889.0,882.0
cc70dcdd-5b2b-4aa8-b740-f1a7289eae86,743,,,,743.0,764.0
63cf52cc-b536-4a51-bb93-be8267891979,71,,,,73.0,
b3b6cbc9-e6de-4982-9ce0-fe4c01d00a22,59,,73.0,74.0,50.0,31.0
795c407f-24fe-42c3-9707-81b88439876b,406,,,,429.0,
90e2f4a1-3a45-408f-8ae2-c162ec96ace1,1422,1428.0,1402.0,1412.0,,
10a30ce7-ba4d-4601-ab1a-f7bd8aabf0e4,860,,,858.0,,830.0
8034d682-5edc-42d4-a6b6-c5a8130d2a0c,175,,199.0,206.0,174.0,202.0
6cffb02d-0c58-4bf4-8d18-b55a9b8b4f7c,1001,,,,,
7f936363-a5c3-4f30-8880-f5cb28609b9b,1424,1444.0,1425.0,1455.0,1426.0,1432.0
37237907-1ade-4479-b749-95844a7548ee,653,,,,,
484aa2f3-566f-456a-86d5-02fb819e97b4,644,651.0,,652.0,641.0,
8f49f74e-ed90-46ee-9ab0-9ea9eb39db18,1085,,1060.0,,1071.0,
0f46a7f5-f961-4cd8-bfac-e8496278ece0,391,,,,400.0,
867c69a7-ad66-4c42-b0c6-44e4a8c22d08,180,169.0,210.0,164.0,186.0,205.0
f7f4bf5d-1f46-4f33-89ba-0600630d6730,1501,,1497.0,1519.0,1516.0,1476.0
162ada8d-73b3-4e30-a368-e507531422ba,270,,280.0,,280.0,
048ad925-890a-4800-ac66-5f6d2338b3f1,466,497.0,,482.0,498.0,491.0
82211e6d-9bb0-4a9d-9620-0040dba5a5a6,744,769.0,,,743.0,
94794afa-41aa-415b-8166-85c08335db09,1010,1012.0,1023.0,1032.0,1033.0,992.0
abf7aab6-c52a-48fa-889d-0990e4342d5b,1178,1182.0,,1186.0,,
385fc834-3cbd-4d64-ae95-dc00ca14a3c6,722,733.0,722.0,,739.0,721.0
75597d04-581f-4b20-abba-6306e5c094c6,174,,,,,
c26268e6-52e9-454e-936d-921d13ae0e50,1316,,,1356.0,,1337.0
8edde0c6-d706-4652-a618-fcd90823fe23,500,479.0,489.0,,,
972ff82a-d478-4119-9ed9-a0a540990ebe,1279,,,,,
4a4979e4-0173-4ec1-9e32-eee9785d10bc,433,419.0,,459.0,448.0,
0632e060-6dc7-43bf-bd4e-81afec2ebb85,34,,,,,
5f7b6bae-22b2-48e3-b4a6-aa96f8e72511,107,134.0,132.0,,132.0,118.0
d7c5d322-1af0-4d0a-bf83-1e9aeb32e132,1017,,,,,
49b078f4-7ebe-4803-aa7a-07ea59761f50,603,623.0,610.0,595.0,,612.0
bd126db0-af94-4cef-ac4d-29bc12871064,1360,,,,,
5da01bef-c27e-4b58-96b1-9fa437fe4a68,780,,796.0,765.0,,
69caeb38-72e8-42f7-930a-c05469f7fb1b,769,,794.0,,,
c78f8041-fb9b-4248-8fb7-8924f550dd7f,800,,770.0,,,
e9da9c64-949d-48fb-9c1f-bb033d945e2d,421,,,,,433.0
d971cdb0-4785-4aff-b8d7-b1abed9644f5,1467,1507.0,1495.0,1469.0,1499.0,1489.0
34147a21-6bad-4613-b80a-143d56b404b3,63,,88.0,71.0,74.0,98.0
b334e7db-fbfd-4a9f-a3ea-39f247a2a319,697,,,,,
4b39aadb-762b-4e60-b095-d41648aed2ff,1331,1357.0,1324.0,1332.0,,
4bfa4aac-b4a8-46a7-81f8-ad8e17426360,454,449.0,454.0,,,
124de827-9bc4-4d57-8404-b3bf419c1806,511,,,,,539.0
8a9d174a-d90c-4a34-b5fb-e21550933ef8,111,131.0,121.0,113.0,132.0,142.0
3a157b0f-0cd3-4d97-a105-5473a4ea6f16,1122,1147.0,,1147.0,1137.0,1135.0
53210d16-0f70-48ab-8911-bcc1a49abdee,250,,,,237.0,
1b16356b-5aa9-4b9e-b68a-edb3c2c2b9e9,128,144.0,,154.0,,
0b3b5a61-56e3-4419-b4e4-ef34018de7f8,255,,,,,
d8a628fb-2773-436e-9939-c4320b963dab,772,815.0,819.0,771.0,,802.0
cf5706cb-fbc9-4db7-8d30-5902fc3d9dcb,1121,1139.0,1115.0,1138.0,1126.0,1140.0
4bcc8593-c76e-4a94-9b05-98299e1f7eba,197,,,193.0,,
02623342-def2-461d-adf8-ab830904716e,804,809.0,,812.0,808.0,
45c250ac-51b0-4e0a-9709-6506c508cfec,626,,,638.0,,644.0
87101b7b-ff7c-4067-822b-e42df6a1847f,1314,,,,,
1be33d2a-c173-4979-a600-7b1d15d8b108,561,583.0,589.0,567.0,568.0,
5508f40e-61c5-4043-8777-43c188e02736,706,,,,,
9f0a372c-dcc6-4d28-adae-26e9338591b7,701,,711.0,,696.0,
e4d2a256-30cb-48cd-9dbd-f5ca11946093,1283,1308.0,1314.0,1284.0,1313.0,1300.0
e8c257d8-57ea-40c2-9cbf-ce3367509a18,477,,476.0,475.0,,465.0
f89d9b48-51b7-4aa0-a101-04d0577c13d3,138,154.0,142.0,162.0,,139.0
e2cae7fc-aefe-4707-bf5a-57260c219f1f,138,,144.0,119.0,163.0,151.0
bcdafe37-5dac-4901-971f-1b6a5af28b49,810,,,,,
36fcc3e6-0973-437f-a68b-ba6f855d1181,219,,,,204.0,
7d798955-2444-4203-a676-ce2c5d80cbd6,1260,,,1260.0,,
ce087201-2fdb-47dc-af5d-ce24e931bb0b,1339,1367.0,1353.0,1370.0,1357.0,1339.0
b987a7b6-d6bb-411a-b781-e276130cf4e0,520,,,,,539.0
8a5152cd-6b31-4d8b-9c86-171197c390e3,580,,611.0,,612.0,585.0
fa8c9d1a-12c1-4749-8fc7-b56f882e0044,707,,,,,
12e9f272-0167-4777-b27f-8532e9255336,826,,820.0,810.0,813.0,845.0
88db839a-e38a-48ee-aa36-d0780e1d1217,1102,1083.0,1106.0,1120.0,1113.0,1083.0
5d047ebf-6bd8-4cf8-9734-4f427c4a7666,1002,1026.0,1024.0,1002.0,,1012.0
f6041f87-b4a4-4dc0-b250-fdceb2e3a0d5,368,362.0,352.0,393.0,,367.0
4d1c4cee-0c43-4dd7-9811-f8a1bfd5a96d,643,665.0,661.0,,,646.0
a4bf2fdc-518a-4509-a10e-37a7ede63573,1203,,,,,
410be8b0-3439-45f3-8a3a-c92822f57a30,1236,1263.0,1245.0,,,
d74db19b-42a9-4527-a2f9-8cad0fe04e8a,1208,,,,,1207.0
b4b61781-22f8-4d64-8a41-7d5340631a3e,433,,,,,
84733ae9-9bb6-4a74-8985-b7fc4e7043a9,1463,,,,,
3a4913ab-9deb-4095-907f-755010743fe2,1378,1379.0,,,1395.0,1384.0
42d60f72-5651-49d7-b60d-dc51efe6ebd4,49,,82.0,,,
f14c9346-bf5b-449b-9f38-c4b05ffc5349,705,699.0,729.0,700.0,,
2f8f93d6-8156-4046-bca6-42b24dd77fd2,62,,,,,
fd536e17-3bdd-4630-b97f-a372023eb5be,1159,1175.0,1169.0,1170.0,1166.0,1163.0
ed8bd7f3-b8d9-4a82-b70d-7358543dfe46,493,,513.0,513.0,527.0,498.0
d55e0831-3b10-4a4d-874a-8f0f897d2594,1003,,1013.0,1001.0,1004.0,1021.0
ab4421fc-6a15-49a4-af16-0c62d046e9d5,1145,1162.0,1165.0,1161.0,1159.0,1125.0
887f34fd-8131-40f3-b25a-c79841414821,390,376.0,414.0,375.0,419.0,376.0
912fc2ce-1f11-4c0e-b9c3-4de4a7d7b6f3,1383,1415.0,,1400.0,,1388.0
f70a017d-0eb1-494d-b444-a549588dc07f,304,336.0,317.0,332.0,316.0,
2027de85-6733-464f-a519-f77dc380111a,691,,,,,
86089fea-6ec6-41b0-b130-bfd8043d883e,1207,,,,,
f1dfc183-4c74-47da-8bbc-e1d46b9b3685,409,,,,393.0,387.0
76edd90a-b732-4203-8e0b-718f4332dd11,714,705.0,688.0,691.0,,697.0
4c1875e4-9f13-40ca-8034-c31d5e26984f,798,814.0,789.0,808.0,818.0,815.0
94560691-4f3e-4936-912f-a3435d06d09b,1211,1233.0,,,,1249.0
39f32b5c-40c9-49f2-84c5-d4499e8da451,783,793.0,774.0,793.0,809.0,803.0
d15a3f26-ca3b-4e00-8dfc-abb22195c1ee,184,195.0,212.0,,209.0,168.0
23c68d9b-09c7-469c-8f62-73e6e8ea63ef,1298,1298.0,,,,
ba3a1fbd-60e1-4f8f-90c5-f6d1d023e016,430,,,,,
1714fd98-0859-4f53-9b09-df245014aa99,1389,1406.0,1430.0,1408.0,1391.0,1410.0
bd0bb9c7-e175-4a21-b628-1b9dd018d19c,1373,,,1378.0,1359.0,1389.0
e2986948-25f6-4831-b05c-82657614e007,365,381.0,381.0,358.0,351.0,
96634b06-b9b7-4fee-a2f8-2c9105252672,1289,1300.0,1308.0,1314.0,1300.0,1312.0
ceed7ec4-4df8-4e9b-a1de-06b04f9a4908,142,143.0,140.0,150.0,138.0,171.0
2fdd5203-1cbb-4634-a476-61cb1481abb9,288,,,,307.0,298.0
ec213c8f-99f3-4f66-bdf5-2e5aad4a85d5,929,,,,,
94065e8f-b565-42e4-85bb-5806c5492785,99,,,,122.0,
baad65c7-31f6-4e46-b7dd-034b08c1289e,1456,,,,1450.0,
cd0016b0-7de9-48cc-bd5e-84dc0a8a2fcb,868,,,,,858.0
6dfc1129-32ee-41f1-8a6e-770ab10f6a8c,344,,,,,
b26a6db4-8008-43af-942c-ecec2d43d418,137,,,,,
ff1c9981-f825-487f-ae41-ca1dcd382e13,795,,,,,
67652cf9-58aa-4d50-8611-e819bf6f4edc,841,,869.0,823.0,827.0,870.0
870ea3e5-d928-4c7d-92c6-3c9edf30189e,898,902.0,,920.0,917.0,923.0
a3c58567-a262-4e7f-bf09-26e4c4184b7d,203,187.0,214.0,192.0,218.0,193.0
2f1b3036-8985-4c75-b019-9578a17d4c8d,63,75.0,57.0,71.0,81.0,65.0
b61d7bf4-020c-4b21-b066-4a503c0f01e0,245,,,237.0,,
e422416f-5d4f-46f8-ae9f-52ef08d48499,780,796.0,774.0,812.0,770.0,809.0
e44c47f5-79fd-478b-8b0e-9391e01df86a,1174,1194.0,1157.0,1154.0,1182.0,1154.0
58156ad5-5f99-4adc-87f5-76e94b940665,385,,,,,
62a090ca-7169-4786-84e7-c44473fbe838,1460,1481.0,1484.0,1493.0,,
91a9de01-dcc6-4b44-8322-a854fa03b744,875,,,896.0,892.0,910.0
bdf38d08-2f6a-4cff-8120-e22267273479,280,265.0,299.0,288.0,,299.0
43a29961-0ce5-40c9-9bc4-471998e95b4b,647,,,,,
19726c6e-3bee-4c9d-a7d6-e32e3bce3037,299,271.0,279.0,315.0,308.0,317.0
34a4895d-0ba7-4cef-8993-2a7ee9264a8d,617,654.0,,,,618.0
7af7382d-2916-4a7b-a4b5-d10588541403,951,970.0,990.0,986.0,,946.0
48145315-232d-4c35-81a8-6c502f9db954,275,,297.0,281.0,,300.0
8288ab15-f9d3-49fd-a21a-08338a246c01,305,,,,,
ccfe7860-4d97-4230-976e-648aec481205,1488,1484.0,1487.0,,,1507.0
05d73a3d-64ea-4879-8765-511f36e98939,287,308.0,297.0,,,265.0
80d9d313-46bd-4f56-b7ee-3426f832cdcb,1031,1074.0,1035.0,1080.0,1030.0,1053.0
ce347ca1-a64b-4e41-bd1e-37d1c70c5a9e,1034,1041.0,1024.0,1018.0,,
b395355e-11fe-403a-abe7-ace66592b909,1413,,1434.0,,1414.0,1411.0
88f52ba0-456f-4480-a17e-ea5280ae81f7,287,312.0,274.0,297.0,268.0,277.0
fc822398-b650-44ad-bfa5-7616af126ef7,581,614.0,600.0,611.0,,597.0
febf5f02-a70c-4a3d-9900-5270bfa5606a,1431,,,,,
66d39718-c6b0-41f0-833c-86a1128f6675,373,,386.0,,,
127e22ff-f647-426c-82de-430ae971dae3,906,,936.0,895.0,,944.0
36989a45-e628-42b8-a13b-b667e7fb174f,866,,,,,
d61f9ff3-8117-4a42-9ba9-1d75eb3b1aac,1457,,1464.0,,,
e712e34f-9e4c-4e57-a460-1297747514e9,1105,,,,,
f6c7e001-9ba2-4f96-9c1e-418e05bc6078,1096,1085.0,,,,
6da6a229-996b-4268-9967-b8df9fb22e9c,58,37.0,,31.0,,
56d361ee-681a-4f40-aca6-1f4a6bc4b5a8,1503,,,1496.0,1544.0,1522.0
f9fc9c07-1cbb-4d1c-af9c-13e344ba0089,1309,1290.0,,,,1339.0
19cd8a25-ff63-427d-b4a2-4c6d4d74c5e7,829,852.0,850.0,832.0,,808.0
23abc333-19f2-49e7-bfbb-0546de8d13d0,614,,,,,
f1fc4863-2614-4270-b805-22d9002afe25,660,704.0,667.0,661.0,683.0,676.0
76057b57-badb-4749-aaf6-101552802337,204,225.0,,,213.0,
5769205d-4716-41c0-8872-38ca5ac7d5de,1189,,,,,
16128625-e19a-40e1-b3fd-4932ecee48db,578,,583.0,613.0,,
2b902c19-ffc2-42dd-a4a8-bb1edd272651,757,,789.0,,770.0,794.0
29a72d85-24b1-4935-abdc-16aa9ee5b120,310,305.0,321.0,311.0,314.0,329.0
62a7f7e4-5754-449d-a6eb-c4a68ac3a21e,214,,,,,215.0
44754df3-5e4f-4d3b-b63f-5723d1324f60,1301,1315.0,,,,
dd6cbc84-6910-43b8-a1cb-1ab2af48d7d4,1295,1327.0,1305.0,1298.0,1315.0,1303.0
28b016fe-d46c-4186-a9a5-cb4aa2087e98,596,,,,615.0,
b60099c8-1456-48d5-8e6f-c66f4ee11024,1094,,,,,
a35ae558-3cd1-43a5-8ccd-a78a61e7f250,828,848.0,846.0,,,
e0f9c6cb-3595-44d7-97d4-5e0ae795af20,1512,,1514.0,1492.0,1509.0,1531.0
5a8a1038-4d5f-4dab-869a-c716ebc24057,905,892.0,,,891.0,918.0
f91c15de-3abb-4d80-bb29-d33f183268e0,386,427.0,422.0,392.0,388.0,393.0
cafc1bd6-b99e-4b98-94f6-adbe4980df6d,996,1020.0,977.0,,1019.0,993.0
6b762336-8758-4efc-b880-b04b483cad24,241,257.0,276.0,236.0,267.0,270.0
b491a9a2-0895-4481-a4fc-ce0e6888b026,277,281.0,276.0,,312.0,272.0
c446bf9a-773e-46e6-b839-94023124e114,774,,801.0,814.0,791.0,782.0
d5e7904c-5395-4318-a3ae-dafd748b9ec9,253,,,,263.0,
bfd18010-e86a-4332-9612-9db017991535,528,523.0,514.0,515.0,530.0,500.0
72f1cbc2-0587-4970-a43b-ae29488e55bd,1398,1388.0,1430.0,1403.0,,1417.0
aca90838-e44e-47d6-80d7-075912328e4f,1312,1295.0,1329.0,1337.0,1297.0,1333.0
e7b0f26c-41c7-48d9-b265-40f4c8956ec1,702,685.0,709.0,694.0,703.0,
6d8772cf-989c-480d-898e-ab687c098aae,830,842.0,800.0,803.0,827.0,820.0
84ee6a93-a953-4a93-b429-731b771f4285,735,,,,,
3d1e8ecc-6fcc-4449-8b87-fe7c87cdf487,211,201.0,,203.0,234.0,
4530e4a3-3d76-4883-a10f-4e93bc2ddbda,1334,1331.0,1359.0,1372.0,,1366.0
dc7424bc-1acf-4d17-b16b-ede6c57909bf,651,684.0,683.0,,640.0,641.0
cb2a3162-7900-43e5-9e8d-cabba0267751,593,,,,,606.0
07366551-ef19-4e2a-bb3e-1b10754fc6ac,1064,1046.0,1069.0,1053.0,,1066.0
22bc292b-5484-439a-bbae-2e636226aa79,107,107.0,102.0,80.0,,109.0
458f0399-1d6c-4fac-bedc-54b9ec425397,814,,,,,
3dc0f56f-a1ed-4b22-bedc-45cf0bde8c63,1349,1352.0,1356.0,1357.0,1353.0,1353.0
aca2251e-8b9f-4a48-8a53-0f0996a846cf,281,,283.0,,,
4ebc32cb-4c2a-4421-8a80-647ad7f78bbb,943,948.0,953.0,959.0,,953.0
ceaee358-3f99-4cfc-9a1c-2aa7c41e7277,838,,,,,
78a632a7-4fe8-4f02-b2da-32ea7505edc6,1035,1044.0,1034.0,1045.0,1057.0,1058.0
79f7e4e3-0160-4a78-b52e-5223f4c14571,810,795.0,825.0,807.0,798.0,
192b9bbd-d9eb-4417-ae6a-9fec3d1eb066,319,322.0,333.0,297.0,343.0,330.0
bdf37696-5df7-4726-a5d3-a7375a7744e7,568,573.0,608.0,577.0,,602.0
0a6c8860-fd05-444e-b7f1-455ff0879384,1070,1099.0,1078.0,1119.0,1109.0,1099.0
ac01614a-a0ac-4e35-8af3-704bd7d8aea3,419,,428.0,429.0,431.0,412.0
8af7b189-377a-4370-81ee-56a0fd319a16,1008,,,,,
6abe681b-9dc3-421b-a9fd-747ecd2c5ae2,1444,1451.0,1488.0,1489.0,,
1b471313-49af-47ed-bf3e-b7e869913040,242,242.0,231.0,259.0,273.0,236.0
dcaaf7ec-baad-4e8b-be3a-e51704fdeeb9,243,,,277.0,,278.0
e969115f-b96f-4650-84f8-2e0ad29d96b5,187,227.0,193.0,227.0,224.0,190.0
72f18b8c-c82d-48ab-9ec7-d9b28a8ffc87,462,454.0,463.0,462.0,448.0,447.0
763524f8-13db-482b-87ee-51c003afbbd6,1383,,1392.0,1387.0,,
e68a96b7-bb6b-46ff-8cd6-27e9cecbc29b,1383,1395.0,1407.0,,1382.0,
b1f5054e-9f80-416c-8561-fe26b19585c5,598,,,,623.0,
23271365-903a-43be-b9f5-aa8d709b3706,464,,505.0,,481.0,
233c2afc-4493-4664-b72f-707a57d5e1b2,637,630.0,619.0,637.0,,
40f4be84-ac2a-4500-a9db-24124ce641e1,1481,1474.0,1513.0,1475.0,1493.0,1507.0
178b60b7-a41d-4e27-bfc4-9550fd5f9ea1,1231,1256.0,1267.0,1275.0,1269.0,1235.0
71799ddd-8573-477f-9ed5-1be3e464c476,830,835.0,,,862.0,
e8bde71a-2276-4cdd-8e87-c23a78a520a3,232,255.0,,213.0,225.0,219.0
3cf85206-fe5f-47ce-b1fd-c0bc0bf2eaa3,1414,,,,,
a8d6e6a9-5410-49af-b8da-e568e41fb3b2,687,707.0,,721.0,680.0,
88788984-f87b-49f1-ae03-517580bd10ad,250,,,275.0,298.0,281.0
1d4bc5cb-bdf9-4f36-bede-c0f0c3fe19f3,760,799.0,757.0,766.0,754.0,792.0
4776dc1c-df74-4b0a-abdb-697d1dc6705d,1504,1514.0,1545.0,1510.0,1510.0,1516.0
38bfcf5e-3740-4b86-beb4-9e3cb341c3ca,94,,,97.0,,
86ebb55f-c865-42b5-a030-3f658a131180,1249,,1265.0,1253.0,,1288.0
8548f42b-d14a-4b9b-b8d3-23481b1c00f7,1211,1193.0,,1214.0,1190.0,1231.0
41541f53-059c-4fac-8e66-3bd7523beb71,77,,79.0,61.0,64.0,
5cca7f6f-0e50-4d87-b252-80fc10354f9a,811,,,,,
5306e4ef-69d0-47e5-a2e2-6dddab400a49,1387,1413.0,1427.0,1414.0,1415.0,1396.0
66ffbe06-852a-42d5-9397-c4903b1ab60d,123,,,,,
620d170f-da18-40f3-bc4a-9715a85211b5,1004,,,,,
68af23ad-708a-4bcc-a973-5a28ae7fb859,427,,,,,463.0
9c20ce41-9601-4a9a-8b97-e0a979f22c8e,1395,1379.0,1365.0,1401.0,1376.0,1407.0
11f9ccda-593d-4335-ba59-38b9da35782a,1037,,,,,
9fc8e1e2-3876-429d-b512-97fdf584a37e,771,767.0,,782.0,773.0,787.0
6d125b87-bedd-490b-894f-f465070c0ea8,593,,,,,
39b00caa-5cd0-4bea-a622-f0eb4f0a0211,190,,206.0,,,182.0
8ff48344-aba2-4fba-99bb-e05d276b0ef3,609,622.0,639.0,,609.0,619.0
f0d1ad71-80c6-444c-a6a2-6b0345e43315,280,299.0,278.0,267.0,,292.0
c8cf2e5b-d2ca-4b96-83fd-34087b0e33dd,1143,,1125.0,,,
0206bfb1-9f18-4a02-af81-2a5c37a90f0c,1283,1283.0,1288.0,1272.0,1294.0,1314.0
8fc0f121-3350-450b-acf5-7144fe339ec7,247,263.0,275.0,251.0,,262.0
5e770791-dd07-4448-a7e2-4171737f8240,21,62.0,,,18.0,48.0
1d25dc8b-1819-4f92-8e0f-d8014c41e02d,1235,,,,1252.0,1215.0
9db14416-477a-4b65-af32-b79e0626c3b5,1509,,1521.0,1510.0,,
33ecf6e5-5be7-4b53-9dab-653e34472cec,582,621.0,,,624.0,
f6037e41-6dc5-4a14-9e5e-2df51720aa45,982,,980.0,988.0,1007.0,
41355bdc-0a0c-49c0-9c74-2d5e0e243384,495,523.0,521.0,494.0,,522.0
b824d16d-604c-4b9b-b393-bfbf7bf2f123,265,305.0,,277.0,280.0,300.0
a0e8816d-de2f-42d4-b6ec-4db4d695f6c9,394,,,,393.0,
99d9479f-702c-4d90-bd5d-ac1b2eafa9f6,420,,,,,459.0
b6349f89-ecd6-4e68-8085-5ba9cfab6bf2,89,105.0,76.0,65.0,100.0,
c0ec271a-c498-4cec-abe2-8bb62515928c,1420,,,,,
59f3c925-3952-4d22-935f-e606c5157044,785,,816.0,,785.0,
3853a236-20a5-4009-a1d5-e02d3abb2d10,799,,,,818.0,815.0
cf9e6842-1c3e-479e-bbe6-d3fdf309e4c4,161,,,189.0,204.0,
d5074d85-2752-457b-a584-ac26428e224c,56,81.0,76.0,,82.0,
c0115ccd-3ef1-49b7-a8a8-66b033d3a754,1320,1341.0,1352.0,1340.0,1329.0,1353.0
e0a9389d-047f-423f-8cc4-e3c710431752,593,598.0,635.0,608.0,621.0,630.0
c3b9e4e7-48f5-4a49-9cf4-6661d23844c9,1133,1159.0,1145.0,1115.0,1126.0,1140.0
e5f48c89-fcfd-4e8c-8f58-5183a9c68c77,602,604.0,624.0,615.0,596.0,637.0
0bce25b8-83d3-4e97-baa1-150cb1f9c472,1065,1068.0,,1088.0,1058.0,1089.0
4d7803ea-f9ea-4eef-9b20-03318b93ec43,868,875.0,871.0,895.0,895.0,879.0
b7f3d05d-c242-4c04-889f-0055effe9180,1433,1449.0,1425.0,,,1425.0
ca9de620-c137-41e6-b6a2-143de1d99989,1282,,,1261.0,,
ae2570ef-a566-43a0-b198-b5d042da7331,569,,,,583.0,
d7651084-56fb-409e-be62-d91ab4926321,1264,1284.0,1297.0,1266.0,1285.0,1263.0
89903f64-bbb9-4ac1-aa26-e6391f529dd9,1305,,1319.0,,1333.0,
e14a8a2a-fa47-4d4b-96a5-55e355757686,923,,952.0,942.0,,933.0
fdf82a92-a343-4a26-bb55-032e21bd89e4,369,393.0,,,,401.0
76c00e3b-21af-4b87-a2ce-82abd282533c,981,1000.0,,,,
35efec36-a87f-4db9-adc9-328d12724246,1102,,,,1146.0,1137.0
53f201aa-9072-4e7a-9466-7f419df7bc54,1284,,1273.0,,,1273.0
e6edb785-0c8b-4c2d-9c2f-3a88128c0a3b,1241,1249.0,1274.0,1285.0,1275.0,1253.0
1bc261f3-07a7-4b76-93ed-38dfc187e48f,314,337.0,325.0,304.0,,309.0
1e90b0ae-f649-4702-9d63-a53100cecef6,1353,,1392.0,,1362.0,1353.0
fd750b08-6331-4817-a8ac-170e8d533b52,64,104.0,80.0,93.0,100.0,106.0
dc608372-0339-4252-9281-4690f8c23376,1073,,,,,
0a0830e7-a21a-4fae-855a-41c977efff3b,77,108.0,106.0,,,
22dcf380-8750-4309-9655-4297a7afd39c,304,,,,,303.0
7ff42bbc-6e39-4427-8fa5-2682d871456f,598,588.0,,,601.0,
7ecb7a26-71f7-485e-aafa-606215c96674,858,,,,,
cb74f75d-cdad-4ed1-a2c8-6111a415353f,267,,,,,
ce143120-2286-41e9-9763-901d6ce73ba3,848,,856.0,,,
0bc896ff-467c-458d-8eb3-d4d6aba14d43,77,,,,,
06c2a967-527f-4f44-b4bf-256955d68261,842,862.0,881.0,,873.0,
87740382-2194-4283-a261-dba129af2c62,1247,,1264.0,1283.0,1247.0,
117dae5b-196f-448e-a7d6-eed6d1a3b8c4,83,,112.0,,,
6f3c015a-c4b8-48e8-b851-2b9e12b64969,1489,1486.0,,1473.0,1480.0,
656a4344-0cb1-4c44-9560-3cb470176e26,122,107.0,96.0,,120.0,103.0
fb100696-4308-4c2b-9820-17e104097195,1172,1179.0,1182.0,1168.0,1177.0,1192.0
0f984fa5-073d-46df-ba3b-f9282dac9161,513,,,,526.0,
7af34933-4884-4179-b008-9a60ed77641a,746,768.0,745.0,758.0,730.0,733.0
b52a0f3b-3d1c-4a18-880a-8da75e4ec577,101,,,,,104.0
78dcba63-2689-45e1-afb1-a02bfab4c7c2,817,,853.0,836.0,,
def1d09c-2623-4a63-a904-42800728f7a5,854,838.0,865.0,831.0,,865.0
d78fd14d-6a0a-469c-a2c7-b67c78617965,1477,,1480.0,1495.0,,1483.0
9b9750bd-f84d-48be-a297-766457808109,1201,1225.0,1194.0,,,
967abaff-a4bc-4022-8485-2fffb03119a2,357,361.0,343.0,371.0,335.0,366.0
ec333016-0df4-4b40-bb44-be5a492896e1,622,619.0,609.0,621.0,,618.0
c1f4db9b-d8b6-4cbe-ac35-bdc34baf79fb,25,,,,37.0,
f1329ac6-794e-4a7a-918e-3afc8e9e37fe,823,,,,,
3ccadaed-886f-4fe0-ac57-fe40bac4b1b1,239,,,,,
bc2736b0-1f07-428f-ae81-68b5564c797a,483,484.0,501.0,490.0,484.0,
c5d9b6e9-3837-46c3-bcb0-4b603bcdcf7c,125,158.0,,172.0,148.0,125.0
c789b112-f81e-4220-ac26-def2800fbe1c,1063,1050.0,,1069.0,,1069.0
cb98d7f0-440c-40d0-8579-d633e9a7f9dc,752,743.0,767.0,,,759.0
22176e86-3717-46c7-b904-c844e3cbff29,352,,,,,
2477bde9-407c-447c-9331-0ab1f8154038,1070,,,,,
184938fc-196b-45b8-a583-72ea9c0a04b5,1041,,,,1016.0,1054.0
e345c7ea-7184-4b0f-a9a5-a67642767fcd,960,960.0,980.0,990.0,990.0,
3922bc9f-3823-4ac9-b549-f734b6de2312,186,,188.0,,184.0,
8fded412-9c17-4f4f-b8d5-6cb89e39b507,616,,,,,
894f85c6-6ef2-47f9-831d-85b59ca565b7,666,654.0,,,681.0,684.0
56e8f65d-ab9e-43af-ae91-828220e32227,83,73.0,76.0,77.0,,69.0
4cfe0230-c606-4b24-b801-b6913b8163e6,445,447.0,,,,
bb583372-9fca-4920-96ea-d45ba447d6ab,1188,,,1199.0,,1204.0
a59e01db-aa99-4b5c-9a1b-7929b718c4c1,354,370.0,,,378.0,349.0
e82a3096-7e2d-41d9-8edc-4be5a9ab92d2,479,,,,,
b53cf6ed-c1b4-4bff-8fa8-d3d748f5c78d,334,340.0,343.0,321.0,350.0,359.0
62a7ff98-1c91-4b77-861b-b71ecba0e9cc,1100,1096.0,1134.0,,1135.0,1115.0
a78473d2-aa07-4c8a-b7b5-73813e419b94,909,913.0,895.0,910.0,913.0,919.0
b52769e4-7316-420c-b682-0dcd22336c5d,950,977.0,967.0,932.0,945.0,975.0
55ba613a-bd19-4656-aa26-41125f4e89a1,291,,296.0,,,315.0
5189182d-2693-4e4a-8fd7-4ed58f002385,543,525.0,557.0,550.0,553.0,530.0
7cee2620-006c-43b9-a1da-254061747438,1197,,,,,
3df60813-6175-4189-a24d-84a33b94b3f5,760,764.0,792.0,786.0,780.0,750.0
3d04bdc6-10d3-4fee-83a0-e563745398ab,958,,,,992.0,
b882de01-2263-43d6-b3da-6cf3d2760b56,201,235.0,,,,
ff7032b7-74f3-4725-96e5-93a2577d0541,455,447.0,442.0,474.0,441.0,460.0
a61a6458-fb1b-4cdb-8e97-3bcfbff07f27,668,,,,,
2ba2c9fd-0e63-4e9b-b9d8-ca34514ed337,1407,1430.0,1404.0,1409.0,1381.0,1389.0
1f0fdbb1-f359-4865-8ea9-e917c78e011e,1126,1136.0,1140.0,1128.0,1147.0,1134.0
745c6e74-370a-479e-9aa1-384bdd8a2743,161,170.0,174.0,161.0,164.0,
e0cf4b4d-c070-4a09-93c6-6064c4bd50a9,850,,828.0,,,
70787f77-0ea3-4ed4-88a9-5f395cdf2641,191,186.0,,,,
749ef780-dabf-4834-b128-abbe1e7279cf,485,,489.0,,,472.0
dad903e3-9d8c-4353-9e28-c7161bcb000e,737,746.0,,775.0,,762.0
8cf7bfef-f682-49f6-8658-c31f640f4fc9,1143,,,,1146.0,1127.0
af796f27-6fca-4d0f-80d3-b0d09a2652f3,1145,1151.0,1162.0,1147.0,,1178.0
4adc3492-8250-4bf2-ae93-4692fc914bab,1430,1442.0,1438.0,1415.0,1416.0,1452.0
f87f55c4-28ab-4ecc-968d-6bcde0549c90,155,,167.0,,195.0,175.0
76333be5-c7a6-4072-afa0-9f1d4aa02622,740,,,,,
5d9612c2-f46f-4adb-bfdf-84a0e8cbcc49,97,122.0,95.0,,,137.0
061c25e1-ce0b-46c5-927e-e37d3aa62871,796,,780.0,,,
72babbea-b841-440b-8528-7fa4c64c29da,179,196.0,200.0,174.0,204.0,
84b3ce27-3550-49b8-b94a-92b5073b351a,503,,,,,526.0
f623c7a3-4352-40a1-9b8e-020aa8209876,644,,673.0,651.0,672.0,
847f7261-9b89-4e52-af42-3c22d7474740,219,,225.0,237.0,248.0,210.0
9d5cc268-5257-4d09-a709-2ffaae0a1171,1091,1113.0,,1108.0,1082.0,1083.0
3ec588fa-c92c-4980-aa1a-876debe0ec9b,1160,1167.0,,1175.0,,1143.0
1d6c8036-371a-47d7-a84c-34410fb42f3a,729,,,,,
01baf448-65a6-4cb5-a82c-6861b3a6a9e1,632,632.0,643.0,615.0,631.0,621.0
df92bc17-8279-450d-b675-78585c20d25a,740,,730.0,,,
5edd54a9-a4ac-4a66-bdab-ffe58eaa4e99,137,120.0,136.0,,156.0,140.0
62afd767-b82d-420f-88ab-1df38aaaf2f8,1145,1151.0,1153.0,1137.0,1154.0,
9019be3a-f8e1-4ae4-975c-893d1b4aa600,836,845.0,,844.0,,
91cb9197-172b-435f-9ea3-32e593bff661,308,281.0,291.0,305.0,289.0,328.0
80ddeb7f-7869-48a3-bb29-eaf894ddee43,709,,,,711.0,724.0
49d76421-709c-4881-93b8-0aeb591b0237,907,,908.0,,,911.0
d748ae18-bcb3-4329-8713-00260cce4bf4,1369,,,,,
e8e35bb1-7be7-47cf-8e6b-64c8b995d118,616,617.0,633.0,651.0,627.0,657.0
b4f16e97-3904-4e13-9bdf-a3df8ec9eadc,1292,1312.0,,,,
aee1bebc-ea20-4ded-b19e-f73ea1d237e5,7,15.0,38.0,30.0,41.0,8.0
029d280a-6cd5-44bd-b85e-7ff00ade50f4,1112,1141.0,,,1111.0,1105.0
a04433c1-936b-4aa3-8d0d-9cfa726bfea4,1216,1232.0,1228.0,1250.0,1232.0,1219.0
fe369f1f-4c48-4e43-83a5-75b651de4f18,875,914.0,,894.0,918.0,910.0
d371ce25-3912-43dd-8ab1-c628d647c434,940,,961.0,,,976.0
49ca8ea5-3d3b-4aad-b161-316e483b336c,293,315.0,284.0,,297.0,271.0
a4c4de59-6e57-4cef-b008-bf569412d84c,182,203.0,179.0,202.0,184.0,210.0
614272f4-3705-4a3f-b479-d3d883c9dc85,477,,,,,505.0
45182e4c-3a55-4dd9-b85a-78e8511334f0,189,195.0,,,,161.0
d6e07e73-00cb-44c5-bec8-e20283f72376,69,97.0,86.0,66.0,99.0,
273e1620-812e-4758-9e1c-974651213c48,826,854.0,866.0,,846.0,855.0
aba2ae49-b303-4c3a-8b4e-54f0c3ae1519,368,,381.0,406.0,,
987c5d27-b372-4b78-b067-47f16054b013,1473,1469.0,,,1492.0,
e897dede-0763-4710-bea4-f54e81c8fdc1,535,551.0,542.0,560.0,527.0,538.0
ba53d2b1-05d0-40bd-9fa5-40b1450d514c,667,,666.0,,696.0,
b6e90d6e-50e0-4fc7-a496-7a7cadfbe8a3,442,,473.0,460.0,458.0,
1b0bd83d-f96b-470f-ab06-a90dd1a42f6b,11,,,,7.0,
c2fd0e5f-1946-4f10-970f-a07d2894772d,1057,1078.0,1065.0,1057.0,1075.0,1075.0
35585a9b-0540-4d11-ba90-a394a0ee5a7c,1290,,,,,1299.0
75197acb-ffee-4b36-8c63-2e17516ea2d3,1094,,,1076.0,1083.0,1110.0
e40834b5-fbb4-4334-b4d7-9c0df49f73f4,849,,,849.0,870.0,846.0
7da1a6aa-4c76-4ad6-a2fa-60f85be1296a,392,,,,,
e00fbb29-6604-42a2-8340-716dbd110930,929,,968.0,951.0,975.0,931.0
dd7df401-541a-42e5-b8c6-df5e0f89ceaa,449,471.0,,,,
4dd3c70d-aa17-41ac-a4a0-5c20c81f2760,1500,1519.0,,1522.0,,
36953caa-7df4-4a56-a049-7d01029edba1,328,315.0,323.0,318.0,339.0,
9eef5d2e-5356-4444-8f5e-ae34716e460e,1144,1148.0,1148.0,1145.0,1146.0,1133.0
21babe24-f9b8-46af-8759-e90dd828f39d,791,,,,779.0,
8a28ff6c-527b-47cf-8e4a-81ade00e63a8,349,340.0,351.0,,,
953040d8-5122-48ae-96ea-7c4e0b791993,1111,,,1110.0,,
6b90c5eb-8294-4390-85ad-270a37a09331,111,,133.0,112.0,,
900c987a-8358-4f6f-afb9-b2861222f1de,463,475.0,483.0,471.0,473.0,466.0
33001cf9-bcbb-417c-996e-871eb7cb5cd8,277,275.0,,,,283.0
16c8c386-2f4f-44b9-b831-febdfc116340,256,,288.0,,263.0,
dcc77c4c-8553-430b-b733-c433ef95f7f9,1204,,,,,
b25d3bf0-d15a-49d5-bd2b-8ae522c956e8,1381,,1410.0,,1416.0,1417.0
f9d7e455-ed44-45e8-97d2-a0bb90320272,747,752.0,,,,
1a39b39a-e8c3-43b6-a7e9-8d543bb1d227,159,161.0,,,,
3eae37dd-8639-4749-a3d6-424329dc390b,709,714.0,728.0,,730.0,
61cd3e1f-c909-480a-abd8-fac03357c1b0,1446,,,,,
b1257865-5043-4d34-8382-5bef38a00d0d,1509,1508.0,1503.0,1505.0,1491.0,1526.0
d112a795-426a-4f76-91f3-e5e8599ecb19,1269,1264.0,,1264.0,1251.0,1293.0
a22da517-6323-4a03-8e4c-7ad660091458,828,845.0,,825.0,,853.0
f4445c52-5b90-4d7b-b75d-2ca0a50bb309,757,,769.0,753.0,782.0,752.0
8b02865d-b51b-41f3-b32b-fcd6c235c237,456,,,,,
0d18868f-4fe1-431c-8624-27c7315796db,155,,,146.0,158.0,149.0
ad9ae1e5-b8e4-498c-8f56-dd66479c37be,943,,915.0,956.0,,960.0
4faa4341-991f-491f-867f-377e1d78e516,1341,1388.0,1347.0,1376.0,,
14a95ba3-1c0f-4c1b-9974-ed94462ac126,15,54.0,,,,
