playerId,itemId,slot
2adc994e-6f0b-418a-a5a6-be2c2ab9e2b3,45182e4c-3a55-4dd9-b85a-78e8511334f0,9
6080dc0b-bf6b-4115-abf1-fba296ca8977,981a6272-328c-41e8-96d7-e69113ace32e,6
7c23649b-c728-4db2-9d1c-22afea59396d,a21ef378-adb7-4fb9-88b7-8161c2cd1958,6
8c366881-1685-4a52-a235-98fdce9e5165,66c3b531-f79c-497c-86af-9c2003f019a4,4
8c366881-1685-4a52-a235-98fdce9e5165,7f936363-a5c3-4f30-8880-f5cb28609b9b,1
8c366881-1685-4a52-a235-98fdce9e5165,b5418bc2-3926-4b31-8d0c-8daf1f505ba1,8
8c366881-1685-4a52-a235-98fdce9e5165,d9c74ddd-6182-44ff-8a14-9f9395f85270,10
f22b303e-3580-4c00-b580-eb7dccd8f203,2b6adfc7-20fc-470b-b8eb-dec43c487a29,1
f22b303e-3580-4c00-b580-eb7dccd8f203,6df34a13-834a-4498-b83d-b11178172cb2,9
f22b303e-3580-4c00-b580-eb7dccd8f203,33010873-1a66-49fe-a1ca-6ac9b00ae60b,4
da5630e3-81a6-4d57-9caf-ed111834a43f,874681cc-db3e-4280-b564-b704d7b3ec68,6
da5630e3-81a6-4d57-9caf-ed111834a43f,e9d05270-a442-45da-bc82-90a222548753,1
da5630e3-81a6-4d57-9caf-ed111834a43f,baad65c7-31f6-4e46-b7dd-034b08c1289e,4
7c23649b-c728-4db2-9d1c-22afea59396d,7989f8ae-d79f-4c8b-9a02-a44e9d66fcf6,2
9ce750b1-d7fa-467a-ba27-9352547b84bd,7b1bcf99-14e7-48c4-a407-8a6f78bfe309,5
9ce750b1-d7fa-467a-ba27-9352547b84bd,68af23ad-708a-4bcc-a973-5a28ae7fb859,2
9ce750b1-d7fa-467a-ba27-9352547b84bd,6ccad874-2fcc-41e7-ad65-7e7037ff2e15,1
9ce750b1-d7fa-467a-ba27-9352547b84bd,4d1c4cee-0c43-4dd7-9811-f8a1bfd5a96d,6
9ce750b1-d7fa-467a-ba27-9352547b84bd,8548f42b-d14a-4b9b-b8d3-23481b1c00f7,9
8a5545f5-b79b-467f-a91f-ca749d94b2b0,f710c515-1f93-4ae6-92c4-726572b3bd29,2
8a5545f5-b79b-467f-a91f-ca749d94b2b0,c35db945-ddb4-4f9f-aa17-0ecb0518c824,5
8a5545f5-b79b-467f-a91f-ca749d94b2b0,aea0c8c0-0f8a-40af-97f4-7c4bcc620e01,7
25c764c3-ba6b-445d-91a4-27c9021aae26,169fa90f-f4fd-4d83-9dd9-ecf2390b567c,2
25c764c3-ba6b-445d-91a4-27c9021aae26,1f028d92-107e-4514-aa73-94760b6a0452,7
7c23649b-c728-4db2-9d1c-22afea59396d,6d00e8a6-8080-4e47-b14f-7558bec6b518,10
25c764c3-ba6b-445d-91a4-27c9021aae26,c50f2a70-6a8e-4e5d-a9d7-7cb8dc38ee63,9
bc4e967a-806a-49ff-8abe-809e99ddb22f,a71e6c8b-f301-430e-abff-4ae6baceb086,9
bc4e967a-806a-49ff-8abe-809e99ddb22f,52b299ca-910e-4a1d-a2cb-20e7d07e50e2,4
bc4e967a-806a-49ff-8abe-809e99ddb22f,fedcf685-54b2-42f6-bf9b-8381a4baca01,6
0e55a1ef-3241-49cf-a029-dd86bc2b7db5,b7acf8df-c6c2-4317-b452-988956b8d2b6,4
0e55a1ef-3241-49cf-a029-dd86bc2b7db5,704de300-4995-43d5-ba4b-f9674f155437,6
0e55a1ef-3241-49cf-a029-dd86bc2b7db5,e9d78de3-23cf-4b5d-8c7f-0989b0c41b6c,5
0e55a1ef-3241-49cf-a029-dd86bc2b7db5,eefd5f89-c446-491d-9b32-3936e899f0cb,8
0e55a1ef-3241-49cf-a029-dd86bc2b7db5,b68bad0f-7f4f-4ccd-b605-ba74d1aa0703,7
4928b1f6-04f0-4e2f-a639-e24746dda84c,60e9d58b-ed3a-456a-8d6f-3f751d5ecdf0,7
7c23649b-c728-4db2-9d1c-22afea59396d,f13e8df7-5cce-4d47-91f0-f94e4357753c,1
4928b1f6-04f0-4e2f-a639-e24746dda84c,03e6a8fa-c04a-4f36-bd0a-03926a6ade10,8
e5dd7452-0a34-4982-99e7-d26964f3e0ea,67ad6a16-5f9d-41e8-b6aa-c7f795464e00,10
e5dd7452-0a34-4982-99e7-d26964f3e0ea,f439cd05-69ea-4678-8ab5-a12e757d5cb9,1
e5dd7452-0a34-4982-99e7-d26964f3e0ea,3b27cd86-3130-4536-b4f5-751d6d2c3e1e,2
bf1ced51-a6e6-41c5-bf3e-2f8afef63d5b,2d1c436e-59f5-4794-bc5b-ef053847cbca,3
bf1ced51-a6e6-41c5-bf3e-2f8afef63d5b,0943214a-7e2e-4b9e-8fd3-2622e10a7188,7
bf1ced51-a6e6-41c5-bf3e-2f8afef63d5b,7b1b09a9-e0bf-492a-a4ac-a908eec3f149,5
bf1ced51-a6e6-41c5-bf3e-2f8afef63d5b,9512cf0f-1399-4114-a0aa-77983f9347ce,2
bf1ced51-a6e6-41c5-bf3e-2f8afef63d5b,2e523859-ffa8-45d4-8d68-627cc4a91d7c,10
eb25745c-8118-4cd0-8d80-83bb98695471,f9c3a04c-0ded-4364-9027-f5f7ccd5cfdd,6
18dc8e39-c3a2-45fa-b737-a10239531f0f,6d40b43b-3fa1-4a0d-aa2a-6a6ea2ca2c41,4
eb25745c-8118-4cd0-8d80-83bb98695471,5e250912-2682-4c24-b889-7949ecbbc726,2
eb25745c-8118-4cd0-8d80-83bb98695471,76fa90dc-e507-4542-8427-c4e4a607c4a4,7
eb25745c-8118-4cd0-8d80-83bb98695471,e7c2eddc-458e-49b8-8982-4c679a1cf08e,3
2e848245-eadf-49ce-b19f-c3b0e8d170a8,3b0af87c-9973-4d0d-be89-6b16560e2859,10
2e848245-eadf-49ce-b19f-c3b0e8d170a8,db4f36ae-322c-4b56-9a2b-112d67a6214d,2
2e848245-eadf-49ce-b19f-c3b0e8d170a8,529a5dec-755e-4620-947e-0b884d7cba82,1
03066876-6c1c-4596-86ac-db7c717d4dc7,d1e65ef4-080c-4226-a65c-7c7110db7a62,4
8ae5de19-c5ee-4008-a32a-78eb98e6e45d,bf2b2944-62e3-4a58-a11b-f6ec1dd93a47,8
8ae5de19-c5ee-4008-a32a-78eb98e6e45d,a72060de-20d9-4249-8ff5-0a34c70d57bd,4
8ae5de19-c5ee-4008-a32a-78eb98e6e45d,3a2e6309-4e8d-415f-aa7e-16d2b6f77c56,3
18dc8e39-c3a2-45fa-b737-a10239531f0f,db756e56-2a9a-4262-bbbc-fb1df900d475,2
4670ac9b-59a4-4480-ba63-f9c47fe2e183,825ecf81-83c8-41b8-89fc-a92dff5b117d,1
4670ac9b-59a4-4480-ba63-f9c47fe2e183,c8e022a2-e9cd-4950-aebc-4e2aabfda1a3,6
4670ac9b-59a4-4480-ba63-f9c47fe2e183,cb5674f5-4605-444b-995a-5b63ac32f3ec,8
d15269f8-eba1-40f6-90d5-eb4061a8125b,2fd81101-c821-4846-ab77-a6b6ea7c4cda,10
d15269f8-eba1-40f6-90d5-eb4061a8125b,fc247b11-10e4-4376-8eca-4b0ba413f65b,5
d15269f8-eba1-40f6-90d5-eb4061a8125b,770a1222-798b-40b3-977b-e9e2d907c30f,7
a7fc110c-173c-45c5-ad3f-a8dbe769504a,f32825a6-d920-4552-a299-b95ae257484e,8
a7fc110c-173c-45c5-ad3f-a8dbe769504a,124de827-9bc4-4d57-8404-b3bf419c1806,6
a7fc110c-173c-45c5-ad3f-a8dbe769504a,6cffb02d-0c58-4bf4-8d18-b55a9b8b4f7c,5
92c2966a-97e8-469f-938f-724eab9f9e6b,4bafafa2-4805-49fa-8b2a-e5a21089b596,8
18dc8e39-c3a2-45fa-b737-a10239531f0f,1eb7edcc-fd32-40a4-9c52-cc608ade87db,8
92c2966a-97e8-469f-938f-724eab9f9e6b,c6a24f5d-a8f2-4a2b-a416-8dd22f779913,7
92c2966a-97e8-469f-938f-724eab9f9e6b,b52a0f3b-3d1c-4a18-880a-8da75e4ec577,6
92c2966a-97e8-469f-938f-724eab9f9e6b,e2919adc-3500-4588-a1e8-c624fafba845,10
92c2966a-97e8-469f-938f-724eab9f9e6b,127e22ff-f647-426c-82de-430ae971dae3,9
92c2966a-97e8-469f-938f-724eab9f9e6b,b13eba39-1daf-4fff-8f62-47446e5ef65e,5
f6a1f786-4c22-4239-8911-85c7e286932a,4b41548e-c46c-480a-ae34-e13f554e1a19,8
f6a1f786-4c22-4239-8911-85c7e286932a,9cf30d8a-a6c0-4f74-9447-04ec86187ec0,1
f6a1f786-4c22-4239-8911-85c7e286932a,b5daca59-5962-4d56-af9b-d911f17057b7,2
f6a1f786-4c22-4239-8911-85c7e286932a,a85aa546-674f-43d9-a0e2-e2d2086ea7d2,3
f6a1f786-4c22-4239-8911-85c7e286932a,c2e68f93-7a79-4d1d-ac19-50f86c459d1a,4
18dc8e39-c3a2-45fa-b737-a10239531f0f,89d7d8ac-3cf4-4e9a-b0d7-8e6f190db3cd,5
26ad78bd-87ce-4afb-b1fa-fabcaa949b73,dbe0618e-3534-4065-9d7c-fad8be3b0e8d,2
26ad78bd-87ce-4afb-b1fa-fabcaa949b73,3ebc44af-a62f-4548-a79b-85234b794f55,4
26ad78bd-87ce-4afb-b1fa-fabcaa949b73,5e250912-2682-4c24-b889-7949ecbbc726,7
26ad78bd-87ce-4afb-b1fa-fabcaa949b73,9ce91019-62f5-4204-835c-b2d8930430df,9
1a201eba-5a6a-4962-9e2b-32c4768497b8,df4bb08c-e9ae-4341-8d9b-38ae667f9dec,10
1a201eba-5a6a-4962-9e2b-32c4768497b8,6136c3e8-e906-43f5-863f-2198c935bb60,1
1a201eba-5a6a-4962-9e2b-32c4768497b8,faba71a5-815b-45b5-9ed6-191198b1b803,3
1a201eba-5a6a-4962-9e2b-32c4768497b8,62b56c89-efc5-4c6f-a447-b3e2b20fbed5,6
6efb0f09-0a65-4fbc-85a3-fc80056c2130,00ecbdfe-d218-4d7e-bf64-33ce17391a2c,6
6efb0f09-0a65-4fbc-85a3-fc80056c2130,cba469b1-d863-4354-8ee3-7f257e61eac0,7
11f4fc92-3dd6-43fe-a53d-552e4da86cd9,203d889f-7987-41b0-a39c-7f331c57e45e,6
6efb0f09-0a65-4fbc-85a3-fc80056c2130,b1f5054e-9f80-416c-8561-fe26b19585c5,9
6efb0f09-0a65-4fbc-85a3-fc80056c2130,06568d6c-4984-405d-a648-8aa5090af33e,5
1145089f-2a05-41ee-8b1e-b044f1c66f61,b7acf8df-c6c2-4317-b452-988956b8d2b6,1
1145089f-2a05-41ee-8b1e-b044f1c66f61,06c2a967-527f-4f44-b4bf-256955d68261,7
83bf9b9c-93d2-459b-98a2-e23641b7bb04,6b18c13b-e063-4385-951a-eef84bc14220,8
83bf9b9c-93d2-459b-98a2-e23641b7bb04,746cacf9-6138-4f66-a610-7822f5bf0254,3
83bf9b9c-93d2-459b-98a2-e23641b7bb04,546ccd42-31d2-4967-8bb6-e8814e75e357,2
83bf9b9c-93d2-459b-98a2-e23641b7bb04,bc109574-8ecd-4d9e-9e1a-4833d649f6b9,7
e0b7eb85-d80f-4a1d-9ca2-f0b0ee0e3cc8,76333be5-c7a6-4072-afa0-9f1d4aa02622,9
e0b7eb85-d80f-4a1d-9ca2-f0b0ee0e3cc8,5250899f-f2fd-456a-94bc-7ae62af9d3e4,1
11f4fc92-3dd6-43fe-a53d-552e4da86cd9,fb8db70a-798b-4af7-9332-871aee8cc43e,2
e0b7eb85-d80f-4a1d-9ca2-f0b0ee0e3cc8,fedcf685-54b2-42f6-bf9b-8381a4baca01,3
e0b7eb85-d80f-4a1d-9ca2-f0b0ee0e3cc8,3515ab9a-2eb5-4ae7-892f-62bbf0e3c649,10
e0b7eb85-d80f-4a1d-9ca2-f0b0ee0e3cc8,2b8efbfd-397c-44df-a96a-3ad60aba6929,2
34fe2f13-82f5-4c1d-b718-da7e00232e09,c9a7a251-5127-4291-a0bd-d0804c7fd541,4
34fe2f13-82f5-4c1d-b718-da7e00232e09,38bfcf5e-3740-4b86-beb4-9e3cb341c3ca,6
175ac7d8-3089-42ae-9500-582f87033113,7c9d28e0-efe3-41f6-925a-823ade8c2ede,10
175ac7d8-3089-42ae-9500-582f87033113,f3e8bd28-0516-420a-84e3-9d85f6693aa0,7
175ac7d8-3089-42ae-9500-582f87033113,a9452b16-5ab6-4a95-b3e7-504bd2870140,6
53babe74-c800-42c8-a50c-3f47852f18af,48390998-a0ea-4d6f-bdc6-54e4a9c2bfbe,1
53babe74-c800-42c8-a50c-3f47852f18af,5131076f-b64b-47ed-b9f1-3e6f347f4f53,9
6080dc0b-bf6b-4115-abf1-fba296ca8977,b0a5d0d6-ea48-4aab-8b13-c10057d55623,9
11f4fc92-3dd6-43fe-a53d-552e4da86cd9,cf193751-982e-4569-9aaa-79ad2d0a32f7,9
53babe74-c800-42c8-a50c-3f47852f18af,224e951e-a2a3-4695-831f-f663011ea4f6,3
a8a47c05-d403-4410-b5d4-d0e597956db3,34f6f283-9295-4e28-b3a2-f1da123ad2bd,2
a8a47c05-d403-4410-b5d4-d0e597956db3,cc320736-001b-4d42-b5c9-9779f104f531,5
ed75260d-97c4-49a9-acf5-f8cc5dc791e4,4ef1c956-d2bc-49d5-b1fc-45e44b729028,4
ed75260d-97c4-49a9-acf5-f8cc5dc791e4,e9d86709-de93-43bc-b0ad-0b4dffbd09b5,10
ed75260d-97c4-49a9-acf5-f8cc5dc791e4,da0d2e58-8a60-4912-8c2e-f7bc485c4184,7
b3b984ed-63d4-4fb5-b563-c45648eb7ef2,23271365-903a-43be-b9f5-aa8d709b3706,10
b3b984ed-63d4-4fb5-b563-c45648eb7ef2,94b38033-5a2d-44ee-9d5f-632a1847b596,8
b3b984ed-63d4-4fb5-b563-c45648eb7ef2,205098c1-1b67-45aa-bd08-3287cd2818cb,2
b3b984ed-63d4-4fb5-b563-c45648eb7ef2,e50ad776-33da-4ec2-9bfb-765d1a55cbfc,3
11f4fc92-3dd6-43fe-a53d-552e4da86cd9,5e6a4b21-6096-417b-a021-7618f40bb579,10
c62b3c02-e262-4abd-a3f9-267b25c9a979,b73f7f24-3157-469a-8faf-d1a52aa80611,6
c62b3c02-e262-4abd-a3f9-267b25c9a979,b7acf8df-c6c2-4317-b452-988956b8d2b6,9
c62b3c02-e262-4abd-a3f9-267b25c9a979,a1388892-c7f7-4938-ad8d-a633499e2f0c,8
6921a24f-a53d-4a08-a93b-412484059776,fbb19df7-2507-40c6-8b5b-fb9923fce665,3
6921a24f-a53d-4a08-a93b-412484059776,62b56c89-efc5-4c6f-a447-b3e2b20fbed5,10
6921a24f-a53d-4a08-a93b-412484059776,faa1009f-c2a8-4115-b9bd-df5a79e74773,8
2f197c00-c31f-4866-a927-42741fb77939,631229ef-5ccd-4662-8f8d-45ff00fb1f92,4
2f197c00-c31f-4866-a927-42741fb77939,27759f97-aed6-4aeb-b494-f53f0a18daea,7
2f197c00-c31f-4866-a927-42741fb77939,5da01bef-c27e-4b58-96b1-9fa437fe4a68,6
2f197c00-c31f-4866-a927-42741fb77939,ce5b0137-8961-4c06-a0ea-92a7e75c8174,10
0781ebb0-fe49-4be7-9221-017c7614722d,e435f662-48d4-4227-864c-13e6f25d3930,9
2f197c00-c31f-4866-a927-42741fb77939,1460da8c-0abe-4e8b-bd50-d9bab655bf11,3
1d87b77b-e665-452c-b3e9-2c000575b2c7,6588d332-b490-4713-a7bd-e8918c835184,4
2eb2a797-bc71-488b-a9c4-bc9581dd9eaf,e712e34f-9e4c-4e57-a460-1297747514e9,1
2eb2a797-bc71-488b-a9c4-bc9581dd9eaf,0f38a911-6619-4b69-8aa7-25367ba3db67,2
2eb2a797-bc71-488b-a9c4-bc9581dd9eaf,614d9bed-d87f-460c-9684-d0dd2ee1063a,7
8b07cb8e-cf6e-4c9a-b998-bac00b13d340,aea0c8c0-0f8a-40af-97f4-7c4bcc620e01,9
8b07cb8e-cf6e-4c9a-b998-bac00b13d340,80d9d313-46bd-4f56-b7ee-3426f832cdcb,1
c76d0cda-ee10-430b-8d07-239527071712,67652cf9-58aa-4d50-8611-e819bf6f4edc,3
c76d0cda-ee10-430b-8d07-239527071712,48076e6a-3441-455f-a726-8c10cb709893,10
33910761-100b-4625-b815-ff5cfa7729a6,60a3b305-c7da-4dfc-a4a3-132665a1c136,2
0781ebb0-fe49-4be7-9221-017c7614722d,48076e6a-3441-455f-a726-8c10cb709893,5
33910761-100b-4625-b815-ff5cfa7729a6,4765635c-efd4-4a47-9767-5b8c4a8678c8,5
33910761-100b-4625-b815-ff5cfa7729a6,1ea10f97-1b77-4c55-860f-ec5b264241ed,1
a710e498-24b8-4b0b-850e-9a49fc6a4967,7a05e04d-4b24-48fb-9907-a45e3d74564b,1
a710e498-24b8-4b0b-850e-9a49fc6a4967,b6afa27f-5b06-4367-92ff-072d3dc315a3,10
a710e498-24b8-4b0b-850e-9a49fc6a4967,5798c5f3-266b-4484-a587-923c7287a51e,5
a710e498-24b8-4b0b-850e-9a49fc6a4967,7b93fe37-b7e5-40c0-92f1-58508ad5fd0c,8
a710e498-24b8-4b0b-850e-9a49fc6a4967,620d170f-da18-40f3-bc4a-9715a85211b5,3
e4c25b77-e4f1-47a2-9013-f679dbab8639,b41d75f2-9a7a-49af-bba4-0524b821e049,5
e4c25b77-e4f1-47a2-9013-f679dbab8639,e7435dd3-4b12-49a8-aa38-637cc3b36293,2
e4c25b77-e4f1-47a2-9013-f679dbab8639,44164694-294f-4d9a-ba4c-07ab82a8bad7,8
0781ebb0-fe49-4be7-9221-017c7614722d,4dd3c70d-aa17-41ac-a4a0-5c20c81f2760,3
e4c25b77-e4f1-47a2-9013-f679dbab8639,b94242ac-2a3c-4269-b593-6d63b78cf6cf,1
e4c25b77-e4f1-47a2-9013-f679dbab8639,39e3f503-7084-448f-aa4c-7d54981d4336,3
e4c25b77-e4f1-47a2-9013-f679dbab8639,2fdd5203-1cbb-4634-a476-61cb1481abb9,6
709a98bd-b06a-42e8-9b22-567d4446ff19,15283608-b97a-4da4-920a-f834154a703f,10
709a98bd-b06a-42e8-9b22-567d4446ff19,79f7e4e3-0160-4a78-b52e-5223f4c14571,8
5a5a9a40-9140-4380-a6b8-b44cf32cd1a7,79f4d03a-e520-4525-ab55-75de2294c893,4
5a5a9a40-9140-4380-a6b8-b44cf32cd1a7,f483ba19-e396-4c56-8a20-86c5841e931a,10
bed7d928-aba7-4b77-b329-b3ec8eccd861,39f9077f-0c87-47f6-92d9-945d50a588a1,8
bed7d928-aba7-4b77-b329-b3ec8eccd861,33ee85c8-5cb4-4a4b-90ba-e3b832d0154f,2
bed7d928-aba7-4b77-b329-b3ec8eccd861,2e06927f-7fa5-4ac0-ae8c-3736e3eacb5c,10
0781ebb0-fe49-4be7-9221-017c7614722d,478a4ac0-b4f5-4863-805a-f284073303f1,1
bed7d928-aba7-4b77-b329-b3ec8eccd861,da83bac0-3ffe-4f4d-a622-315142227489,5
dfd8cb84-9a1e-488f-9dea-636ed34b2d31,7414d481-0823-4cdc-8095-c2714ae1198b,2
dfd8cb84-9a1e-488f-9dea-636ed34b2d31,162ada8d-73b3-4e30-a368-e507531422ba,8
dfd8cb84-9a1e-488f-9dea-636ed34b2d31,e3bb9ec1-fcc9-4569-987b-d41591afb84f,9
dfd8cb84-9a1e-488f-9dea-636ed34b2d31,cb00ade7-b564-4432-bc3c-bb4497bd0aba,6
dfd8cb84-9a1e-488f-9dea-636ed34b2d31,f710c515-1f93-4ae6-92c4-726572b3bd29,1
5a8b02d0-6999-4653-8cf6-b503e841923d,8d5a55eb-b5ba-4606-b0f2-35836bbaab5a,6
5a8b02d0-6999-4653-8cf6-b503e841923d,d09949c6-ed28-4ae5-82a1-4e28ff696ff3,9
5a8b02d0-6999-4653-8cf6-b503e841923d,bd744f4e-8c0d-4889-8d74-2985868eae52,5
5a8b02d0-6999-4653-8cf6-b503e841923d,67eff536-36a8-47e2-884b-1fee7029e272,3
0781ebb0-fe49-4be7-9221-017c7614722d,80cf6a67-019b-4d07-a768-96c537bd22cd,2
5a8b02d0-6999-4653-8cf6-b503e841923d,8bc0c4c3-d468-443e-8396-cbc90cc666aa,2
5a8b02d0-6999-4653-8cf6-b503e841923d,9c182cae-afa8-4adc-a3d9-158c3796d0c6,1
29a973c6-5d4d-4693-9b57-73787700e251,b9e39a4d-1fd7-41e6-88b7-2ea98551edd0,4
749f3d85-6a58-47b5-ae6b-5a7eff573d42,52a67f6e-6299-4743-9835-17d22810555b,4
749f3d85-6a58-47b5-ae6b-5a7eff573d42,8f49f74e-ed90-46ee-9ab0-9ea9eb39db18,3
702a9cde-f71a-4014-ad88-3ca83ff8853f,33f78818-9b31-4414-9fd2-d7c945d1d905,8
702a9cde-f71a-4014-ad88-3ca83ff8853f,8e4219fb-ee35-490a-85cb-2a8ba4567f2a,1
702a9cde-f71a-4014-ad88-3ca83ff8853f,f32825a6-d920-4552-a299-b95ae257484e,4
702a9cde-f71a-4014-ad88-3ca83ff8853f,f6b87911-6cf3-4508-8092-12a0f9ce6842,3
702a9cde-f71a-4014-ad88-3ca83ff8853f,08cd8f70-3ee6-4465-a018-e4022d5457f1,5
0781ebb0-fe49-4be7-9221-017c7614722d,63cf52cc-b536-4a51-bb93-be8267891979,8
53e4a388-dac4-4cb5-be4a-63d615b190b0,c6d64b57-ae1c-4e30-ba51-c6d2ff419b48,3
53e4a388-dac4-4cb5-be4a-63d615b190b0,1d4bc5cb-bdf9-4f36-bede-c0f0c3fe19f3,2
53e4a388-dac4-4cb5-be4a-63d615b190b0,22b81ecd-cc4d-4f45-b9e0-e8dc15064429,5
2d93360d-81e4-43d9-bf7e-b9903abd4c36,178bf0f9-60a6-46bc-a649-0ce2a5bd4038,4
2d93360d-81e4-43d9-bf7e-b9903abd4c36,23341fd8-0391-40ab-880f-321e7c625bdc,6
2d93360d-81e4-43d9-bf7e-b9903abd4c36,0838931e-7597-4c3b-9b35-665c2d3ce55b,10
934c5fe4-8707-4c2e-99b5-8d18de3c2c2c,a4906fb9-aaf2-44a3-8ac4-840c48daff0e,7
934c5fe4-8707-4c2e-99b5-8d18de3c2c2c,6d51bd98-a212-4677-bbde-ee623dee00ad,1
934c5fe4-8707-4c2e-99b5-8d18de3c2c2c,f9453ffe-2407-442a-ad3a-7fbc7229b70d,5
c56c5eb9-560a-45c7-95c6-a8353bd46ed4,7c8ffd8a-a67a-4f9f-b4d2-6090fe40aa2b,4
8c2a822f-e3e1-4425-b837-18ccf62cd16f,5ab7b9cf-9873-4130-86fe-7ab6a3767b3f,9
c56c5eb9-560a-45c7-95c6-a8353bd46ed4,cff45c38-76b1-4309-a6ef-0110ab91f726,9
c56c5eb9-560a-45c7-95c6-a8353bd46ed4,bd0bb9c7-e175-4a21-b628-1b9dd018d19c,1
c56c5eb9-560a-45c7-95c6-a8353bd46ed4,48476d29-486e-4593-ae3f-9140a75e944f,7
b171d6a6-0012-45d1-be80-7eb1b6d6a6ed,43a29961-0ce5-40c9-9bc4-471998e95b4b,10
b171d6a6-0012-45d1-be80-7eb1b6d6a6ed,4d402c81-2bbc-4368-b19f-28a11c4839ca,3
b171d6a6-0012-45d1-be80-7eb1b6d6a6ed,0c42c1ae-8faf-4848-affc-a399eab5a8ce,1
b171d6a6-0012-45d1-be80-7eb1b6d6a6ed,3de41a71-3100-4dfe-8189-773e5fb09289,2
b8e3924c-afd5-45d2-82af-de51dd4afa64,456af5fe-8d1b-47af-967b-b88bce729677,9
b8e3924c-afd5-45d2-82af-de51dd4afa64,3a2b6476-b228-4fd7-a0cd-e340fc812551,1
817fefe8-08cd-4858-b3b9-827bd1ca25c1,f0015ce6-951d-4199-a5f0-17a5c0066989,3
8c2a822f-e3e1-4425-b837-18ccf62cd16f,6a8ada2e-92ab-4bc7-9a29-d9cd0e713c6a,1
817fefe8-08cd-4858-b3b9-827bd1ca25c1,9473d5af-9142-4977-8891-42d8f2fa8d8b,5
817fefe8-08cd-4858-b3b9-827bd1ca25c1,79f4d03a-e520-4525-ab55-75de2294c893,7
817fefe8-08cd-4858-b3b9-827bd1ca25c1,2b25f6f9-23a7-4518-9e7a-92efc583159f,9
0cea0ac9-720f-4992-acbc-c7ecda1b8e2e,d821fa45-2855-468f-9a78-8872a0726d5d,5
0cea0ac9-720f-4992-acbc-c7ecda1b8e2e,676adae7-1f29-4839-a7bd-2ee531202e39,9
0cea0ac9-720f-4992-acbc-c7ecda1b8e2e,d8cc46b9-56e9-42b9-9d82-5d7b4217950f,8
92e97e79-76da-4af5-acd4-024b6c708011,646d6c35-5f1e-4683-90c8-1891e1f74a8a,2
92e97e79-76da-4af5-acd4-024b6c708011,63edd2eb-ad99-46df-b086-4f1649c82112,4
92e97e79-76da-4af5-acd4-024b6c708011,2c5e05ac-82ff-4b14-b197-416aae418e64,8
92e97e79-76da-4af5-acd4-024b6c708011,f4809107-c8be-4853-a75d-ef6418f78ee9,5
5857a5f2-751a-4820-8455-dbc09dd1ac9c,d386275b-e7fd-47a5-abac-576c4b9361a7,2
b0766a6a-f85a-45b8-8143-29cf9e5784ab,72c5ec18-b942-434c-9551-875b503c63c9,2
ce93a464-0d8e-4803-bcb0-a6c8af34a5ac,07472b18-e146-49c3-9280-8f1c747b62d4,4
ce93a464-0d8e-4803-bcb0-a6c8af34a5ac,c6ba8fda-e3eb-4a36-8c2f-3ad5550ecf03,1
ce93a464-0d8e-4803-bcb0-a6c8af34a5ac,e6170a9d-5df5-4de4-83c8-fa339e831a93,3
ce93a464-0d8e-4803-bcb0-a6c8af34a5ac,a343db20-c199-49ca-bf60-0db364710027,2
952944c0-f0d2-462d-a69d-fcd76fa63beb,f0a9e593-b431-4924-82b1-18b6732d22f2,2
952944c0-f0d2-462d-a69d-fcd76fa63beb,463a45ea-f319-4dfb-8fa4-da733280a4f0,4
952944c0-f0d2-462d-a69d-fcd76fa63beb,bbfe0434-957e-4fea-b22f-1d4888b72ed0,6
952944c0-f0d2-462d-a69d-fcd76fa63beb,4377cf98-b2fe-4519-82dd-62b37baf7d4b,5
4e434ed6-712c-4b9e-b3ca-1ea3f7ef825f,b39bb9f6-bad4-4e31-9a94-e853a1d8fd97,4
4e434ed6-712c-4b9e-b3ca-1ea3f7ef825f,643cad45-7797-48e8-81c7-517431e3ff90,1
b0766a6a-f85a-45b8-8143-29cf9e5784ab,bccd6d78-bf5f-4103-b4f1-824fcdbab098,1
85adc2f3-2bd1-47e8-ad65-5753e9ddbae9,32b7090f-1656-4ff6-9cc4-1696cf7d7a83,3
85adc2f3-2bd1-47e8-ad65-5753e9ddbae9,29600a92-1c4b-4653-8e9a-57be3c028920,7
85adc2f3-2bd1-47e8-ad65-5753e9ddbae9,28b36d0e-4b4d-4328-b686-10f3ec100aec,1
85adc2f3-2bd1-47e8-ad65-5753e9ddbae9,2001efe0-ecf4-43ba-8f4d-3c819fd722d4,10
85adc2f3-2bd1-47e8-ad65-5753e9ddbae9,7a95d763-0122-4755-8fa3-90c50d067073,5
85adc2f3-2bd1-47e8-ad65-5753e9ddbae9,22dcf380-8750-4309-9655-4297a7afd39c,8
85adc2f3-2bd1-47e8-ad65-5753e9ddbae9,ace67491-935b-4d1e-9c17-adc42009520d,9
ee150b3d-eca1-4726-9360-f6cffc79f638,0860c2cb-008f-43a8-9708-ac85f3597579,4
ee150b3d-eca1-4726-9360-f6cffc79f638,2a83898d-beb6-4547-9019-0d7210c55a53,6
ee150b3d-eca1-4726-9360-f6cffc79f638,ec8004dd-7ab8-49fa-bfb8-60479e2e8ebb,8
b0766a6a-f85a-45b8-8143-29cf9e5784ab,c6d64b57-ae1c-4e30-ba51-c6d2ff419b48,8
6e4e45ee-e416-4aa2-ac88-bcbcb90c94a9,ec86b4f2-d4c1-479b-b93f-998621d6530a,10
6e4e45ee-e416-4aa2-ac88-bcbcb90c94a9,84695281-9795-43cb-8acc-ec98fae394c2,1
6e4e45ee-e416-4aa2-ac88-bcbcb90c94a9,f98b087e-87c1-461c-8d2e-68fb9e6b64d0,2
dfe6ff67-7e28-4b97-8839-1f0b802fbd05,335f42a2-7a3e-42aa-984f-84edf4e5577c,3
dfe6ff67-7e28-4b97-8839-1f0b802fbd05,e8bde71a-2276-4cdd-8e87-c23a78a520a3,7
dfe6ff67-7e28-4b97-8839-1f0b802fbd05,ec86b4f2-d4c1-479b-b93f-998621d6530a,4
40ca9a30-d0f6-4b61-8c68-e6a801736543,43a29961-0ce5-40c9-9bc4-471998e95b4b,8
40ca9a30-d0f6-4b61-8c68-e6a801736543,d840efab-a7a7-45d7-b8d7-42017a412fe5,6
40ca9a30-d0f6-4b61-8c68-e6a801736543,2f1b3036-8985-4c75-b019-9578a17d4c8d,9
40ca9a30-d0f6-4b61-8c68-e6a801736543,e8bde71a-2276-4cdd-8e87-c23a78a520a3,3
b0766a6a-f85a-45b8-8143-29cf9e5784ab,2d36d115-d247-4546-943c-3a279aaef1f9,7
40ca9a30-d0f6-4b61-8c68-e6a801736543,33ecf6e5-5be7-4b53-9dab-653e34472cec,5
d06da9be-a85a-43fa-8313-760d024d26ba,d15a3f26-ca3b-4e00-8dfc-abb22195c1ee,2
d06da9be-a85a-43fa-8313-760d024d26ba,99d9479f-702c-4d90-bd5d-ac1b2eafa9f6,6
d06da9be-a85a-43fa-8313-760d024d26ba,ab478d50-b1e9-4caf-8b4a-9819fb9f8cac,3
5f6746e6-2ac2-4dd8-a94b-a881201e2814,1b874aa6-5d39-447f-a6a5-551738548d94,1
5f6746e6-2ac2-4dd8-a94b-a881201e2814,46c034a9-41b4-4f8c-9e44-ca7da40a9e30,10
5f6746e6-2ac2-4dd8-a94b-a881201e2814,d884d009-3d53-413e-8817-2a16cfb60735,5
5f6746e6-2ac2-4dd8-a94b-a881201e2814,28cac081-6b49-4cdc-96d7-ad39d6020d50,3
5f6746e6-2ac2-4dd8-a94b-a881201e2814,932da4a8-5dec-4479-9208-1c1f314a77cb,9
0357c829-0399-46e1-964b-332768cf4be3,60872875-5891-486c-a049-c0e3fdc940e0,2
b0766a6a-f85a-45b8-8143-29cf9e5784ab,80ddeb7f-7869-48a3-bb29-eaf894ddee43,4
0357c829-0399-46e1-964b-332768cf4be3,f70a017d-0eb1-494d-b444-a549588dc07f,9
0357c829-0399-46e1-964b-332768cf4be3,7bf6b582-b701-4a2e-8616-5406d3d109a5,1
8ebd119f-a866-47e1-b8cc-f4e624f6e5aa,3f75827d-a040-4571-b3e0-004d29970ec7,5
8ebd119f-a866-47e1-b8cc-f4e624f6e5aa,7167a49e-9d71-49f1-91a6-29e481093bb5,6
8ebd119f-a866-47e1-b8cc-f4e624f6e5aa,2e35c4a2-bcaa-4c04-82ed-0bc7d94ece56,2
8ebd119f-a866-47e1-b8cc-f4e624f6e5aa,281fc274-b452-4091-91aa-9c09eeedf43c,3
0170d20e-cc31-4985-b3d3-f80452fd9004,a4d42acf-3e93-4b1c-837b-68c93b2822c5,8
a60a6d6d-7cce-4358-9656-3065ca7e5da4,0a6c8860-fd05-444e-b7f1-455ff0879384,9
a60a6d6d-7cce-4358-9656-3065ca7e5da4,273e1620-812e-4758-9e1c-974651213c48,4
a60a6d6d-7cce-4358-9656-3065ca7e5da4,80cf6a67-019b-4d07-a768-96c537bd22cd,5
e2e71a6f-4df8-4c15-9e4a-65390e385209,c26268e6-52e9-454e-936d-921d13ae0e50,7
829d9cf4-46b1-45c9-bfb3-27f396b2377b,aee1bebc-ea20-4ded-b19e-f73ea1d237e5,8
829d9cf4-46b1-45c9-bfb3-27f396b2377b,4fb9857f-b275-422a-b0d7-1cd1825e2c2c,3
829d9cf4-46b1-45c9-bfb3-27f396b2377b,94364e25-3bdc-43e1-bc17-dbb8461b1a86,10
829d9cf4-46b1-45c9-bfb3-27f396b2377b,c50f2a70-6a8e-4e5d-a9d7-7cb8dc38ee63,5
829d9cf4-46b1-45c9-bfb3-27f396b2377b,e2cae7fc-aefe-4707-bf5a-57260c219f1f,1
829d9cf4-46b1-45c9-bfb3-27f396b2377b,5429c932-25e0-4443-92ec-cea00373a706,7
829d9cf4-46b1-45c9-bfb3-27f396b2377b,00d854be-35f1-4487-89d5-324f33dd7b6d,4
68cea406-4ab2-4198-94f7-3486e2745982,16553454-0320-4395-9d25-6fc91ad269d1,5
68cea406-4ab2-4198-94f7-3486e2745982,49d76421-709c-4881-93b8-0aeb591b0237,3
68cea406-4ab2-4198-94f7-3486e2745982,668e5f96-3f18-4abe-a72b-9885340aeca5,8
e2e71a6f-4df8-4c15-9e4a-65390e385209,d840efab-a7a7-45d7-b8d7-42017a412fe5,8
68cea406-4ab2-4198-94f7-3486e2745982,b7b182ef-887d-4436-a791-ec81603ce0a5,10
bf0889bf-96dd-4283-baac-89094a9b4dbf,b39bb9f6-bad4-4e31-9a94-e853a1d8fd97,6
bf0889bf-96dd-4283-baac-89094a9b4dbf,659882ed-b8b4-45d1-b398-30e6a50cc6f3,1
bf0889bf-96dd-4283-baac-89094a9b4dbf,5a78c1cc-9873-447d-b2ed-3f8165cca339,3
8b18113d-f53d-4eb5-8bcc-1dea49c893cf,69ae5244-eb11-4ee6-9e11-369979ac9b49,6
8b18113d-f53d-4eb5-8bcc-1dea49c893cf,7cee2620-006c-43b9-a1da-254061747438,8
8b18113d-f53d-4eb5-8bcc-1dea49c893cf,e345c7ea-7184-4b0f-a9a5-a67642767fcd,3
5ac154e4-c0e6-4ed0-9ae6-c47eb7d513e2,5e6a4b21-6096-417b-a021-7618f40bb579,6
5ac154e4-c0e6-4ed0-9ae6-c47eb7d513e2,40ecd3b2-ae8a-4eea-85ea-5add41a832e9,8
5ac154e4-c0e6-4ed0-9ae6-c47eb7d513e2,08f65a00-3522-4ac9-803b-14808c74d762,2
e2e71a6f-4df8-4c15-9e4a-65390e385209,967abaff-a4bc-4022-8485-2fffb03119a2,2
5ac154e4-c0e6-4ed0-9ae6-c47eb7d513e2,f710c515-1f93-4ae6-92c4-726572b3bd29,9
5ac154e4-c0e6-4ed0-9ae6-c47eb7d513e2,44164694-294f-4d9a-ba4c-07ab82a8bad7,3
27f4ef52-10ff-49b2-aba6-8965adf8a11a,d831b3c0-9798-48df-897f-cb1d382e25f4,10
a26c7828-648d-4351-9290-5cf5cb53d7c0,6dd41476-63c4-4cdb-8fd6-d16cfff3e9e3,10
a26c7828-648d-4351-9290-5cf5cb53d7c0,da0d2e58-8a60-4912-8c2e-f7bc485c4184,4
a26c7828-648d-4351-9290-5cf5cb53d7c0,34b157a1-0e1b-4b47-83c8-dee8ed890ccc,5
a26c7828-648d-4351-9290-5cf5cb53d7c0,e319076c-427c-4f28-9946-08106d27b7a3,6
a26c7828-648d-4351-9290-5cf5cb53d7c0,10a30ce7-ba4d-4601-ab1a-f7bd8aabf0e4,1
a26c7828-648d-4351-9290-5cf5cb53d7c0,aa30e6f6-caf1-43a7-9f43-90c069a2e2f5,9
312d160a-8d83-4ce6-b6a5-c817c72503ba,ccd81690-93ab-4819-b723-5a18fff43838,3
e2e71a6f-4df8-4c15-9e4a-65390e385209,fd536e17-3bdd-4630-b97f-a372023eb5be,4
312d160a-8d83-4ce6-b6a5-c817c72503ba,1bcc61bf-5c93-436a-a416-10c020aeb6bf,7
312d160a-8d83-4ce6-b6a5-c817c72503ba,63edd2eb-ad99-46df-b086-4f1649c82112,5
312d160a-8d83-4ce6-b6a5-c817c72503ba,ea3407af-31ee-4fce-8acb-a97f81803df2,1
dd5106b7-b079-4f8b-97a7-8bccbc6de22a,7a95d763-0122-4755-8fa3-90c50d067073,6
dd5106b7-b079-4f8b-97a7-8bccbc6de22a,75cd01da-a55b-4d09-8dd6-847f63307132,2
ca60304a-1c21-4cef-a0de-104f2be1063c,622f2168-e0b3-4003-bdca-0e48826c83f5,8
ca60304a-1c21-4cef-a0de-104f2be1063c,3d6a6ffc-82d8-4205-b948-98a4361f4182,2
1e3e2004-a642-4275-a3fc-6f640a84e20c,d7b8b4e0-b55e-4d54-802c-214cf99bd4c2,3
1e3e2004-a642-4275-a3fc-6f640a84e20c,5d992ce4-dac9-4b26-b8b0-f58f6cf0e4b8,4
1e3e2004-a642-4275-a3fc-6f640a84e20c,f697bd8b-c478-4e65-a6ed-ac49b9a7fab6,7
e2e71a6f-4df8-4c15-9e4a-65390e385209,cd7f7d96-7bb6-4f61-9cd3-3cf7b1aac8b8,5
1e3e2004-a642-4275-a3fc-6f640a84e20c,19cd8a25-ff63-427d-b4a2-4c6d4d74c5e7,6
1e3e2004-a642-4275-a3fc-6f640a84e20c,89c49cef-bf64-4e25-a75b-7f224b1dbaf3,1
1e3e2004-a642-4275-a3fc-6f640a84e20c,73768588-20b5-4130-99d2-a42a284e43b6,8
1e3e2004-a642-4275-a3fc-6f640a84e20c,d6e3ff41-b338-486f-b3a4-deb8c96ebb70,5
14de697b-c508-4b7e-81b1-a0d4cf7f7b34,b699b320-058c-4146-ada9-719c47c6d78f,7
14de697b-c508-4b7e-81b1-a0d4cf7f7b34,dffa8a19-554d-4238-ac67-7cf474e7edc8,1
14de697b-c508-4b7e-81b1-a0d4cf7f7b34,16a51569-0796-49d0-a01c-2be4f1d802fe,3
b52d1fd1-6695-4af6-81d8-8027cdcfa134,fe4a7d72-7fa6-49b8-a4b9-e2f42993c0ad,5
b52d1fd1-6695-4af6-81d8-8027cdcfa134,7785a9ce-57ee-4e7e-972e-71135332b7da,10
b52d1fd1-6695-4af6-81d8-8027cdcfa134,a335c597-6713-4a6d-b6cb-13b1a5ff173d,8
db8f6b7c-1bc6-4f54-b529-75b5a84a1eaf,53f201aa-9072-4e7a-9466-7f419df7bc54,4
e2e71a6f-4df8-4c15-9e4a-65390e385209,99f84e92-9d95-4437-9434-4c11e94a1a07,1
a1941398-58a8-4cfe-bdce-31aed3406a08,6c91d2de-b893-498e-b63b-ad5990dc4f21,9
a1941398-58a8-4cfe-bdce-31aed3406a08,3539b92c-a3f2-4491-aae7-0ea7383b6f10,4
a1941398-58a8-4cfe-bdce-31aed3406a08,ce5b0137-8961-4c06-a0ea-92a7e75c8174,3
a5c84af5-4066-4e96-8ea7-539c59ed19d2,c73e6842-90d5-45ae-ae03-2300aa6d45e6,10
a5c84af5-4066-4e96-8ea7-539c59ed19d2,4b52f553-1033-44dd-8127-e4b32780bcb9,3
a5c84af5-4066-4e96-8ea7-539c59ed19d2,0b7a151c-2d37-4925-a288-93500f79368d,6
a5c84af5-4066-4e96-8ea7-539c59ed19d2,6a8ada2e-92ab-4bc7-9a29-d9cd0e713c6a,2
a5c84af5-4066-4e96-8ea7-539c59ed19d2,7b1bcf99-14e7-48c4-a407-8a6f78bfe309,8
a5c84af5-4066-4e96-8ea7-539c59ed19d2,ad5062b4-95a3-4645-ac92-d16030a6fa63,7
a5c84af5-4066-4e96-8ea7-539c59ed19d2,d51a82d8-499e-4951-813c-a42c3d8f1896,4
62e00a5c-4dca-4138-b565-3926bdadaff1,1892b0a6-b3f9-4705-88bb-430189f5c336,10
e9dc9f1f-edd5-4bda-b1fa-cb6ddf5e5612,0fd3f5f1-58b4-472e-8f7e-b5d90a667913,2
e9dc9f1f-edd5-4bda-b1fa-cb6ddf5e5612,c3ffa36f-907f-4d35-b4c7-3bf790a8e75f,8
e9dc9f1f-edd5-4bda-b1fa-cb6ddf5e5612,94b38033-5a2d-44ee-9d5f-632a1847b596,7
4cb5d97c-72a4-4a10-8f8d-fa9b66764089,383dbce8-e4d9-4d90-8a39-78258173bd53,6
4cb5d97c-72a4-4a10-8f8d-fa9b66764089,b7048c18-4920-4d93-b18b-f6442cd75ff0,7
b88eba89-bd91-4d92-adaa-6c8c8fb90889,39e3f503-7084-448f-aa4c-7d54981d4336,6
b88eba89-bd91-4d92-adaa-6c8c8fb90889,ea3407af-31ee-4fce-8acb-a97f81803df2,1
b88eba89-bd91-4d92-adaa-6c8c8fb90889,e82a3096-7e2d-41d9-8edc-4be5a9ab92d2,5
b88eba89-bd91-4d92-adaa-6c8c8fb90889,7900e36d-df34-48ab-8ca1-1390c8e27d32,9
9d99019b-c013-4e8a-8a93-2f1f9b173fe7,88a48c3e-e40c-4a6f-9b55-5f284cb96e61,1
62e00a5c-4dca-4138-b565-3926bdadaff1,c90328a2-d813-4682-96da-9c62ba8fde17,4
9d99019b-c013-4e8a-8a93-2f1f9b173fe7,9eef5d2e-5356-4444-8f5e-ae34716e460e,7
91007001-5d2d-48a0-90ba-4db539e5006c,e40834b5-fbb4-4334-b4d7-9c0df49f73f4,3
91007001-5d2d-48a0-90ba-4db539e5006c,f710c515-1f93-4ae6-92c4-726572b3bd29,4
6417c184-4e77-44d8-ad34-256c1b47c905,631229ef-5ccd-4662-8f8d-45ff00fb1f92,7
6417c184-4e77-44d8-ad34-256c1b47c905,9d5cc268-5257-4d09-a709-2ffaae0a1171,4
6417c184-4e77-44d8-ad34-256c1b47c905,e37163b4-035e-409f-afc5-72bbbbcdc899,5
6417c184-4e77-44d8-ad34-256c1b47c905,a28ab6ee-7c7c-451a-b2a0-b1aabe716fa1,1
6417c184-4e77-44d8-ad34-256c1b47c905,7a572114-f2ea-4047-884d-ff85f0f53a8e,2
bc9afeca-20ff-4092-91dd-b06d5c2c7a6c,7c7a416f-d317-45c3-b531-f7bd1249494f,9
bc9afeca-20ff-4092-91dd-b06d5c2c7a6c,66a1a9f8-d385-4a1d-8b1f-389542b8fb68,8
bad018f1-50ae-45c6-921f-2b0edbe206e6,e022dc0c-a0e5-470d-a4c0-19b0238d7960,8
bc9afeca-20ff-4092-91dd-b06d5c2c7a6c,15717328-c24a-4efb-b5a8-112bce29efb2,7
bc9afeca-20ff-4092-91dd-b06d5c2c7a6c,e6edb785-0c8b-4c2d-9c2f-3a88128c0a3b,4
bc9afeca-20ff-4092-91dd-b06d5c2c7a6c,f2859f10-f7a2-449a-9fd6-e12b6c19e59f,10
2be678f6-a476-4ee7-b665-d1247cee7b5b,c8597a4c-f757-4c87-a59e-6cef902c0cbb,4
2be678f6-a476-4ee7-b665-d1247cee7b5b,5eaf122a-8abc-451a-abaf-1cf8e000c222,10
2be678f6-a476-4ee7-b665-d1247cee7b5b,4b7d2f0b-b8e2-4725-bf17-c3381459e1e5,2
2be678f6-a476-4ee7-b665-d1247cee7b5b,0147e247-f568-48fd-83a1-df550c9920e5,5
c68a0c98-c240-4eca-93d5-1c1e94e6ec2a,a67a5040-e8ec-4104-9210-29f98c75eba8,7
c68a0c98-c240-4eca-93d5-1c1e94e6ec2a,3f28811f-36f7-4e93-ad9b-df803ecc61cc,6
c68a0c98-c240-4eca-93d5-1c1e94e6ec2a,07cd85a4-8695-4f5d-9b05-1cc4b71da5cb,5
bad018f1-50ae-45c6-921f-2b0edbe206e6,8c89f38a-540d-4d12-ad76-0d9be4b92116,6
f17794f9-3e77-4cbb-b8dd-3332549d2730,f480ee86-ab90-4c65-a15c-13cb49d4fdc7,6
f17794f9-3e77-4cbb-b8dd-3332549d2730,628a9c35-d819-4ff6-9c1d-c0523a600a45,9
f17794f9-3e77-4cbb-b8dd-3332549d2730,1fd457f8-eb63-4618-a31d-24020ce88b81,4
f17794f9-3e77-4cbb-b8dd-3332549d2730,90b176b8-9214-4a32-8d49-3eed3ae85adf,10
4dee09ab-ac0a-4bb1-a973-252c39fce312,75cd01da-a55b-4d09-8dd6-847f63307132,2
4dee09ab-ac0a-4bb1-a973-252c39fce312,fec994df-377f-4791-9f96-8bdc5bb9f7d5,6
4dee09ab-ac0a-4bb1-a973-252c39fce312,984d33be-534b-4c63-87f2-32529aae1579,7
07746c39-d196-4bd2-9c1a-d6331f8ed954,8a6baa31-6460-4c37-93ac-e8ef359e6544,1
07746c39-d196-4bd2-9c1a-d6331f8ed954,93f19cc1-77ea-4323-8112-e0ddf04a7acc,9
07746c39-d196-4bd2-9c1a-d6331f8ed954,2b830809-8855-424f-b52b-6f0160511459,3
bad018f1-50ae-45c6-921f-2b0edbe206e6,b534d738-aca6-4d13-a7bc-0a7763d25e73,4
07746c39-d196-4bd2-9c1a-d6331f8ed954,b065fabc-5ee1-4d3d-a1dc-d595c6089927,10
07746c39-d196-4bd2-9c1a-d6331f8ed954,46af3541-dfb1-4232-9edd-c0bcaed65dc5,8
02315d2c-fb11-446d-8821-2ff69891436d,ab0c62bd-ac74-4d83-ae51-65135d7678ba,8
02315d2c-fb11-446d-8821-2ff69891436d,ac01614a-a0ac-4e35-8af3-704bd7d8aea3,7
69840e67-f6ba-42c0-9546-e9b7a650d728,a9aa756c-21ff-4ffc-94e6-3ec667bfe9ea,9
c1f11909-5fcc-4fdf-bdcf-f4e1affc2699,75cd01da-a55b-4d09-8dd6-847f63307132,8
c1f11909-5fcc-4fdf-bdcf-f4e1affc2699,2b5706d0-0afc-4cea-8864-358837139c95,5
c1f11909-5fcc-4fdf-bdcf-f4e1affc2699,91c183d4-37c8-471c-b09c-cf0022417184,2
c1f11909-5fcc-4fdf-bdcf-f4e1affc2699,452d162f-ea0d-4756-aff3-fc09c497d120,6
caf9573f-b73a-4122-b2f0-3a0af0044ec8,43171ffd-9c39-43e6-9137-63f76725f155,7
824597a6-990e-400b-9262-283b14929c28,e712e34f-9e4c-4e57-a460-1297747514e9,6
caf9573f-b73a-4122-b2f0-3a0af0044ec8,bcdafe37-5dac-4901-971f-1b6a5af28b49,9
caf9573f-b73a-4122-b2f0-3a0af0044ec8,3ea7189b-2f58-49a4-a3ee-31d3422e9a48,2
739509bd-b829-4b01-88a1-37b1b6910fe2,7900e36d-df34-48ab-8ca1-1390c8e27d32,4
739509bd-b829-4b01-88a1-37b1b6910fe2,d386275b-e7fd-47a5-abac-576c4b9361a7,2
739509bd-b829-4b01-88a1-37b1b6910fe2,c44b4112-b0ee-41b7-ad4b-ab3c98a81cde,9
3c895545-4f2c-4ba8-89ea-ec502fcba5f4,f3d7eb58-75d5-418b-accd-0442563d11f8,2
3c895545-4f2c-4ba8-89ea-ec502fcba5f4,6b9f19bb-86eb-4cd8-8362-1ad14f003baf,1
3c895545-4f2c-4ba8-89ea-ec502fcba5f4,a2c23774-c879-4d10-a28e-6ae4dc882efb,9
77f1ee7c-e2f2-4c71-b5d9-8017f72a5e42,188f35fd-4215-45d5-9b17-981e3da45216,6
77f1ee7c-e2f2-4c71-b5d9-8017f72a5e42,e6edb785-0c8b-4c2d-9c2f-3a88128c0a3b,9
824597a6-990e-400b-9262-283b14929c28,84733ae9-9bb6-4a74-8985-b7fc4e7043a9,7
77f1ee7c-e2f2-4c71-b5d9-8017f72a5e42,7dddcfa6-92f1-495b-99bd-0959329798a4,7
77f1ee7c-e2f2-4c71-b5d9-8017f72a5e42,af478409-664a-4c52-8cc8-4b2c5f1ba3bb,2
77f1ee7c-e2f2-4c71-b5d9-8017f72a5e42,90e2f4a1-3a45-408f-8ae2-c162ec96ace1,8
77f1ee7c-e2f2-4c71-b5d9-8017f72a5e42,c049e9e8-77bf-4bcd-b47e-08941cc99e2d,1
4f35850c-497a-41d8-b14e-3b5697577308,63c185d0-bb7c-47bb-88d8-69a5478b8136,3
4f35850c-497a-41d8-b14e-3b5697577308,3794d35c-842b-4af5-a197-18f9ca476a2f,9
4f35850c-497a-41d8-b14e-3b5697577308,894f85c6-6ef2-47f9-831d-85b59ca565b7,6
4f35850c-497a-41d8-b14e-3b5697577308,c4038588-eb02-4e3c-894b-93054f88df3a,2
64289692-e612-4879-bde5-9d0eefc38a64,e4a14d0b-ec60-4a00-b380-8e42553eee20,2
dc6bb7dc-587f-4729-91cc-1056ff76b288,d669f948-adf1-49a3-a101-eed6b4683547,9
824597a6-990e-400b-9262-283b14929c28,91cb9197-172b-435f-9ea3-32e593bff661,5
dc6bb7dc-587f-4729-91cc-1056ff76b288,7361e45f-f32c-43f7-a6eb-5069bcac27cb,8
dc6bb7dc-587f-4729-91cc-1056ff76b288,7bd2289a-f092-4756-9113-f3c40215e5b0,4
dc6bb7dc-587f-4729-91cc-1056ff76b288,99e4549a-630c-4ca6-a865-889ed85dd238,1
87b56da3-56e5-4efe-967c-4e57cc055032,4ef7209b-dcef-497a-a274-fe9d5c71f1ee,6
87b56da3-56e5-4efe-967c-4e57cc055032,c6ddb5a1-5c91-4378-8d14-655ef578c35d,7
d97f6853-c0fe-4c90-9991-5342a298ccb8,0864c452-a81c-4714-880d-ba0df492da7f,5
d97f6853-c0fe-4c90-9991-5342a298ccb8,c018571b-99ec-4e8f-9ad6-53c948ec1c49,2
d97f6853-c0fe-4c90-9991-5342a298ccb8,94364e25-3bdc-43e1-bc17-dbb8461b1a86,6
d97f6853-c0fe-4c90-9991-5342a298ccb8,cbd616e7-3e6b-4c30-90c4-8b5b57e1aa56,4
b9549e10-dbb4-411b-8671-bc9e4aba2e3e,b909ec24-8c4e-4123-9eb2-7d80fff9c9e6,2
824597a6-990e-400b-9262-283b14929c28,72519c58-8942-40cd-ad93-117c9e04bd52,9
b9549e10-dbb4-411b-8671-bc9e4aba2e3e,1cb86927-7490-417b-a70f-65a5186d7e65,6
b9549e10-dbb4-411b-8671-bc9e4aba2e3e,e8c14ed7-71df-43b9-8285-89e88ac56faf,10
810952a9-1097-4fbc-a741-557dafc76ed4,22900666-6410-4220-9048-baa03618438e,5
810952a9-1097-4fbc-a741-557dafc76ed4,4a856214-df2a-4c2e-8d6c-3f0f6f50c8d9,9
810952a9-1097-4fbc-a741-557dafc76ed4,47ba27ad-7187-4220-a1b0-992ef2b37d60,3
5dd25d4e-8057-45ac-a86e-fd8339cd3d40,03b38a6f-13df-42ed-a40f-0c7a9306867e,6
5dd25d4e-8057-45ac-a86e-fd8339cd3d40,548ce894-86e0-4aa0-8287-55b7b4fc8a51,1
5dd25d4e-8057-45ac-a86e-fd8339cd3d40,4977fb7f-7269-4dc6-b6fe-9beab5baa783,4
76862985-2f60-4286-8e24-b4220acf6423,f4809107-c8be-4853-a75d-ef6418f78ee9,10
76862985-2f60-4286-8e24-b4220acf6423,f91c15de-3abb-4d80-bb29-d33f183268e0,2
db8f6b7c-1bc6-4f54-b529-75b5a84a1eaf,66c3b531-f79c-497c-86af-9c2003f019a4,7
0b3c55a9-2956-4135-bc9d-e26e16d9ac00,40f4be84-ac2a-4500-a9db-24124ce641e1,5
26e3671d-8bd2-4327-9d10-8d3b940b4923,1bcc61bf-5c93-436a-a416-10c020aeb6bf,9
26e3671d-8bd2-4327-9d10-8d3b940b4923,b34f9ed3-1987-4787-8eaa-e996c0af0e2a,5
26e3671d-8bd2-4327-9d10-8d3b940b4923,3cec12a2-f74e-4dd5-963a-721919edd205,10
26e3671d-8bd2-4327-9d10-8d3b940b4923,683cacb6-ec7a-4f10-8e18-6569c1d219c0,3
26e3671d-8bd2-4327-9d10-8d3b940b4923,fb751b7d-5bf4-4c5f-93d0-f51273426390,4
26e3671d-8bd2-4327-9d10-8d3b940b4923,04b50796-d69e-4b7e-881c-2e51f7ab54d3,8
743e6cc3-6e31-4ffe-bad3-ebf8dabd49f6,0860c2cb-008f-43a8-9708-ac85f3597579,9
743e6cc3-6e31-4ffe-bad3-ebf8dabd49f6,0b7f7d10-1674-4025-a8b7-cde4c216ef78,1
743e6cc3-6e31-4ffe-bad3-ebf8dabd49f6,838cc842-a16d-447d-9685-4ab3c9704503,6
3336f36f-01e0-4231-a574-02ab2f1ad1a9,2da8e925-9712-4867-8d8c-5a4729663117,2
0c8bb514-b1e9-42d7-b57b-f248dbc6ea38,5bddfc64-6b8f-4116-85c1-c1b7870b11c7,8
3336f36f-01e0-4231-a574-02ab2f1ad1a9,f266d87d-2209-4b45-be7f-6ba3966b21de,8
3336f36f-01e0-4231-a574-02ab2f1ad1a9,3e2dd4ea-05d7-4cb1-ba71-75f25b73425f,10
97aebe63-9edc-419d-b4c2-edc9b8e0a3e0,c48256f6-ab5a-4142-8a0a-b429e988898e,6
97aebe63-9edc-419d-b4c2-edc9b8e0a3e0,31f01cb1-f081-4de1-afb7-9f5482b0c001,7
97aebe63-9edc-419d-b4c2-edc9b8e0a3e0,5572ec38-507c-479b-85b7-c77f5b1713b4,10
5c60151d-ca85-4ca1-a655-3f3d2669acf1,ae7bd0da-1008-4e6d-a644-04174f90f0d1,1
5c60151d-ca85-4ca1-a655-3f3d2669acf1,1f48b415-5369-477d-b1c1-fc7408add616,8
5c60151d-ca85-4ca1-a655-3f3d2669acf1,be079d73-1551-4c0b-bf75-1a5b5fd2b70e,7
5c60151d-ca85-4ca1-a655-3f3d2669acf1,63c185d0-bb7c-47bb-88d8-69a5478b8136,4
5c60151d-ca85-4ca1-a655-3f3d2669acf1,f92aaeb1-dd8a-4704-9cc2-b807ba7d75cd,9
0c8bb514-b1e9-42d7-b57b-f248dbc6ea38,501a26bb-ce59-4692-910d-7b8dd1ff06dd,9
fa267d94-ce78-4127-8e31-e0edc7854a20,b443fde6-c6a0-43b1-b316-928d09397634,1
fa267d94-ce78-4127-8e31-e0edc7854a20,0fa145ba-5a4c-43a7-8de1-f3137bf606e1,4
fa267d94-ce78-4127-8e31-e0edc7854a20,068464ce-a2a6-4dd8-9672-91b12e3bce9f,5
fa267d94-ce78-4127-8e31-e0edc7854a20,36096d7e-000d-4330-ab66-dd259d6cca31,9
c4c51058-f2b6-4467-9e9a-397d04063ee1,d6b1bcd4-956d-474f-bf33-26930a585b64,6
c4c51058-f2b6-4467-9e9a-397d04063ee1,855dec28-0fc5-431b-bc9c-79aeaae2b802,1
c4c51058-f2b6-4467-9e9a-397d04063ee1,07366551-ef19-4e2a-bb3e-1b10754fc6ac,5
d86b4a34-9970-4cb2-b242-3b3733b682a4,ca626a73-c9f5-4e20-abc2-f001f0be364b,10
8f778036-3e89-49f1-8d64-999ecd289253,3d6a6ffc-82d8-4205-b948-98a4361f4182,4
8f778036-3e89-49f1-8d64-999ecd289253,a4906fb9-aaf2-44a3-8ac4-840c48daff0e,6
0c8bb514-b1e9-42d7-b57b-f248dbc6ea38,aecf4264-5804-4168-a40d-2374e21b167d,6
8f778036-3e89-49f1-8d64-999ecd289253,d47b94e7-2ef9-413c-b76b-cc5f9fa21c77,9
1572d4c6-0d7d-451c-b0f3-db84876c7b5b,bbd095cf-ac84-4de2-89eb-8ff87981d6f3,3
1572d4c6-0d7d-451c-b0f3-db84876c7b5b,7c56cc22-fbe0-4293-abfe-df5d6fbdbb92,1
fbe0760e-fe0a-4362-a404-06b61cb67920,1e1d7ad1-9108-43f2-8e06-6515a5f77dbe,7
fbe0760e-fe0a-4362-a404-06b61cb67920,7b1bcf99-14e7-48c4-a407-8a6f78bfe309,1
39c045e1-30d0-4266-aa22-8dbe05e24b97,19072308-e240-4e06-81c0-eb30ca486499,9
39c045e1-30d0-4266-aa22-8dbe05e24b97,f697bd8b-c478-4e65-a6ed-ac49b9a7fab6,5
ae1d2a78-5f36-4190-b346-dc14dcf2b2bb,355a3a23-3b08-445c-9135-73b1d3a55bbd,2
ae1d2a78-5f36-4190-b346-dc14dcf2b2bb,e139c18e-fc90-4276-b8f7-1fe5eee14ca3,9
ae1d2a78-5f36-4190-b346-dc14dcf2b2bb,643cad45-7797-48e8-81c7-517431e3ff90,6
0c8bb514-b1e9-42d7-b57b-f248dbc6ea38,fec994df-377f-4791-9f96-8bdc5bb9f7d5,7
ae1d2a78-5f36-4190-b346-dc14dcf2b2bb,8de819f0-b6c8-418e-94c5-1e15671cdfc5,7
ae1d2a78-5f36-4190-b346-dc14dcf2b2bb,2482be56-c4ac-4a0e-b612-214c6d99eb00,5
6d085df8-6095-4b7e-afad-9be090b3a1fe,fa0682a5-a77f-4da9-9a5e-be3b93f0f576,3
6d085df8-6095-4b7e-afad-9be090b3a1fe,f2815f80-b4b1-4440-9e38-1760769251c8,10
6d085df8-6095-4b7e-afad-9be090b3a1fe,1519770f-ba20-4423-9f31-e4e414e96609,8
a1498635-b32c-42b4-a21d-5622a3ccf039,d18a5a51-e3a3-43e7-93a5-73c46264eb6b,2
a1498635-b32c-42b4-a21d-5622a3ccf039,d48a7613-4c27-4ded-852b-7883a75cb0cd,1
a1498635-b32c-42b4-a21d-5622a3ccf039,21ab8c6a-b4c8-46db-96fe-63036b371880,3
a1498635-b32c-42b4-a21d-5622a3ccf039,228318f7-65e7-4cf6-9c80-0637022f507d,9
a1498635-b32c-42b4-a21d-5622a3ccf039,9ab3c001-a583-4698-a024-16ffa8d7d54a,6
f8eab94d-1b9a-4cae-a437-8d6c919572ad,f966606a-1c69-4233-b715-fc803e9815c2,10
a1498635-b32c-42b4-a21d-5622a3ccf039,e6265d5a-14a5-4a40-acef-7a4fb4299e6f,5
a1498635-b32c-42b4-a21d-5622a3ccf039,391d9565-41a3-40d7-86a2-42a216ff552a,10
d7ff7076-b261-4ac8-a074-2b6ef3e1bbe4,c6ba8fda-e3eb-4a36-8c2f-3ad5550ecf03,6
d7ff7076-b261-4ac8-a074-2b6ef3e1bbe4,2ec509ae-41f2-489b-9625-b6e83f97888a,4
056e4090-04d9-41d5-9a98-4985d6bcfeb8,478835e9-ecb5-46a8-ba8c-33f8cdc40a20,10
056e4090-04d9-41d5-9a98-4985d6bcfeb8,f6da4ebe-9d5e-42eb-8bf9-5cd4b78faeba,3
056e4090-04d9-41d5-9a98-4985d6bcfeb8,29a72d85-24b1-4935-abdc-16aa9ee5b120,2
88f5c57e-4cfb-4e1a-9eec-55f58ce40d1b,64bec424-1ca0-4689-9e05-5cb90dd5fc0a,3
88f5c57e-4cfb-4e1a-9eec-55f58ce40d1b,c82eaf9f-1287-419a-ad2e-a786c4528277,4
88f5c57e-4cfb-4e1a-9eec-55f58ce40d1b,d482a56f-3669-4ce1-97dd-d3aec021cfb9,6
f8eab94d-1b9a-4cae-a437-8d6c919572ad,21babe24-f9b8-46af-8759-e90dd828f39d,6
1c9c5832-d466-41dc-893b-5cbb73b24a4a,bc231d51-adc8-4061-a611-b712f73b8b14,5
1c9c5832-d466-41dc-893b-5cbb73b24a4a,355a3a23-3b08-445c-9135-73b1d3a55bbd,1
1c9c5832-d466-41dc-893b-5cbb73b24a4a,cecc39c4-71a1-411e-b2cd-3de544aa90ef,9
1c9c5832-d466-41dc-893b-5cbb73b24a4a,21982303-a08f-4023-ad14-06dc8c647d4f,6
9ee70fc5-38f2-473f-9c9f-343c96abc262,d63d8a2c-2949-439f-941d-bde1e91079bd,6
9ee70fc5-38f2-473f-9c9f-343c96abc262,dcc77c4c-8553-430b-b733-c433ef95f7f9,4
9ee70fc5-38f2-473f-9c9f-343c96abc262,10c16fa2-0440-4316-a01c-fb5dab4d326a,10
ef136b07-75a0-4389-9fb3-a13080b8c865,22e8c255-8a2f-4b3c-ab44-eb443692b365,4
ef136b07-75a0-4389-9fb3-a13080b8c865,e86f863a-2d82-43e4-a3c1-ba8640f35f77,7
ef136b07-75a0-4389-9fb3-a13080b8c865,9b2dc722-af89-4aed-ac47-5d752e84a2d0,3
f8eab94d-1b9a-4cae-a437-8d6c919572ad,35585a9b-0540-4d11-ba90-a394a0ee5a7c,4
ef136b07-75a0-4389-9fb3-a13080b8c865,f6a0d1bb-a7cc-4ed0-97e2-32924f9a426b,8
b45291ff-f3d6-4981-aaf0-f59fe75bb08b,380e3a1a-bdcd-486d-be9c-eba7ca4aba6b,4
b45291ff-f3d6-4981-aaf0-f59fe75bb08b,d971cdb0-4785-4aff-b8d7-b1abed9644f5,1
db991f16-bc8c-4d27-8472-8786a838235a,04b50796-d69e-4b7e-881c-2e51f7ab54d3,8
db991f16-bc8c-4d27-8472-8786a838235a,55d6237c-37e5-4a3d-86ad-4619bf5fdc20,1
fd4fd056-47a7-40e2-8d99-29366b525b59,90b176b8-9214-4a32-8d49-3eed3ae85adf,3
fd4fd056-47a7-40e2-8d99-29366b525b59,31f01cb1-f081-4de1-afb7-9f5482b0c001,10
fd4fd056-47a7-40e2-8d99-29366b525b59,70d34baf-1b89-4803-ac5c-b3c004d108f1,9
c6390e4f-591d-45a2-b090-91f19a37cc64,f893885d-13f5-4a58-82ab-ca8f4118ee35,6
c6390e4f-591d-45a2-b090-91f19a37cc64,87740382-2194-4283-a261-dba129af2c62,9
f8eab94d-1b9a-4cae-a437-8d6c919572ad,304b645b-b81e-48f4-8906-0de2346cb7ad,1
c6390e4f-591d-45a2-b090-91f19a37cc64,15aebe4a-3a8a-470a-9e55-79c1e6a079e7,1
c6390e4f-591d-45a2-b090-91f19a37cc64,c28bd222-6335-4940-85f6-befb4d7cb1a2,5
482e6e30-3af3-4049-b501-22960701b9b7,a5f626e6-949c-4e23-8f38-d28e8c2c7fca,3
482e6e30-3af3-4049-b501-22960701b9b7,be5f50f8-b1fb-4ac7-8de3-ab8d7ddce41a,2
482e6e30-3af3-4049-b501-22960701b9b7,79f4d03a-e520-4525-ab55-75de2294c893,1
bcf694fa-0445-4596-aeda-331661f93fe1,da4a9f0d-4adb-4bf0-9da2-e2668ae99209,4
bcf694fa-0445-4596-aeda-331661f93fe1,c1f4db9b-d8b6-4cbe-ac35-bdc34baf79fb,6
74e26685-77da-4c76-9518-6a157aa37fc1,b897cb5a-55ad-47ea-96e9-7510e6b40138,4
74e26685-77da-4c76-9518-6a157aa37fc1,51eb7a1d-7d86-4ff6-aaa4-f663928becb5,2
74e26685-77da-4c76-9518-6a157aa37fc1,7ba88c77-772b-4382-88d9-49a77f3212db,7
9ddffbe5-81dc-4362-93b5-99444b92751f,611005f6-d055-4965-ab8e-f839204f47d3,4
2e002871-cc90-433a-bf1a-cdca9af0d1a2,a9452b16-5ab6-4a95-b3e7-504bd2870140,8
2e002871-cc90-433a-bf1a-cdca9af0d1a2,0fe125bc-acbb-4551-9ee1-7d1790f74438,6
2e002871-cc90-433a-bf1a-cdca9af0d1a2,b19378d9-b657-4f10-a5e7-1a76ef64aa47,9
2e002871-cc90-433a-bf1a-cdca9af0d1a2,46213667-e7cd-4675-bdc9-726c4e79b970,1
770dcaee-b452-403c-ba75-a5f2a9721f71,8ba07c77-ec59-4cbe-9101-3dca7c8ee117,3
770dcaee-b452-403c-ba75-a5f2a9721f71,0b41111f-8d00-4fe2-9c10-a8b9e41c0fdc,7
770dcaee-b452-403c-ba75-a5f2a9721f71,382d28be-cdfc-4c74-83ad-32b3c5f1ae20,5
770dcaee-b452-403c-ba75-a5f2a9721f71,a7ffb0f4-3140-4082-b3f3-c3fa02755f3c,2
6d26abcc-3bb1-42d7-8bd6-9bf08f7db967,c3bfdc9e-855e-4762-9904-c799ae1a3db2,7
64ce1e66-83b8-4184-9603-ab1e114d2097,caf5da78-0541-48d2-915f-fd32e4515905,5
db8f6b7c-1bc6-4f54-b529-75b5a84a1eaf,5d27b095-44cd-4f8b-8b6f-ef3eecae67da,2
9ddffbe5-81dc-4362-93b5-99444b92751f,f1eeb67f-0a23-426f-9c06-cc0c5d5a6d79,6
64ce1e66-83b8-4184-9603-ab1e114d2097,6526f33f-a581-4420-a8fe-83085e4e1c73,3
64ce1e66-83b8-4184-9603-ab1e114d2097,b61d7bf4-020c-4b21-b066-4a503c0f01e0,6
64ce1e66-83b8-4184-9603-ab1e114d2097,f49adf27-d4e1-43a2-9f76-d9e728e4fa49,8
64ce1e66-83b8-4184-9603-ab1e114d2097,c789b112-f81e-4220-ac26-def2800fbe1c,10
50ce9a02-f9e1-4c72-8073-6255a0dc1858,c26268e6-52e9-454e-936d-921d13ae0e50,6
50ce9a02-f9e1-4c72-8073-6255a0dc1858,1669a393-3a17-44df-afda-99e815febeeb,10
50ce9a02-f9e1-4c72-8073-6255a0dc1858,0a0830e7-a21a-4fae-855a-41c977efff3b,3
3d205138-6517-49ef-a5fd-ed59bda8ba58,a6b9ce0c-4a50-4ce7-8af4-7d93fafb2bd6,9
3d205138-6517-49ef-a5fd-ed59bda8ba58,07b53671-1ecb-41c8-a52c-fb1387e6e01f,3
3d205138-6517-49ef-a5fd-ed59bda8ba58,ff696dbb-ec55-4700-9e89-43c6a61c611e,4
9ddffbe5-81dc-4362-93b5-99444b92751f,ebdb01a0-4439-42fe-80cd-4883ae5d29c8,9
3d205138-6517-49ef-a5fd-ed59bda8ba58,519e9b5c-8997-423e-9b75-0890a079704d,10
3d205138-6517-49ef-a5fd-ed59bda8ba58,dbaecdba-01d2-4327-8132-6c29f9ce52c4,1
612adb39-9d3f-4d55-8b57-e2c51441c523,19e10ec9-9e01-477b-97c1-b84a90cc3b15,2
612adb39-9d3f-4d55-8b57-e2c51441c523,da2a9ac4-8714-4470-886b-7bb9694beedd,1
612adb39-9d3f-4d55-8b57-e2c51441c523,b14c67a9-fa55-48b6-a131-e65dcda4e4a8,4
612adb39-9d3f-4d55-8b57-e2c51441c523,fa8c9d1a-12c1-4749-8fc7-b56f882e0044,3
612adb39-9d3f-4d55-8b57-e2c51441c523,16128625-e19a-40e1-b3fd-4932ecee48db,7
38cb4928-ff55-414e-85bb-277d98487e96,92c17e49-b2b4-4af9-b568-2ae8fc99c0aa,9
38cb4928-ff55-414e-85bb-277d98487e96,c35db945-ddb4-4f9f-aa17-0ecb0518c824,8
38cb4928-ff55-414e-85bb-277d98487e96,f893885d-13f5-4a58-82ab-ca8f4118ee35,7
9ddffbe5-81dc-4362-93b5-99444b92751f,d386275b-e7fd-47a5-abac-576c4b9361a7,8
38cb4928-ff55-414e-85bb-277d98487e96,40bc4c65-bf45-464a-b3a8-de641dbf8172,1
38cb4928-ff55-414e-85bb-277d98487e96,3aa614bb-04c4-439c-a5ad-106fb248d584,2
38cb4928-ff55-414e-85bb-277d98487e96,ec2eadb1-9069-4195-b898-8c7dbdaf634f,6
309c2d74-f1cc-4455-8b42-85ab2f68f4a7,15c5722f-9755-4fa8-abb6-01490e427ce4,6
309c2d74-f1cc-4455-8b42-85ab2f68f4a7,6ae7e4aa-566e-4389-bb37-ac89929243d5,2
309c2d74-f1cc-4455-8b42-85ab2f68f4a7,8f7bbe5f-f842-45d5-9ab3-7af1f24d5a2a,1
309c2d74-f1cc-4455-8b42-85ab2f68f4a7,ce087201-2fdb-47dc-af5d-ce24e931bb0b,8
309c2d74-f1cc-4455-8b42-85ab2f68f4a7,dc55694f-2dd3-46dd-8f08-a6bea73e88b1,5
29bb141b-9ec5-4386-a8fc-15a57aae3e6d,cbca3ad4-2eb3-47bc-b276-d2c160098f56,10
29bb141b-9ec5-4386-a8fc-15a57aae3e6d,337b84d6-d3c5-4df6-a706-716c8f9b4882,4
4ae9aff5-0060-404d-848d-af88a9cbee9f,24d7cab9-e478-4b59-88a4-6119b9f734ee,2
29bb141b-9ec5-4386-a8fc-15a57aae3e6d,80ddeb7f-7869-48a3-bb29-eaf894ddee43,6
c9a99a0f-da42-46da-87a2-2274947510e6,0297f180-0502-4903-8f28-d1f4032a9991,1
c9a99a0f-da42-46da-87a2-2274947510e6,56c36fdf-73c7-4f0d-84d8-c83d8f3640cc,8
ae0c0bc2-82c3-4e50-b0bd-97cd578261ca,7478017d-a7c9-4fe9-b8fe-b0a83df25868,3
ae0c0bc2-82c3-4e50-b0bd-97cd578261ca,6588d332-b490-4713-a7bd-e8918c835184,7
ae0c0bc2-82c3-4e50-b0bd-97cd578261ca,6e8a1bd7-e348-4b28-8825-92e256045c3a,1
4f9c2be9-177a-4765-b96e-78ba27483656,ce65110b-a353-4d83-8dae-4bbbee1467b3,6
4f9c2be9-177a-4765-b96e-78ba27483656,59ed9a56-9720-4d0a-b19c-a7ae06908818,4
c18802ca-0e62-4341-b2a8-fac43ef316be,43254d5c-e602-4cb2-841d-b30c258faa96,4
c18802ca-0e62-4341-b2a8-fac43ef316be,b0cd4dd3-6a42-4d8e-adef-f3c36b8e4847,7
4ae9aff5-0060-404d-848d-af88a9cbee9f,5edd54a9-a4ac-4a66-bdab-ffe58eaa4e99,7
c18802ca-0e62-4341-b2a8-fac43ef316be,33001cf9-bcbb-417c-996e-871eb7cb5cd8,1
c18802ca-0e62-4341-b2a8-fac43ef316be,2b902c19-ffc2-42dd-a4a8-bb1edd272651,3
749fb7e0-7c7e-4158-8c66-f377e45ab24a,253f61a5-bc7a-4c6f-9682-700cd3c86082,3
749fb7e0-7c7e-4158-8c66-f377e45ab24a,594ba910-b8fe-4ac7-8b02-61416fe7db74,6
749fb7e0-7c7e-4158-8c66-f377e45ab24a,5d047ebf-6bd8-4cf8-9734-4f427c4a7666,9
749fb7e0-7c7e-4158-8c66-f377e45ab24a,bf86e5fc-0eac-4662-984f-97a81077a47b,1
749fb7e0-7c7e-4158-8c66-f377e45ab24a,aacaf289-cf28-47d2-ac73-7ee563c60c8d,8
749fb7e0-7c7e-4158-8c66-f377e45ab24a,d0cf4099-96b4-4a1f-8d76-82e5f692e8e1,7
f8f321eb-67f8-4274-966b-af690a21a35f,66a1a9f8-d385-4a1d-8b1f-389542b8fb68,2
f8f321eb-67f8-4274-966b-af690a21a35f,591f7e8d-598a-4db7-98e2-e4eb71d0ef45,7
4ae9aff5-0060-404d-848d-af88a9cbee9f,22dcf8ae-8027-450c-8fbf-789b22ad138b,10
f8f321eb-67f8-4274-966b-af690a21a35f,5f417c27-fd72-44c6-96b1-eef1dcf8ec87,6
a45ac9e1-37f3-44dd-a3d6-57aabbcf731e,f4dcba57-756c-4a25-96f8-56c1dbf170d7,9
a45ac9e1-37f3-44dd-a3d6-57aabbcf731e,d840efab-a7a7-45d7-b8d7-42017a412fe5,3
a45ac9e1-37f3-44dd-a3d6-57aabbcf731e,3de41a71-3100-4dfe-8189-773e5fb09289,8
96d564bf-2e6a-4f84-872b-1fa590a143c8,bf95c2f3-eb29-42f3-a34f-98c021c03621,4
96d564bf-2e6a-4f84-872b-1fa590a143c8,8a7e70c5-0012-491f-9526-1686cc77dff8,1
96d564bf-2e6a-4f84-872b-1fa590a143c8,07cd85a4-8695-4f5d-9b05-1cc4b71da5cb,10
96d564bf-2e6a-4f84-872b-1fa590a143c8,f65468aa-2ff3-4f6b-830e-87e2e54733dd,9
373b2d89-71fe-4300-9b98-d3e015357c1c,dfb42704-de53-4c16-b989-a60e275d1ac1,4
98195d7d-160d-4d82-8ecb-336f9deb68f7,027ebf40-f5d6-4522-bad5-383eb947c21a,9
4ae9aff5-0060-404d-848d-af88a9cbee9f,cecdb11d-84e7-42ab-8291-29dc82b6f927,9
98195d7d-160d-4d82-8ecb-336f9deb68f7,44fd2698-e0c7-45ed-9392-b7a0aae341f9,1
98195d7d-160d-4d82-8ecb-336f9deb68f7,eb0c0c26-cb91-437b-8495-549fa584a635,2
7db9c4b5-1a6d-4f62-8b69-c29602785779,69ae5244-eb11-4ee6-9e11-369979ac9b49,1
7db9c4b5-1a6d-4f62-8b69-c29602785779,51149028-96e9-4645-8f31-68ca4fd080bd,3
7db9c4b5-1a6d-4f62-8b69-c29602785779,cafc1bd6-b99e-4b98-94f6-adbe4980df6d,2
7db9c4b5-1a6d-4f62-8b69-c29602785779,23271365-903a-43be-b9f5-aa8d709b3706,4
7db9c4b5-1a6d-4f62-8b69-c29602785779,3d7a2a22-039a-4328-92b7-d04abfb8b535,6
ba4f3dec-63e5-49c9-b2b5-13bdd3fcbc22,ea7a5db7-8a18-4402-9562-cf58a751fcda,5
ba4f3dec-63e5-49c9-b2b5-13bdd3fcbc22,f08da038-f22d-4a70-8b96-35c7c0bc78ab,1
ba4f3dec-63e5-49c9-b2b5-13bdd3fcbc22,ab66ca0b-8ba4-425a-9a84-6eaa43616e4c,9
fa8d8c55-ed38-47fe-bbf3-bc44469a5e6f,a9aa756c-21ff-4ffc-94e6-3ec667bfe9ea,3
ba4f3dec-63e5-49c9-b2b5-13bdd3fcbc22,d9c74ddd-6182-44ff-8a14-9f9395f85270,2
ba4f3dec-63e5-49c9-b2b5-13bdd3fcbc22,1ec0b604-170d-47c6-9d80-ef183797f0d8,7
9bca9039-8f1c-4f6b-8c48-29e434ae0492,f25da40a-925a-4e64-a20a-11af93626963,1
9bca9039-8f1c-4f6b-8c48-29e434ae0492,e8df7276-fc0a-4e09-9925-8f7c0aa0d153,2
2f4bf5ff-3073-4463-92aa-c74e19080e36,85a55487-dd9f-46b2-8bf5-ee9374fb4170,9
2f4bf5ff-3073-4463-92aa-c74e19080e36,5b170cdc-baff-4d7c-a6f0-bbeb3eefe759,6
84c444d2-d931-476b-a333-4366cc3b04d3,f45287a7-f101-4161-a923-f7665595bd63,3
84c444d2-d931-476b-a333-4366cc3b04d3,40ac78b7-33e9-447c-9c8e-30733bcb8c31,6
84c444d2-d931-476b-a333-4366cc3b04d3,273e1620-812e-4758-9e1c-974651213c48,4
a6e7b638-16f0-4834-acff-66d59e6368ed,f9453ffe-2407-442a-ad3a-7fbc7229b70d,8
fa8d8c55-ed38-47fe-bbf3-bc44469a5e6f,bb56bce2-f947-4da6-bb0d-00034f433062,1
a6e7b638-16f0-4834-acff-66d59e6368ed,0c628cb8-24f6-4aea-b726-08c0891f10b4,4
a6e7b638-16f0-4834-acff-66d59e6368ed,2c7541ab-5c47-4531-8dc2-01f251b3c19a,3
a6e7b638-16f0-4834-acff-66d59e6368ed,a3b3c261-7966-4ee6-aaef-5efc6fa1abc6,9
a6e7b638-16f0-4834-acff-66d59e6368ed,04b50796-d69e-4b7e-881c-2e51f7ab54d3,7
1f2ee18c-81f9-46f1-a80f-2b36b3cf7bae,94e5dc5d-77c2-4f1b-92e8-51f6950a78ac,3
1f2ee18c-81f9-46f1-a80f-2b36b3cf7bae,e0e35dab-372f-44f6-bc33-d8b3ee26e701,9
1f2ee18c-81f9-46f1-a80f-2b36b3cf7bae,fcdab801-fa79-4422-be5c-a723d4d6f78e,7
1f2ee18c-81f9-46f1-a80f-2b36b3cf7bae,444c8bab-a598-4fbd-8c45-43ecbbefaa12,1
1f2ee18c-81f9-46f1-a80f-2b36b3cf7bae,af796f27-6fca-4d0f-80d3-b0d09a2652f3,4
82374168-7c5f-4933-a176-75b0c2ffb1f1,ceed7ec4-4df8-4e9b-a1de-06b04f9a4908,5
8641b690-7fe4-4633-b7b6-822f7f0dfd90,824349be-8428-4d5d-9528-f233ed9a271d,1
82374168-7c5f-4933-a176-75b0c2ffb1f1,6df34a13-834a-4498-b83d-b11178172cb2,10
82374168-7c5f-4933-a176-75b0c2ffb1f1,c35f1055-2456-4ca1-8265-66da9921c64a,9
65b97a24-8e60-4f99-b0b2-ae254d4e228d,329d471f-a9bc-4efb-a107-89e8396f80fa,10
65b97a24-8e60-4f99-b0b2-ae254d4e228d,072c5d20-4282-4d06-a14b-896eb61e4f80,5
65b97a24-8e60-4f99-b0b2-ae254d4e228d,2f8f93d6-8156-4046-bca6-42b24dd77fd2,3
a24ec42f-c301-4969-9991-ebaa959ffbc2,7b1b09a9-e0bf-492a-a4ac-a908eec3f149,4
a24ec42f-c301-4969-9991-ebaa959ffbc2,3f340b0d-f360-49e6-9fed-9c9f1ea64024,6
a24ec42f-c301-4969-9991-ebaa959ffbc2,bcb36210-a558-4bca-bc48-179b7ff8983f,1
aaece4e5-8e54-447c-abc7-0bc7c738861b,96f4b73b-7e2d-480c-9446-126812bf1e0b,8
aaece4e5-8e54-447c-abc7-0bc7c738861b,855e5302-5020-4869-a0b0-6521abcd8ee3,1
db8f6b7c-1bc6-4f54-b529-75b5a84a1eaf,5429c932-25e0-4443-92ec-cea00373a706,5
8641b690-7fe4-4633-b7b6-822f7f0dfd90,3dce1589-37ba-4a61-abb2-60e7dea32587,4
bc992cce-1cf4-4b03-8e0c-db24f06b4ed1,c90328a2-d813-4682-96da-9c62ba8fde17,3
bc992cce-1cf4-4b03-8e0c-db24f06b4ed1,f710c515-1f93-4ae6-92c4-726572b3bd29,5
201cdd11-0ed5-4b02-a8ea-d90d20dc674b,92c17e49-b2b4-4af9-b568-2ae8fc99c0aa,3
201cdd11-0ed5-4b02-a8ea-d90d20dc674b,8cada605-9a80-4dca-a673-245ed54d2946,6
ba11ec9c-d09b-4dbb-b5b5-48c69f1318ab,4c1875e4-9f13-40ca-8034-c31d5e26984f,6
ba11ec9c-d09b-4dbb-b5b5-48c69f1318ab,1cb86927-7490-417b-a70f-65a5186d7e65,7
ba11ec9c-d09b-4dbb-b5b5-48c69f1318ab,4b561801-a55d-489e-bb98-3949cafcac71,8
ba11ec9c-d09b-4dbb-b5b5-48c69f1318ab,e60143bf-511a-4dfe-aa06-1f9021499e9b,10
ba11ec9c-d09b-4dbb-b5b5-48c69f1318ab,5a08f87b-039b-4f85-b771-17628c5fc2a2,1
018344b6-ebe3-4b62-be72-e05314ba7270,0262d695-1c52-40e4-8374-4df66c44e02f,5
8641b690-7fe4-4633-b7b6-822f7f0dfd90,7361e45f-f32c-43f7-a6eb-5069bcac27cb,9
018344b6-ebe3-4b62-be72-e05314ba7270,b18071e4-20db-4bd5-b95f-0a893dbace01,1
018344b6-ebe3-4b62-be72-e05314ba7270,66c3b531-f79c-497c-86af-9c2003f019a4,9
018344b6-ebe3-4b62-be72-e05314ba7270,5ab7b9cf-9873-4130-86fe-7ab6a3767b3f,6
d907dba4-28f5-4966-9e15-a03653c54cc1,d1236efb-6d33-4ff6-b065-801f0d26d323,10
d907dba4-28f5-4966-9e15-a03653c54cc1,669f107a-7760-4164-a541-5d08cdf23b48,8
d907dba4-28f5-4966-9e15-a03653c54cc1,c8cf2e5b-d2ca-4b96-83fd-34087b0e33dd,3
d907dba4-28f5-4966-9e15-a03653c54cc1,8edde0c6-d706-4652-a618-fcd90823fe23,5
d907dba4-28f5-4966-9e15-a03653c54cc1,967abaff-a4bc-4022-8485-2fffb03119a2,9
126a2a8c-cc90-4474-885d-abe92bf156ba,cac2e19a-2d81-4be2-94d5-6c486dbcf943,8
126a2a8c-cc90-4474-885d-abe92bf156ba,a462f46d-315b-46e8-9e0e-c0af512d1bc9,6
8641b690-7fe4-4633-b7b6-822f7f0dfd90,6e412c15-a8de-4172-9730-0a56474e58cb,5
126a2a8c-cc90-4474-885d-abe92bf156ba,e022dc0c-a0e5-470d-a4c0-19b0238d7960,4
d120fa27-0e27-4121-9684-18022cb7c202,e2986948-25f6-4831-b05c-82657614e007,9
d120fa27-0e27-4121-9684-18022cb7c202,c929567b-49b8-434b-830e-eab0b915a1f4,4
d120fa27-0e27-4121-9684-18022cb7c202,9760b89a-d65f-4c83-b175-b65bc2e2bc4b,1
d120fa27-0e27-4121-9684-18022cb7c202,8bfa2b72-bc59-462c-b6ed-018a02f3be52,5
62714ab6-3c90-480e-9789-44df8b74d63e,8a96da69-300e-4ddd-9b32-128ad715a0b0,8
62714ab6-3c90-480e-9789-44df8b74d63e,5ab7b9cf-9873-4130-86fe-7ab6a3767b3f,9
62714ab6-3c90-480e-9789-44df8b74d63e,2cce8b23-c916-4e85-95cd-e531a7d588d3,3
62714ab6-3c90-480e-9789-44df8b74d63e,3f28811f-36f7-4e93-ad9b-df803ecc61cc,5
33629a3b-ed32-49ab-804d-094979e7af14,a76e0514-a2e2-484a-aeac-b9cd722c76e0,1
9a59e217-10ce-4629-a880-ebafb81ca450,f91eac40-787e-4529-9318-ba1690893b13,6
33629a3b-ed32-49ab-804d-094979e7af14,10ceaca3-095d-4eb5-8349-c73793004bcb,5
33629a3b-ed32-49ab-804d-094979e7af14,da83bac0-3ffe-4f4d-a622-315142227489,10
33629a3b-ed32-49ab-804d-094979e7af14,ae5e5007-f654-4242-ae92-5620a12b828d,3
4a6f7488-c727-4efe-9c83-880117a8e22d,d51a82d8-499e-4951-813c-a42c3d8f1896,8
4a6f7488-c727-4efe-9c83-880117a8e22d,6e915e52-2050-42c8-a921-ed484b9733b7,7
a53918ef-7ce8-4240-b58d-3e24cc8c3b9d,478a4ac0-b4f5-4863-805a-f284073303f1,7
a53918ef-7ce8-4240-b58d-3e24cc8c3b9d,e5184d86-e1a5-4884-aece-85f2214f75d4,1
a53918ef-7ce8-4240-b58d-3e24cc8c3b9d,950f5138-c040-4b74-a7a8-81ea936cd7e9,8
a53918ef-7ce8-4240-b58d-3e24cc8c3b9d,6ca4e40e-97fe-444f-8c51-94b0cb8ea642,4
a53918ef-7ce8-4240-b58d-3e24cc8c3b9d,c2e68f93-7a79-4d1d-ac19-50f86c459d1a,10
9a59e217-10ce-4629-a880-ebafb81ca450,6b9f19bb-86eb-4cd8-8362-1ad14f003baf,10
1040ab67-7645-4a55-a3ad-774f1a32ba7d,b7f3d05d-c242-4c04-889f-0055effe9180,8
da97a7a4-9465-47c7-84ea-361b480e0aee,32e354ae-58ad-4058-84b4-862580d5c37a,3
7247c125-be60-4c83-bf67-d614f162d93e,bc231d51-adc8-4061-a611-b712f73b8b14,5
7247c125-be60-4c83-bf67-d614f162d93e,7e5dc9ae-cc11-49f6-a5f8-dafb5cd6d44c,7
7247c125-be60-4c83-bf67-d614f162d93e,12c2469e-001d-4683-b40c-cba5456b38bb,8
7247c125-be60-4c83-bf67-d614f162d93e,7bb0f6f5-ede8-4951-9aa2-e849eef5385d,4
7247c125-be60-4c83-bf67-d614f162d93e,d821fa45-2855-468f-9a78-8872a0726d5d,10
acb2ff3d-967d-4058-92a0-0180416dc2bc,03403f99-4594-42fd-8db3-a993a81d5355,9
acb2ff3d-967d-4058-92a0-0180416dc2bc,ef70bb63-24a1-431c-b2e2-931da117ba2c,5
acb2ff3d-967d-4058-92a0-0180416dc2bc,cea12346-504e-4b21-b164-1d3832cead62,2
b7e28b59-48da-4213-902d-ca48126ab103,0297f180-0502-4903-8f28-d1f4032a9991,8
acb2ff3d-967d-4058-92a0-0180416dc2bc,1bd734a2-990d-4cec-89df-2a0346e73e0c,7
acb2ff3d-967d-4058-92a0-0180416dc2bc,6cffb02d-0c58-4bf4-8d18-b55a9b8b4f7c,10
acb2ff3d-967d-4058-92a0-0180416dc2bc,f14c9346-bf5b-449b-9f38-c4b05ffc5349,6
a93c5b68-30f8-4066-9b94-e8a3f367a523,1ae65632-1d76-4830-9094-4f8f57d92709,4
a93c5b68-30f8-4066-9b94-e8a3f367a523,4e2748e3-b189-4bfd-94ac-3d436b929b83,7
a93c5b68-30f8-4066-9b94-e8a3f367a523,645ac1d9-10b0-47ab-bdce-217e119b3d33,6
a93c5b68-30f8-4066-9b94-e8a3f367a523,badbc98e-e55b-4563-b526-4ad610d6a3e8,10
a93c5b68-30f8-4066-9b94-e8a3f367a523,00d854be-35f1-4487-89d5-324f33dd7b6d,8
a93c5b68-30f8-4066-9b94-e8a3f367a523,aee8f560-1e20-4bb1-bd8e-d749aab56043,1
a93c5b68-30f8-4066-9b94-e8a3f367a523,001e9ab0-a503-41ab-b718-b89f19f3a233,5
b7e28b59-48da-4213-902d-ca48126ab103,6ec24783-c26f-4dac-9dd5-bfc67612fc94,3
d04efe9d-43d2-48ae-ad09-17444f991098,cafc1bd6-b99e-4b98-94f6-adbe4980df6d,10
d04efe9d-43d2-48ae-ad09-17444f991098,ccd81690-93ab-4819-b723-5a18fff43838,8
6a54ce63-53c0-4831-9e31-30d38fcda866,cbccc915-e8cb-4256-a3c6-ce29056573c4,3
6a54ce63-53c0-4831-9e31-30d38fcda866,029d280a-6cd5-44bd-b85e-7ff00ade50f4,6
6a54ce63-53c0-4831-9e31-30d38fcda866,776af091-9d17-479b-8816-85d73db573dd,5
6a54ce63-53c0-4831-9e31-30d38fcda866,94ca3f75-cfa5-430d-b3d6-c00c77fba5cb,4
6a54ce63-53c0-4831-9e31-30d38fcda866,b9227e32-89e6-4dc9-bf9a-c3cfaa88e05f,8
ef53e3ab-805f-402b-9faf-7e97e376f346,14206231-e030-4708-a762-85df27c2c452,8
ef53e3ab-805f-402b-9faf-7e97e376f346,fbaf337f-d338-46e9-aef6-25d3970145e0,9
935abb25-5e75-4c52-8db6-32ba85d58f8f,ffde51e8-72b4-4c34-8bd2-277c951d3143,2
b7e28b59-48da-4213-902d-ca48126ab103,cd5750bc-d316-4d13-b9f3-bf727322eb47,7
935abb25-5e75-4c52-8db6-32ba85d58f8f,8dc35759-b2ef-4027-b289-3d66003bb577,5
935abb25-5e75-4c52-8db6-32ba85d58f8f,fb49883f-6990-4c73-8640-09935809f934,1
935abb25-5e75-4c52-8db6-32ba85d58f8f,6dd41476-63c4-4cdb-8fd6-d16cfff3e9e3,7
1a6ef908-8d28-46e5-b3d8-a42c7ffbbf6c,fcdab801-fa79-4422-be5c-a723d4d6f78e,8
1a6ef908-8d28-46e5-b3d8-a42c7ffbbf6c,03c2d62e-78a2-4b41-b6e4-9bf5fc44f9d7,1
1a6ef908-8d28-46e5-b3d8-a42c7ffbbf6c,dfdcf88f-70c3-4dda-b28e-7317e5908596,4
975cae0e-f1d7-4032-b6f9-39d98c44e518,04d32e7d-120d-423a-a738-54049da4769b,7
a5837df1-df03-401a-b8a8-3343943be23e,73823133-fcf9-449f-8035-87d1fa226c2c,5
a5837df1-df03-401a-b8a8-3343943be23e,0c628cb8-24f6-4aea-b726-08c0891f10b4,1
a5837df1-df03-401a-b8a8-3343943be23e,d1e65ef4-080c-4226-a65c-7c7110db7a62,6
14e14548-6d08-4de2-93f1-8f05d54c3723,ca756d00-d101-441e-af09-b1cd3090786a,9
a5837df1-df03-401a-b8a8-3343943be23e,a71e6c8b-f301-430e-abff-4ae6baceb086,4
9793b1fe-ca24-438f-9fbd-f65367d0537c,1af4739f-cc5c-4f6a-8f40-8ffd04610e9f,2
9793b1fe-ca24-438f-9fbd-f65367d0537c,ad51881d-ee60-4429-92dc-d0caf89a7716,1
9793b1fe-ca24-438f-9fbd-f65367d0537c,f4617352-d792-4831-a9c3-8f017d10e478,3
9793b1fe-ca24-438f-9fbd-f65367d0537c,c9c8631c-53be-4471-909c-e992215533b9,5
fbaaf0d7-6e29-4c5e-9ae6-ba7d08dbea01,d74db19b-42a9-4527-a2f9-8cad0fe04e8a,2
fbaaf0d7-6e29-4c5e-9ae6-ba7d08dbea01,3ebc44af-a62f-4548-a79b-85234b794f55,5
fbaaf0d7-6e29-4c5e-9ae6-ba7d08dbea01,08c20056-27e6-432f-94b2-0eab4658b345,6
fbaaf0d7-6e29-4c5e-9ae6-ba7d08dbea01,9f9d04a7-1667-4ded-ad53-1b6212f0c80e,10
fbaaf0d7-6e29-4c5e-9ae6-ba7d08dbea01,ab0c62bd-ac74-4d83-ae51-65135d7678ba,7
14e14548-6d08-4de2-93f1-8f05d54c3723,9100b93d-3d53-4889-bee9-69cd2bf570ae,1
37e2faec-bcba-4ff3-93a7-7c1852cfbffe,7bf6b582-b701-4a2e-8616-5406d3d109a5,3
37e2faec-bcba-4ff3-93a7-7c1852cfbffe,77336522-13e3-49bd-80d5-06b274908d52,1
37e2faec-bcba-4ff3-93a7-7c1852cfbffe,5a361029-298d-419d-9dd0-61c4da374677,2
37e2faec-bcba-4ff3-93a7-7c1852cfbffe,a04433c1-936b-4aa3-8d0d-9cfa726bfea4,6
37e2faec-bcba-4ff3-93a7-7c1852cfbffe,36902a2f-66bb-4286-9114-8c9baa43761b,7
0a4ad225-66a8-4dbc-8522-0786d02f0cda,0fe01f9c-ad8b-439a-be05-c6135853ba14,5
0a4ad225-66a8-4dbc-8522-0786d02f0cda,e48eac9b-b14c-4e14-9954-2bb40323acca,7
0a4ad225-66a8-4dbc-8522-0786d02f0cda,72519c58-8942-40cd-ad93-117c9e04bd52,1
0a4ad225-66a8-4dbc-8522-0786d02f0cda,02623342-def2-461d-adf8-ab830904716e,9
0a4ad225-66a8-4dbc-8522-0786d02f0cda,934ad251-3527-419e-aa8f-103cf75a3792,6
db8f6b7c-1bc6-4f54-b529-75b5a84a1eaf,c9a032de-e73d-4d00-9a0d-8ddd9401e3ac,8
2833e33a-cce4-4e23-b466-cac28848bdb0,7318dcab-a88f-4f3b-9d55-3210af696e37,6
d17631e2-270e-4ec1-98ac-b6e8c11e9eeb,e8df7276-fc0a-4e09-9925-8f7c0aa0d153,9
d17631e2-270e-4ec1-98ac-b6e8c11e9eeb,0d545754-94b8-4322-8eae-605f8a391bbc,3
d17631e2-270e-4ec1-98ac-b6e8c11e9eeb,5d9612c2-f46f-4adb-bfdf-84a0e8cbcc49,1
f12655f1-1e17-4957-8bfa-3d827dd358e7,3f340b0d-f360-49e6-9fed-9c9f1ea64024,4
f12655f1-1e17-4957-8bfa-3d827dd358e7,1cbf8b98-11ab-4b33-b335-2a7b5f516b8e,7
f12655f1-1e17-4957-8bfa-3d827dd358e7,6a3b8f5e-dc1b-43d5-a466-5c8c8e318b2d,6
f12655f1-1e17-4957-8bfa-3d827dd358e7,2349f3fc-471e-42af-9bd1-ffa05c3c6795,9
f12655f1-1e17-4957-8bfa-3d827dd358e7,44ca7276-3498-415f-80af-e68a20c52323,1
62e6b0e6-104e-4318-a0d7-91a6a7ed43fb,bc231d51-adc8-4061-a611-b712f73b8b14,2
62e6b0e6-104e-4318-a0d7-91a6a7ed43fb,29600a92-1c4b-4653-8e9a-57be3c028920,7
2833e33a-cce4-4e23-b466-cac28848bdb0,2ffb1d7d-f926-4bbd-914f-a671ea04289b,9
886a7058-ab10-4f4b-a51e-85a708ade6ae,c147792a-8c63-42e4-9701-722dcfacda31,4
886a7058-ab10-4f4b-a51e-85a708ade6ae,d18a5a51-e3a3-43e7-93a5-73c46264eb6b,5
886a7058-ab10-4f4b-a51e-85a708ade6ae,2fdd5203-1cbb-4634-a476-61cb1481abb9,7
1d2f37c6-016a-44cf-8c0a-9d6cba1c99b9,f3d7eb58-75d5-418b-accd-0442563d11f8,10
1d2f37c6-016a-44cf-8c0a-9d6cba1c99b9,c8597a4c-f757-4c87-a59e-6cef902c0cbb,2
1d2f37c6-016a-44cf-8c0a-9d6cba1c99b9,668e5f96-3f18-4abe-a72b-9885340aeca5,7
1d2f37c6-016a-44cf-8c0a-9d6cba1c99b9,24979347-8f9b-4c1e-99b2-7ede50b686fa,1
26d84672-10a9-4a22-8879-5516664bb4fa,da0d2e58-8a60-4912-8c2e-f7bc485c4184,4
26d84672-10a9-4a22-8879-5516664bb4fa,4d402c81-2bbc-4368-b19f-28a11c4839ca,10
26d84672-10a9-4a22-8879-5516664bb4fa,e4d2a256-30cb-48cd-9dbd-f5ca11946093,8
2833e33a-cce4-4e23-b466-cac28848bdb0,baad65c7-31f6-4e46-b7dd-034b08c1289e,7
ad776ecd-9ab5-49d5-bd99-865b7869990c,dd9cb1c3-fa55-4124-b7a7-f9ef91b6ced1,10
ad776ecd-9ab5-49d5-bd99-865b7869990c,03c2d62e-78a2-4b41-b6e4-9bf5fc44f9d7,8
a43add90-6748-4458-920d-a3ffe092f246,e1f6ef06-a38e-4cf5-a23a-a104c8fc6d75,7
a43add90-6748-4458-920d-a3ffe092f246,d9a82110-8108-48cc-aeb4-4b4ef81cc31d,8
450584ab-5a73-42d0-bea3-bcf7e2265777,fdb501da-6992-4dbc-8d0e-5f0582b2f119,10
450584ab-5a73-42d0-bea3-bcf7e2265777,f082f48b-5788-4a43-99a8-5ff961fb5ec3,1
450584ab-5a73-42d0-bea3-bcf7e2265777,cca621d7-a1f7-4192-9184-7d521e2142e7,9
450584ab-5a73-42d0-bea3-bcf7e2265777,458f0399-1d6c-4fac-bedc-54b9ec425397,8
450584ab-5a73-42d0-bea3-bcf7e2265777,7a95d763-0122-4755-8fa3-90c50d067073,7
121adcfa-b3bb-445d-87e0-a7daa80d7321,0f984fa5-073d-46df-ba3b-f9282dac9161,8
2833e33a-cce4-4e23-b466-cac28848bdb0,fd750b08-6331-4817-a8ac-170e8d533b52,2
121adcfa-b3bb-445d-87e0-a7daa80d7321,bcf2f718-a161-4be9-9a6a-2e01b77144bd,6
121adcfa-b3bb-445d-87e0-a7daa80d7321,643cad45-7797-48e8-81c7-517431e3ff90,9
121adcfa-b3bb-445d-87e0-a7daa80d7321,69223586-5630-427f-9bed-cb3a3cba729e,4
d6d590ec-e8ba-48ff-83df-1b8a206f28d9,084af5c9-8f3e-4d21-9d97-6cfc6cea938e,4
d6d590ec-e8ba-48ff-83df-1b8a206f28d9,2fddf551-f15b-44ff-960e-af886146759a,7
d6d590ec-e8ba-48ff-83df-1b8a206f28d9,ded66952-a458-43e1-9b6e-d4c6c1379656,9
b60b80fc-6d3c-4426-8be9-7779569ad62b,0bce25b8-83d3-4e97-baa1-150cb1f9c472,6
b60b80fc-6d3c-4426-8be9-7779569ad62b,484aa2f3-566f-456a-86d5-02fb819e97b4,9
b60b80fc-6d3c-4426-8be9-7779569ad62b,0f46a7f5-f961-4cd8-bfac-e8496278ece0,8
5629d13c-16da-4521-94a4-1642e6a42c0b,c5b6c18a-6f18-4786-9728-6d2288ca96cb,10
6f9dea0c-1cfc-42f9-b08d-a47078512e67,80a84ac9-6d87-4171-ad65-cf4efd49223b,8
5629d13c-16da-4521-94a4-1642e6a42c0b,60872875-5891-486c-a049-c0e3fdc940e0,7
5629d13c-16da-4521-94a4-1642e6a42c0b,60872875-5891-486c-a049-c0e3fdc940e0,4
d61f1452-3653-4a8b-a7da-debba2e052cb,d8cc46b9-56e9-42b9-9d82-5d7b4217950f,6
d61f1452-3653-4a8b-a7da-debba2e052cb,cafc1bd6-b99e-4b98-94f6-adbe4980df6d,5
d61f1452-3653-4a8b-a7da-debba2e052cb,391d9565-41a3-40d7-86a2-42a216ff552a,3
dd66fa0b-1e6d-477b-b1d4-95ab2951ceb5,0bf00ffa-c0a7-4dff-8cbb-fae919f3cc38,3
dd66fa0b-1e6d-477b-b1d4-95ab2951ceb5,b7a42112-0071-452e-8826-4175d7b422df,5
dd66fa0b-1e6d-477b-b1d4-95ab2951ceb5,410be8b0-3439-45f3-8a3a-c92822f57a30,6
eb22cac4-34db-443b-ba78-6ff51a5dfeb6,df92bc17-8279-450d-b675-78585c20d25a,1
eb22cac4-34db-443b-ba78-6ff51a5dfeb6,7b1bcf99-14e7-48c4-a407-8a6f78bfe309,10
913864a0-103f-4982-908f-74b18baa1ce4,0f5b6839-42d4-45c7-8fed-cb2f4d705789,1
eb22cac4-34db-443b-ba78-6ff51a5dfeb6,006968c8-b800-4a9b-b063-3c4de58641d9,8
de56b4e2-9ad2-4ccc-b69a-ed4f88b67751,f96b2bdd-ce71-4f73-9e97-98343eb933ff,8
de56b4e2-9ad2-4ccc-b69a-ed4f88b67751,e6bf779f-4bd5-45b8-8beb-70e19bb09b9f,1
de56b4e2-9ad2-4ccc-b69a-ed4f88b67751,21ab8c6a-b4c8-46db-96fe-63036b371880,2
de56b4e2-9ad2-4ccc-b69a-ed4f88b67751,becff8f0-c2c9-4bb3-9d83-e3af2d11abce,7
961a0422-abb2-4e75-8311-9adb241f9063,a8c379d7-558f-4b0a-badf-04fe6778e6ef,7
961a0422-abb2-4e75-8311-9adb241f9063,a31005b3-2412-46af-a666-519538267e7c,3
961a0422-abb2-4e75-8311-9adb241f9063,3c348d39-3f61-4d86-8a45-bc32e9f5e6de,2
23915951-c52a-4ce6-ba47-af8211e1623d,bc2736b0-1f07-428f-ae81-68b5564c797a,2
23915951-c52a-4ce6-ba47-af8211e1623d,34986ee0-1ce7-44ad-9097-888edb7754b3,6
913864a0-103f-4982-908f-74b18baa1ce4,7083d963-e884-4094-abc9-5e36a9800edf,8
23915951-c52a-4ce6-ba47-af8211e1623d,3f75827d-a040-4571-b3e0-004d29970ec7,1
23915951-c52a-4ce6-ba47-af8211e1623d,21706c6a-353e-4a94-9fc0-949b82e8b6cc,9
58f508d0-48a5-4da7-97fe-1ec555045ca3,0bce25b8-83d3-4e97-baa1-150cb1f9c472,4
58f508d0-48a5-4da7-97fe-1ec555045ca3,4bbbaecc-647b-470c-82b9-e0f5a2bad5af,1
75036c9f-9100-462b-9ee1-901f4c49b785,77b23840-ccf9-4164-adad-1da0bee52443,1
75036c9f-9100-462b-9ee1-901f4c49b785,1969a123-27ec-42d7-925f-d1e3dd747ce2,7
75036c9f-9100-462b-9ee1-901f4c49b785,fb3571ae-9626-46c9-bf3f-905e9be30419,2
7b6ce4b1-a6ff-4cba-8f76-4df86eed4b47,fad58c60-49c6-4dc9-b2e5-6bc4ede46d6c,5
7b6ce4b1-a6ff-4cba-8f76-4df86eed4b47,ad4af3e3-8535-45cf-b991-a43d50b818c2,9
7b6ce4b1-a6ff-4cba-8f76-4df86eed4b47,da3b45dc-ce57-4816-be21-3d9625f7f8e6,7
1f772abb-6570-4d14-bf75-2c8010854cc0,e8e35bb1-7be7-47cf-8e6b-64c8b995d118,10
7b6ce4b1-a6ff-4cba-8f76-4df86eed4b47,4bbbaecc-647b-470c-82b9-e0f5a2bad5af,10
b858ec56-3ba8-40eb-8d81-5c6efff165f8,b1096c90-61b6-47f4-92f6-c8f3bc60e431,9
b858ec56-3ba8-40eb-8d81-5c6efff165f8,34147a21-6bad-4613-b80a-143d56b404b3,7
2d218209-f0c7-4c92-8a59-16d99d68c879,795c407f-24fe-42c3-9707-81b88439876b,2
f39115f8-544b-4445-a47d-295bf0469e78,07b53671-1ecb-41c8-a52c-fb1387e6e01f,10
f39115f8-544b-4445-a47d-295bf0469e78,6abe681b-9dc3-421b-a9fd-747ecd2c5ae2,1
f39115f8-544b-4445-a47d-295bf0469e78,2b1f72ab-e51b-46d2-a56a-738a05cf9bca,6
f39115f8-544b-4445-a47d-295bf0469e78,1af4739f-cc5c-4f6a-8f40-8ffd04610e9f,2
4005b178-75a3-40ec-9406-af754dde4ab3,07472b18-e146-49c3-9280-8f1c747b62d4,10
4005b178-75a3-40ec-9406-af754dde4ab3,10d250c0-8775-4095-bb60-afc62e316cd0,8
1f772abb-6570-4d14-bf75-2c8010854cc0,b7308049-9361-4056-983f-7348f74250d5,5
4005b178-75a3-40ec-9406-af754dde4ab3,84695281-9795-43cb-8acc-ec98fae394c2,1
d3a0c006-f69b-467d-be40-ac20fee7554b,485a2467-2d07-4cb0-ae2f-8c9f82b0e4c9,10
1a064fc3-5438-450c-8bf5-55f68196fecd,05747224-9a8d-42d5-ad76-4c26bc078fb8,10
12a3b473-992b-43f9-a7ac-53c579b2fc7f,09845e15-80f3-4077-8619-1b0736350b0a,3
12a3b473-992b-43f9-a7ac-53c579b2fc7f,950f9a9a-bbe2-4402-93a2-b8a5f237b78c,8
595cd60c-e10f-40bc-9855-a1bd18d4e4ed,0e44b45b-48aa-4c85-9b55-e03f0dca2118,3
595cd60c-e10f-40bc-9855-a1bd18d4e4ed,ca7a73c0-664a-4347-bee7-5dc12b077852,5
595cd60c-e10f-40bc-9855-a1bd18d4e4ed,7ff42bbc-6e39-4427-8fa5-2682d871456f,2
595cd60c-e10f-40bc-9855-a1bd18d4e4ed,29a72d85-24b1-4935-abdc-16aa9ee5b120,4
595cd60c-e10f-40bc-9855-a1bd18d4e4ed,4bd4fd18-66de-42ad-ac23-82866991d411,9
1f772abb-6570-4d14-bf75-2c8010854cc0,70787f77-0ea3-4ed4-88a9-5f395cdf2641,9
b1d6ed64-5937-4023-8fcf-3ce48ebe89cc,6cffb02d-0c58-4bf4-8d18-b55a9b8b4f7c,4
b1d6ed64-5937-4023-8fcf-3ce48ebe89cc,ace0f605-eec1-4bdc-9e66-dc1cc65a3b88,1
b1d6ed64-5937-4023-8fcf-3ce48ebe89cc,458f0399-1d6c-4fac-bedc-54b9ec425397,10
fb3b183f-29ce-46b8-881d-f32e42b79c0a,9a4fb156-2e3a-4a29-9aa0-7450f7eed4f8,2
6c383ecc-9ff8-44ae-94bf-ca8554895bb5,c78f8041-fb9b-4248-8fb7-8924f550dd7f,3
6c383ecc-9ff8-44ae-94bf-ca8554895bb5,39626222-72bd-43e9-8a6c-ff34ee6032aa,4
6c383ecc-9ff8-44ae-94bf-ca8554895bb5,f51b4b29-a7cb-442b-9600-cc234371fa58,1
13e22b89-88eb-41bc-ac6d-0c56a7e60f10,ab0c62bd-ac74-4d83-ae51-65135d7678ba,2
13e22b89-88eb-41bc-ac6d-0c56a7e60f10,48145315-232d-4c35-81a8-6c502f9db954,10
f098fcaa-0aeb-47dc-9e7d-bbf4aeb77976,22176e86-3717-46c7-b904-c844e3cbff29,8
5ea3d1ee-637c-4d5a-8b62-fd2dbafe0a97,3a157b0f-0cd3-4d97-a105-5473a4ea6f16,7
1f772abb-6570-4d14-bf75-2c8010854cc0,0ca10e1a-4fc3-4871-abc7-d5015f64ad0c,6
f098fcaa-0aeb-47dc-9e7d-bbf4aeb77976,1169b358-7408-4626-bb5a-54a0d54576d7,10
f098fcaa-0aeb-47dc-9e7d-bbf4aeb77976,bd126db0-af94-4cef-ac4d-29bc12871064,7
f098fcaa-0aeb-47dc-9e7d-bbf4aeb77976,40bc4c65-bf45-464a-b3a8-de641dbf8172,3
d12a6797-6c30-4046-a18e-12d8802ed9ae,bf407a56-3569-499a-a1f6-151f882be385,10
d12a6797-6c30-4046-a18e-12d8802ed9ae,4bafafa2-4805-49fa-8b2a-e5a21089b596,4
d12a6797-6c30-4046-a18e-12d8802ed9ae,e40834b5-fbb4-4334-b4d7-9c0df49f73f4,1
d12a6797-6c30-4046-a18e-12d8802ed9ae,93ecb3c0-8125-445a-a9b9-990e9da4a9b0,5
cbbc2b81-54c0-458a-8338-74ef37e1f345,21982303-a08f-4023-ad14-06dc8c647d4f,10
cbbc2b81-54c0-458a-8338-74ef37e1f345,96f4b73b-7e2d-480c-9446-126812bf1e0b,3
cbbc2b81-54c0-458a-8338-74ef37e1f345,45c78082-82e1-4b6a-b352-2de8175d9492,8
3d5e9e2b-9c5b-4671-bd41-23e38eb9f86d,ccbb7208-5cba-438a-866a-87f53d7052ad,5
cbbc2b81-54c0-458a-8338-74ef37e1f345,6404f6be-177f-42e1-b8ef-d921a58be6ca,5
90c3c6df-da5c-43e7-87cc-d93170b2bd06,bf0b15e7-baf6-4164-8c25-7ec238a08207,10
90c3c6df-da5c-43e7-87cc-d93170b2bd06,2eb9070e-d739-4e4d-b8a9-5b5a6b9ca2d1,7
90c3c6df-da5c-43e7-87cc-d93170b2bd06,fdfbe641-9ce3-4009-b0ec-c092b49fc8b4,5
90c3c6df-da5c-43e7-87cc-d93170b2bd06,9402a1d1-2fec-4103-a24c-6e9fe805ed50,3
9ac14b12-0f9a-499c-a4f2-c64dc5538ef5,934ad251-3527-419e-aa8f-103cf75a3792,1
9ac14b12-0f9a-499c-a4f2-c64dc5538ef5,c82eaf9f-1287-419a-ad2e-a786c4528277,10
9ac14b12-0f9a-499c-a4f2-c64dc5538ef5,7ba88c77-772b-4382-88d9-49a77f3212db,9
96de4f79-5bbd-4086-a05d-705904e18e6c,352b4db6-dad5-47bf-a6c0-595490667034,9
96de4f79-5bbd-4086-a05d-705904e18e6c,695a5640-2002-4f36-90fd-1fa56b87e1a4,4
3d5e9e2b-9c5b-4671-bd41-23e38eb9f86d,90e2f4a1-3a45-408f-8ae2-c162ec96ace1,7
96de4f79-5bbd-4086-a05d-705904e18e6c,d5e7904c-5395-4318-a3ae-dafd748b9ec9,2
96de4f79-5bbd-4086-a05d-705904e18e6c,8df69dbe-4f34-45f6-a30b-78875e6c9535,5
96de4f79-5bbd-4086-a05d-705904e18e6c,a5f626e6-949c-4e23-8f38-d28e8c2c7fca,7
82befbb9-1cea-4c3e-8a80-22ca11992e51,dc39282f-3bad-48a5-989e-2717be32f944,9
82befbb9-1cea-4c3e-8a80-22ca11992e51,b7a42112-0071-452e-8826-4175d7b422df,1
82befbb9-1cea-4c3e-8a80-22ca11992e51,aee1bebc-ea20-4ded-b19e-f73ea1d237e5,2
82befbb9-1cea-4c3e-8a80-22ca11992e51,d112a795-426a-4f76-91f3-e5e8599ecb19,6
1600f9bc-33fb-4eb4-94ec-270f7283a149,df3c0944-bf93-40d3-8704-97f79d6be78d,5
1600f9bc-33fb-4eb4-94ec-270f7283a149,4aa53e54-faed-47e7-a87f-514a01771c66,6
1600f9bc-33fb-4eb4-94ec-270f7283a149,ce65110b-a353-4d83-8dae-4bbbee1467b3,7
3d5e9e2b-9c5b-4671-bd41-23e38eb9f86d,aca6dcc2-95d4-4512-9d57-b7ecf5734bd6,1
1600f9bc-33fb-4eb4-94ec-270f7283a149,a11ec69a-12be-4dbf-93b7-9f8ca1ce5c3b,8
9983d1d7-9f1c-40e7-9ab3-816b3c7243ac,bcb36210-a558-4bca-bc48-179b7ff8983f,7
9983d1d7-9f1c-40e7-9ab3-816b3c7243ac,12b6a27e-d132-4b30-9e76-375b558744b7,5
9983d1d7-9f1c-40e7-9ab3-816b3c7243ac,faba71a5-815b-45b5-9ed6-191198b1b803,3
9983d1d7-9f1c-40e7-9ab3-816b3c7243ac,d8a628fb-2773-436e-9939-c4320b963dab,6
3cba9a2a-b8b6-4de5-bc81-8d3afc288332,0fe125bc-acbb-4551-9ee1-7d1790f74438,1
3cba9a2a-b8b6-4de5-bc81-8d3afc288332,c94806bb-8a11-44ac-8764-2c7e2f8aa9ce,4
3cba9a2a-b8b6-4de5-bc81-8d3afc288332,8f49f74e-ed90-46ee-9ab0-9ea9eb39db18,6
3cba9a2a-b8b6-4de5-bc81-8d3afc288332,b987a7b6-d6bb-411a-b781-e276130cf4e0,2
3cba9a2a-b8b6-4de5-bc81-8d3afc288332,b3048b1b-d93e-4f75-8c39-923b8631b02a,5
3d5e9e2b-9c5b-4671-bd41-23e38eb9f86d,fb96199d-6d6d-4677-842e-23167b52cb92,9
218503ac-41af-41a7-aadc-fc41cbff0afc,0fddb45c-3b4d-4628-b0e6-b3667bffdf35,4
218503ac-41af-41a7-aadc-fc41cbff0afc,fbaf337f-d338-46e9-aef6-25d3970145e0,1
218503ac-41af-41a7-aadc-fc41cbff0afc,73823133-fcf9-449f-8035-87d1fa226c2c,6
218503ac-41af-41a7-aadc-fc41cbff0afc,dc8e0d8e-bb96-4bfe-a0a1-f53543cf85a6,2
a6075fe5-942b-49c4-b9a3-acfb76de1a2f,1a34efec-4ec8-4d7a-b044-adfa87260a02,9
e29c9e75-0602-47fc-82da-0465c581a39a,e2919adc-3500-4588-a1e8-c624fafba845,7
e29c9e75-0602-47fc-82da-0465c581a39a,7ab54a9f-c4bf-4de5-8db8-7d9a8f37f7e7,10
3a528713-a7dc-442c-b7be-b4c2c1b11238,23c68d9b-09c7-469c-8f62-73e6e8ea63ef,6
3a528713-a7dc-442c-b7be-b4c2c1b11238,56e8f65d-ab9e-43af-ae91-828220e32227,3
3a528713-a7dc-442c-b7be-b4c2c1b11238,1d7939bb-e4cb-48d8-97b0-0a7e0d59741b,2
8350376e-9230-485f-a309-e372d4dad13f,1897cd86-387b-4b76-8463-1ec15c710727,6
3a528713-a7dc-442c-b7be-b4c2c1b11238,1d4bc5cb-bdf9-4f36-bede-c0f0c3fe19f3,7
99e224e6-80c2-4f57-b925-749875f7f5ed,f7eb1d7f-7008-4f3e-a7d8-979838ffdd5d,1
99e224e6-80c2-4f57-b925-749875f7f5ed,7a95d763-0122-4755-8fa3-90c50d067073,4
99e224e6-80c2-4f57-b925-749875f7f5ed,4530e4a3-3d76-4883-a10f-4e93bc2ddbda,6
99e224e6-80c2-4f57-b925-749875f7f5ed,1b16356b-5aa9-4b9e-b68a-edb3c2c2b9e9,3
b7117896-adc4-4303-9638-4fd417472789,6039d060-2c1f-46e8-96f6-582179722ae5,3
b7117896-adc4-4303-9638-4fd417472789,ce0a731a-9396-434b-83a0-cccbec115d56,10
b7117896-adc4-4303-9638-4fd417472789,3fe6ddc6-7a8f-4369-a2fc-dadb7f7c1f10,2
b7117896-adc4-4303-9638-4fd417472789,3039d3cc-f1f9-4b65-b874-458a9e53d925,6
020f416b-f751-42b6-b42c-3794b08bace5,a2c23774-c879-4d10-a28e-6ae4dc882efb,2
8350376e-9230-485f-a309-e372d4dad13f,b34f9ed3-1987-4787-8eaa-e996c0af0e2a,8
020f416b-f751-42b6-b42c-3794b08bace5,5a561b96-1248-4ec7-99d1-3001989cf329,4
020f416b-f751-42b6-b42c-3794b08bace5,9f9d04a7-1667-4ded-ad53-1b6212f0c80e,5
020f416b-f751-42b6-b42c-3794b08bace5,dffa8a19-554d-4238-ac67-7cf474e7edc8,8
8341c462-8120-411a-b966-041448c89582,75597d04-581f-4b20-abba-6306e5c094c6,3
9dc85b13-e913-45fe-95a1-bbf4a542970c,3a157b0f-0cd3-4d97-a105-5473a4ea6f16,7
9dc85b13-e913-45fe-95a1-bbf4a542970c,266c84f5-3c3a-4d6f-b429-4f2c703c0f4a,10
9dc85b13-e913-45fe-95a1-bbf4a542970c,3539b92c-a3f2-4491-aae7-0ea7383b6f10,6
9dc85b13-e913-45fe-95a1-bbf4a542970c,b39c6b50-38b9-4f72-930e-8f72daa1f6b1,1
9dc85b13-e913-45fe-95a1-bbf4a542970c,ec333016-0df4-4b40-bb44-be5a492896e1,3
fa69f162-d561-466c-bc15-b2f30cb92d54,cff45c38-76b1-4309-a6ef-0110ab91f726,2
8350376e-9230-485f-a309-e372d4dad13f,2b25f6f9-23a7-4518-9e7a-92efc583159f,1
fa69f162-d561-466c-bc15-b2f30cb92d54,b60099c8-1456-48d5-8e6f-c66f4ee11024,4
fa69f162-d561-466c-bc15-b2f30cb92d54,64c4aec0-49b5-4994-b993-8822c26a4e96,10
ae9e63e4-b636-48b2-af0c-d60449ff485c,f6b87911-6cf3-4508-8092-12a0f9ce6842,5
eb51d4de-db8d-4e5f-9a73-fa10098995c3,f4cc134c-5192-48a2-9551-317f915e82a3,8
eb51d4de-db8d-4e5f-9a73-fa10098995c3,80a84ac9-6d87-4171-ad65-cf4efd49223b,4
83e7fed8-c61b-43a6-bdbc-c1ddf1917d47,cf6f5f9a-d30f-4382-96ef-3fc9ce09104d,8
83e7fed8-c61b-43a6-bdbc-c1ddf1917d47,1669a393-3a17-44df-afda-99e815febeeb,4
c4e395f9-8c9b-455e-a976-3893cd288db4,dcd4cc02-a21f-484c-aa3a-70411e35002b,8
c4e395f9-8c9b-455e-a976-3893cd288db4,a8fe0b65-2db8-47c8-b9f1-318d3b1890ba,7
c4e395f9-8c9b-455e-a976-3893cd288db4,97a168fb-ccdd-464b-b9e0-b2ff7ad66748,5
8350376e-9230-485f-a309-e372d4dad13f,58156ad5-5f99-4adc-87f5-76e94b940665,9
c4e395f9-8c9b-455e-a976-3893cd288db4,69223586-5630-427f-9bed-cb3a3cba729e,4
c4e395f9-8c9b-455e-a976-3893cd288db4,90a86d0e-98a2-4f88-ae8c-6e9ae8c4ba82,9
c4e395f9-8c9b-455e-a976-3893cd288db4,ceaee358-3f99-4cfc-9a1c-2aa7c41e7277,3
be898b42-14f9-4451-b45f-8d47338ada3f,da83bac0-3ffe-4f4d-a622-315142227489,6
be898b42-14f9-4451-b45f-8d47338ada3f,28b2e709-cf8b-45ac-a228-003720067c21,7
be898b42-14f9-4451-b45f-8d47338ada3f,38a7e79c-9121-4cfb-99a9-fc4fd8bebf6c,2
d652c195-4efd-4d6a-ac02-7c0f3763638a,e00fbb29-6604-42a2-8340-716dbd110930,9
d652c195-4efd-4d6a-ac02-7c0f3763638a,d971cdb0-4785-4aff-b8d7-b1abed9644f5,10
b93eb4db-857e-427e-bec9-c561f07ef008,34108733-3f47-421a-8143-d7506134550a,7
b93eb4db-857e-427e-bec9-c561f07ef008,32547f14-e4ec-4c78-b0c2-37beb96f9b30,8
8350376e-9230-485f-a309-e372d4dad13f,0414ad45-f49d-4bd9-a0ec-a7da2edfac1b,4
b93eb4db-857e-427e-bec9-c561f07ef008,932da4a8-5dec-4479-9208-1c1f314a77cb,4
b93eb4db-857e-427e-bec9-c561f07ef008,f1fd72d0-a731-494e-9047-40d3ae13d56d,6
114a90a3-4a6e-4d1f-8e5f-cbc6eca46b15,0010134a-0aed-46e1-9e18-baf3650af49e,6
114a90a3-4a6e-4d1f-8e5f-cbc6eca46b15,62afd767-b82d-420f-88ab-1df38aaaf2f8,7
114a90a3-4a6e-4d1f-8e5f-cbc6eca46b15,e7639caa-1c7e-47be-b215-663796180657,9
114a90a3-4a6e-4d1f-8e5f-cbc6eca46b15,bf2b2944-62e3-4a58-a11b-f6ec1dd93a47,2
114a90a3-4a6e-4d1f-8e5f-cbc6eca46b15,fcbe830d-77a8-4c81-8ca6-e7dd24d4e63c,8
114a90a3-4a6e-4d1f-8e5f-cbc6eca46b15,04d32e7d-120d-423a-a738-54049da4769b,3
114a90a3-4a6e-4d1f-8e5f-cbc6eca46b15,c3bfdc9e-855e-4762-9904-c799ae1a3db2,5
951cdfd6-c3d9-4fdf-be2a-94c0fddd32c6,bf7f1f6b-79e1-4071-bf1a-e122bc4b9055,2
