characterId,itemId,slot
2adc994e-6f0b-418a-a5a6-be2c2ab9e2b3,e6bf779f-4bd5-45b8-8beb-70e19bb09b9f,helmet
74e26685-77da-4c76-9518-6a157aa37fc1,335f42a2-7a3e-42aa-984f-84edf4e5577c,armor
5f451545-2af6-4830-bef0-2b61cc30bd9d,5502478a-75e6-4d41-83ab-145315cec75c,necklace
b7b27fb0-53ac-4c1d-b955-89d4f456f4b1,6ae7e4aa-566e-4389-bb37-ac89929243d5,leftHand
11a95586-71f0-4f28-a040-8de8dfcf21b4,d55e0831-3b10-4a4d-874a-8f0f897d2594,belt
11a95586-71f0-4f28-a040-8de8dfcf21b4,478c32b8-9448-4b94-bf37-a55d57396614,trinket
11a95586-71f0-4f28-a040-8de8dfcf21b4,0b07d7c8-f0a3-4462-aeab-f715067d6f3c,leftHand
11a95586-71f0-4f28-a040-8de8dfcf21b4,dd7a8a3a-b306-48f1-b96a-fc5f1b2f2d2f,rightHand
981b19c2-f30a-495a-b1a1-03cde7fe919e,ce0bfac9-d234-449a-9bdc-2d2493c1e73d,helmet
981b19c2-f30a-495a-b1a1-03cde7fe919e,0632e060-6dc7-43bf-bd4e-81afec2ebb85,armor
981b19c2-f30a-495a-b1a1-03cde7fe919e,6d00e8a6-8080-4e47-b14f-7558bec6b518,gloves
981b19c2-f30a-495a-b1a1-03cde7fe919e,d37a03f8-5bd3-40ed-a5ac-3513fb6308d4,boots
981b19c2-f30a-495a-b1a1-03cde7fe919e,df3c0944-bf93-40d3-8704-97f79d6be78d,necklace
981b19c2-f30a-495a-b1a1-03cde7fe919e,66fde94d-e911-475b-bc47-c68a8722a28f,ring
4a4d4d62-e51c-4f8b-9c91-61f631a9cb65,99f84e92-9d95-4437-9434-4c11e94a1a07,helmet
981b19c2-f30a-495a-b1a1-03cde7fe919e,fd3c940b-27fa-4af4-ada5-57e7ec61d50c,trinket
981b19c2-f30a-495a-b1a1-03cde7fe919e,a3077584-c4f3-4939-8da3-d6cd525ebe9a,leftHand
23e8f2e9-84d7-41b4-afa8-b2dbc2e92772,f5a2be30-efdd-4930-ad00-7cceb7f98420,helmet
23e8f2e9-84d7-41b4-afa8-b2dbc2e92772,fa8db248-0fe6-4cda-a0bc-b1f33c088add,armor
23e8f2e9-84d7-41b4-afa8-b2dbc2e92772,05747224-9a8d-42d5-ad76-4c26bc078fb8,gloves
23e8f2e9-84d7-41b4-afa8-b2dbc2e92772,8608a2ff-8edc-43ed-b4b3-4fc6d2b9efd6,boots
23e8f2e9-84d7-41b4-afa8-b2dbc2e92772,10d250c0-8775-4095-bb60-afc62e316cd0,necklace
23e8f2e9-84d7-41b4-afa8-b2dbc2e92772,3a4913ab-9deb-4095-907f-755010743fe2,belt
23e8f2e9-84d7-41b4-afa8-b2dbc2e92772,8b081171-16e7-4e6e-a351-06dc410b5ee7,ring
23e8f2e9-84d7-41b4-afa8-b2dbc2e92772,44ca7276-3498-415f-80af-e68a20c52323,trinket
4a4d4d62-e51c-4f8b-9c91-61f631a9cb65,48f8b8b6-c9a3-48d1-b32a-7cbc44a7cf15,armor
23e8f2e9-84d7-41b4-afa8-b2dbc2e92772,abf3c34b-2931-4651-91a4-1f39783a7229,leftHand
e636a5c2-9d4e-44d9-9438-d906f38c9489,9760b89a-d65f-4c83-b175-b65bc2e2bc4b,helmet
e636a5c2-9d4e-44d9-9438-d906f38c9489,5508f40e-61c5-4043-8777-43c188e02736,armor
e636a5c2-9d4e-44d9-9438-d906f38c9489,721baf1c-b89f-4d02-83b0-a23c6fbbc7a3,gloves
e636a5c2-9d4e-44d9-9438-d906f38c9489,a4c4de59-6e57-4cef-b008-bf569412d84c,boots
e636a5c2-9d4e-44d9-9438-d906f38c9489,b217d8e0-c665-472f-bfb2-f11cd575724c,necklace
e636a5c2-9d4e-44d9-9438-d906f38c9489,b26a6db4-8008-43af-942c-ecec2d43d418,belt
e636a5c2-9d4e-44d9-9438-d906f38c9489,1139242a-6b3c-4eaa-81f5-daa0eefecafe,ring
e636a5c2-9d4e-44d9-9438-d906f38c9489,f2da0136-a426-49fa-a22e-aa3bae5827a0,trinket
e636a5c2-9d4e-44d9-9438-d906f38c9489,59113f9d-a0a8-4f84-af17-b182f8ad5992,leftHand
4a4d4d62-e51c-4f8b-9c91-61f631a9cb65,45182e4c-3a55-4dd9-b85a-78e8511334f0,gloves
adcaa29d-b0b1-44e0-8de9-1876621078d1,22dcf8ae-8027-450c-8fbf-789b22ad138b,armor
adcaa29d-b0b1-44e0-8de9-1876621078d1,745c6e74-370a-479e-9aa1-384bdd8a2743,gloves
adcaa29d-b0b1-44e0-8de9-1876621078d1,8e9ae2a9-eb5c-4c4d-b0e0-fcb5032635fe,necklace
adcaa29d-b0b1-44e0-8de9-1876621078d1,b824d16d-604c-4b9b-b393-bfbf7bf2f123,belt
adcaa29d-b0b1-44e0-8de9-1876621078d1,5720eaed-a344-4ee3-84ab-0a8e00a6f444,ring
adcaa29d-b0b1-44e0-8de9-1876621078d1,269b0cb5-019a-441f-8ad3-4c6649157337,trinket
4eb887a3-6754-4edd-9c2e-3b4c4e39af82,ad1dfdf1-9999-4417-a585-604eef2c098e,helmet
4eb887a3-6754-4edd-9c2e-3b4c4e39af82,cc70dcdd-5b2b-4aa8-b740-f1a7289eae86,armor
4eb887a3-6754-4edd-9c2e-3b4c4e39af82,b6e90d6e-50e0-4fc7-a496-7a7cadfbe8a3,gloves
4eb887a3-6754-4edd-9c2e-3b4c4e39af82,17a203e6-765e-4aff-8907-0d445ba77219,boots
4a4d4d62-e51c-4f8b-9c91-61f631a9cb65,7bd2289a-f092-4756-9113-f3c40215e5b0,boots
4eb887a3-6754-4edd-9c2e-3b4c4e39af82,8e9ae2a9-eb5c-4c4d-b0e0-fcb5032635fe,necklace
4eb887a3-6754-4edd-9c2e-3b4c4e39af82,41355bdc-0a0c-49c0-9c74-2d5e0e243384,belt
4eb887a3-6754-4edd-9c2e-3b4c4e39af82,29c36a03-09f0-4b44-beb6-ab3939e550ea,trinket
9b8e6af8-6560-481b-9818-6189cc048ec7,725a8bcd-bbd1-4ee6-bc4d-78d271cc9674,helmet
9b8e6af8-6560-481b-9818-6189cc048ec7,97bba9f7-a9ac-4734-91bb-ef3cabdbe68a,armor
9b8e6af8-6560-481b-9818-6189cc048ec7,fff0b041-bd0b-4159-af57-f0e86bd3e7e6,gloves
9b8e6af8-6560-481b-9818-6189cc048ec7,a572d2ac-8f3b-40bd-a179-f44f4771f9be,boots
9b8e6af8-6560-481b-9818-6189cc048ec7,1a736ca9-df14-44f2-9726-4c05d8e26f79,necklace
9b8e6af8-6560-481b-9818-6189cc048ec7,33ecf6e5-5be7-4b53-9dab-653e34472cec,belt
9b8e6af8-6560-481b-9818-6189cc048ec7,fbc51e28-5eb2-4ea2-9628-5c7d1ff041c3,ring
4a4d4d62-e51c-4f8b-9c91-61f631a9cb65,75a81fc8-eb7a-4eb5-82a6-c74c1d5d718d,necklace
9b8e6af8-6560-481b-9818-6189cc048ec7,bd73233e-89e8-4bf8-a055-b2a741ee834e,trinket
9b8e6af8-6560-481b-9818-6189cc048ec7,1ae65632-1d76-4830-9094-4f8f57d92709,leftHand
cd4cfc13-84f8-43e4-842b-0a977611b890,038c821a-b227-4200-a3bc-7ae78295931e,helmet
cd4cfc13-84f8-43e4-842b-0a977611b890,63cf52cc-b536-4a51-bb93-be8267891979,armor
cd4cfc13-84f8-43e4-842b-0a977611b890,537929f0-3984-4a96-93f6-190d42685795,gloves
cd4cfc13-84f8-43e4-842b-0a977611b890,228318f7-65e7-4cf6-9c80-0637022f507d,boots
cd4cfc13-84f8-43e4-842b-0a977611b890,e3bb9ec1-fcc9-4569-987b-d41591afb84f,necklace
cd4cfc13-84f8-43e4-842b-0a977611b890,e48eac9b-b14c-4e14-9954-2bb40323acca,ring
cd4cfc13-84f8-43e4-842b-0a977611b890,da6eb0e7-9e22-44c1-a6ae-58c0c212d1d6,trinket
cd4cfc13-84f8-43e4-842b-0a977611b890,a343db20-c199-49ca-bf60-0db364710027,leftHand
4a4d4d62-e51c-4f8b-9c91-61f631a9cb65,6dfc1129-32ee-41f1-8a6e-770ab10f6a8c,belt
50b54c83-1c52-4fb4-9dcb-7fafc424cefa,c37824c3-7d1d-4e5c-abab-33e462fdf2f9,helmet
50b54c83-1c52-4fb4-9dcb-7fafc424cefa,162ada8d-73b3-4e30-a368-e507531422ba,armor
50b54c83-1c52-4fb4-9dcb-7fafc424cefa,ff7032b7-74f3-4725-96e5-93a2577d0541,gloves
50b54c83-1c52-4fb4-9dcb-7fafc424cefa,f6037e41-6dc5-4a14-9e5e-2df51720aa45,boots
50b54c83-1c52-4fb4-9dcb-7fafc424cefa,b217d8e0-c665-472f-bfb2-f11cd575724c,necklace
50b54c83-1c52-4fb4-9dcb-7fafc424cefa,cc48f8fa-fd53-494b-94c7-916f9bdd181f,ring
50b54c83-1c52-4fb4-9dcb-7fafc424cefa,15283608-b97a-4da4-920a-f834154a703f,leftHand
bd929a43-a65e-4602-88fe-8197c495fb6c,79f1b158-9e3e-4221-8ed3-95738c5ba9ed,armor
bd929a43-a65e-4602-88fe-8197c495fb6c,4de4cbdf-450b-4c9d-a9ca-c8778db5d432,gloves
bd929a43-a65e-4602-88fe-8197c495fb6c,fedcf685-54b2-42f6-bf9b-8381a4baca01,boots
4a4d4d62-e51c-4f8b-9c91-61f631a9cb65,f4809107-c8be-4853-a75d-ef6418f78ee9,trinket
bd929a43-a65e-4602-88fe-8197c495fb6c,d55a8f3e-e510-41f1-b28a-852d83de83cc,necklace
bd929a43-a65e-4602-88fe-8197c495fb6c,b61d7bf4-020c-4b21-b066-4a503c0f01e0,belt
bd929a43-a65e-4602-88fe-8197c495fb6c,fcdab801-fa79-4422-be5c-a723d4d6f78e,ring
bd929a43-a65e-4602-88fe-8197c495fb6c,4a4a42a5-711e-4fb2-8ec2-94efdbee542c,trinket
bd929a43-a65e-4602-88fe-8197c495fb6c,7f964466-2efe-4c41-992a-e88d93909187,leftHand
11f35664-7623-489b-ab12-b2e301b1ef6b,f569319d-4150-4079-83bd-9430581ff52e,helmet
11f35664-7623-489b-ab12-b2e301b1ef6b,99a63f0e-c7ed-4629-8819-f01ded6bb10c,gloves
11f35664-7623-489b-ab12-b2e301b1ef6b,76d7ba36-fe68-49bb-b33b-4ea0a0bea852,boots
11f35664-7623-489b-ab12-b2e301b1ef6b,9a6cd6d4-bf15-4f29-b8a9-4295a92c3db5,necklace
11f35664-7623-489b-ab12-b2e301b1ef6b,1d4bc5cb-bdf9-4f36-bede-c0f0c3fe19f3,belt
4a4d4d62-e51c-4f8b-9c91-61f631a9cb65,9b2dc722-af89-4aed-ac47-5d752e84a2d0,leftHand
11f35664-7623-489b-ab12-b2e301b1ef6b,259cbd21-4bb2-49d2-9cb0-03b889043870,ring
11f35664-7623-489b-ab12-b2e301b1ef6b,da6eb0e7-9e22-44c1-a6ae-58c0c212d1d6,trinket
11f35664-7623-489b-ab12-b2e301b1ef6b,ad9a49fb-4dc8-4859-9cf1-e2a91d6c5ec1,leftHand
0a6c51cd-fc69-41db-98be-cf7c6b4d7ad0,8741124f-f6e3-465a-a9cf-ec9881fb15e7,helmet
0a6c51cd-fc69-41db-98be-cf7c6b4d7ad0,042103c6-5784-4d4c-bb8c-3922cfed7766,armor
0a6c51cd-fc69-41db-98be-cf7c6b4d7ad0,eb647f56-8428-4833-afc1-cbb0b180787c,gloves
0a6c51cd-fc69-41db-98be-cf7c6b4d7ad0,b53cf6ed-c1b4-4bff-8fa8-d3d748f5c78d,boots
0a6c51cd-fc69-41db-98be-cf7c6b4d7ad0,7414d481-0823-4cdc-8095-c2714ae1198b,necklace
0a6c51cd-fc69-41db-98be-cf7c6b4d7ad0,458f0399-1d6c-4fac-bedc-54b9ec425397,belt
0a6c51cd-fc69-41db-98be-cf7c6b4d7ad0,b897cb5a-55ad-47ea-96e9-7510e6b40138,ring
191d3533-fd41-44cd-945f-1ad4a5eaee43,14a60ed4-75cd-4324-8a73-8bf741b467f7,helmet
0a6c51cd-fc69-41db-98be-cf7c6b4d7ad0,78a83af1-efdd-4f35-b3db-d4a57c78984f,trinket
0a6c51cd-fc69-41db-98be-cf7c6b4d7ad0,22900666-6410-4220-9048-baa03618438e,leftHand
c529b7c3-afdb-4dc7-8ab5-27e2dd54bf83,c6a24f5d-a8f2-4a2b-a416-8dd22f779913,helmet
c529b7c3-afdb-4dc7-8ab5-27e2dd54bf83,0e92cf85-777d-482d-958b-d480bfa20941,armor
c529b7c3-afdb-4dc7-8ab5-27e2dd54bf83,847f7261-9b89-4e52-af42-3c22d7474740,gloves
c529b7c3-afdb-4dc7-8ab5-27e2dd54bf83,b3eb0b61-bc3a-4d51-92f9-87d8f68c4af6,boots
c529b7c3-afdb-4dc7-8ab5-27e2dd54bf83,1764bff0-8b22-478d-a8be-0ec0be11b20f,necklace
c529b7c3-afdb-4dc7-8ab5-27e2dd54bf83,fd750b08-6331-4817-a8ac-170e8d533b52,belt
c529b7c3-afdb-4dc7-8ab5-27e2dd54bf83,824f7029-df89-4d58-a367-cbac5124d6a8,trinket
c529b7c3-afdb-4dc7-8ab5-27e2dd54bf83,5034f6ba-5e3b-4327-aaed-ce589e62c921,leftHand
5f451545-2af6-4830-bef0-2b61cc30bd9d,fdf82a92-a343-4a26-bb55-032e21bd89e4,belt
191d3533-fd41-44cd-945f-1ad4a5eaee43,94794afa-41aa-415b-8166-85c08335db09,armor
1a0df2f2-f517-42eb-b33b-3bbef92515ba,97bba9f7-a9ac-4734-91bb-ef3cabdbe68a,armor
1a0df2f2-f517-42eb-b33b-3bbef92515ba,c5394ceb-a5a9-496f-99f7-b089c55d30c8,gloves
1a0df2f2-f517-42eb-b33b-3bbef92515ba,233c2afc-4493-4664-b72f-707a57d5e1b2,boots
1a0df2f2-f517-42eb-b33b-3bbef92515ba,329d471f-a9bc-4efb-a107-89e8396f80fa,necklace
1a0df2f2-f517-42eb-b33b-3bbef92515ba,72f18b8c-c82d-48ab-9ec7-d9b28a8ffc87,belt
1a0df2f2-f517-42eb-b33b-3bbef92515ba,7f861461-f3e8-4cd5-af63-602316e069ee,ring
1a0df2f2-f517-42eb-b33b-3bbef92515ba,38f9ac97-c45b-41f0-91e2-9ac726d01762,trinket
1a0df2f2-f517-42eb-b33b-3bbef92515ba,ba75b240-c7a1-45c3-ac3e-dab7a07d1ac4,leftHand
45708821-bd2a-4984-8799-843e5c8509a0,99f84e92-9d95-4437-9434-4c11e94a1a07,helmet
45708821-bd2a-4984-8799-843e5c8509a0,89ac9658-d168-4318-a928-5164bc7f5fd4,armor
191d3533-fd41-44cd-945f-1ad4a5eaee43,d501caec-8948-4e70-9cd5-eeb3728c14db,gloves
45708821-bd2a-4984-8799-843e5c8509a0,249941e5-125a-4ec5-9660-469fbb93c619,boots
45708821-bd2a-4984-8799-843e5c8509a0,7900e36d-df34-48ab-8ca1-1390c8e27d32,necklace
45708821-bd2a-4984-8799-843e5c8509a0,aca2251e-8b9f-4a48-8a53-0f0996a846cf,belt
45708821-bd2a-4984-8799-843e5c8509a0,210609d9-691e-4152-bd36-95db846cd7bb,ring
45708821-bd2a-4984-8799-843e5c8509a0,21b8c673-2384-4e04-a5be-43c2c6dc55e4,trinket
45708821-bd2a-4984-8799-843e5c8509a0,6c994e5b-f63f-450b-8c2e-597c467199df,leftHand
a2305233-beb6-423a-9f61-d6731e382289,038c821a-b227-4200-a3bc-7ae78295931e,helmet
a2305233-beb6-423a-9f61-d6731e382289,63cf52cc-b536-4a51-bb93-be8267891979,armor
a2305233-beb6-423a-9f61-d6731e382289,3bff266a-efbd-4db3-9fc9-bde14df49759,gloves
a2305233-beb6-423a-9f61-d6731e382289,1669a393-3a17-44df-afda-99e815febeeb,boots
191d3533-fd41-44cd-945f-1ad4a5eaee43,48390998-a0ea-4d6f-bdc6-54e4a9c2bfbe,boots
a2305233-beb6-423a-9f61-d6731e382289,c0a5abc7-d98b-4170-9f6c-70139c37b1e7,necklace
a2305233-beb6-423a-9f61-d6731e382289,76057b57-badb-4749-aaf6-101552802337,belt
a2305233-beb6-423a-9f61-d6731e382289,fba8ebb3-6379-463e-a944-8bf1eb900db7,ring
a2305233-beb6-423a-9f61-d6731e382289,2c6878f0-248f-4eb8-98bf-9d946e42cf40,trinket
a2305233-beb6-423a-9f61-d6731e382289,7edb9778-2fbd-4b09-9b67-1adc2e67e1be,shield
edfa63f7-1e0d-431d-93c0-9ab3520b10b0,6ec24783-c26f-4dac-9dd5-bfc67612fc94,helmet
edfa63f7-1e0d-431d-93c0-9ab3520b10b0,6b07adfc-6d6b-4d5d-9a54-e2fe42b7352f,armor
edfa63f7-1e0d-431d-93c0-9ab3520b10b0,05747224-9a8d-42d5-ad76-4c26bc078fb8,gloves
edfa63f7-1e0d-431d-93c0-9ab3520b10b0,f623c7a3-4352-40a1-9b8e-020aa8209876,boots
edfa63f7-1e0d-431d-93c0-9ab3520b10b0,9d291a4c-0a55-45c8-aeb2-136cf6a05594,necklace
191d3533-fd41-44cd-945f-1ad4a5eaee43,8bfa2b72-bc59-462c-b6ed-018a02f3be52,necklace
edfa63f7-1e0d-431d-93c0-9ab3520b10b0,b9abfa1b-e460-422c-8471-36e21a284054,ring
edfa63f7-1e0d-431d-93c0-9ab3520b10b0,67ad6a16-5f9d-41e8-b6aa-c7f795464e00,trinket
edfa63f7-1e0d-431d-93c0-9ab3520b10b0,668e5f96-3f18-4abe-a72b-9885340aeca5,leftHand
608b5009-cb1e-478e-a286-e124d1718b38,0ff21fb9-66a8-4069-bbdb-f38fc79d82f8,helmet
608b5009-cb1e-478e-a286-e124d1718b38,e56c6015-1fe4-4ea1-95d1-bacf8fbd2b23,armor
608b5009-cb1e-478e-a286-e124d1718b38,3eae37dd-8639-4749-a3d6-424329dc390b,gloves
608b5009-cb1e-478e-a286-e124d1718b38,a59e01db-aa99-4b5c-9a1b-7929b718c4c1,boots
608b5009-cb1e-478e-a286-e124d1718b38,62b97f24-33ac-4cd2-884b-86d93c1d4c3d,necklace
608b5009-cb1e-478e-a286-e124d1718b38,79f7e4e3-0160-4a78-b52e-5223f4c14571,belt
608b5009-cb1e-478e-a286-e124d1718b38,f0015ce6-951d-4199-a5f0-17a5c0066989,ring
191d3533-fd41-44cd-945f-1ad4a5eaee43,ae2570ef-a566-43a0-b198-b5d042da7331,belt
608b5009-cb1e-478e-a286-e124d1718b38,2b06651b-993a-47c6-8101-93f969206e5e,trinket
608b5009-cb1e-478e-a286-e124d1718b38,85cd0b26-bdb9-46b1-b7a6-c429dacc2e03,leftHand
c810227e-e0d7-4b84-9a5c-c892d8d0b3db,48476d29-486e-4593-ae3f-9140a75e944f,helmet
c810227e-e0d7-4b84-9a5c-c892d8d0b3db,6a2da067-7d6d-4ed8-b0aa-512a7ebfc069,armor
c810227e-e0d7-4b84-9a5c-c892d8d0b3db,91cb9197-172b-435f-9ea3-32e593bff661,gloves
c810227e-e0d7-4b84-9a5c-c892d8d0b3db,5189182d-2693-4e4a-8fd7-4ed58f002385,boots
c810227e-e0d7-4b84-9a5c-c892d8d0b3db,33ecf6e5-5be7-4b53-9dab-653e34472cec,belt
c810227e-e0d7-4b84-9a5c-c892d8d0b3db,a4906fb9-aaf2-44a3-8ac4-840c48daff0e,ring
c810227e-e0d7-4b84-9a5c-c892d8d0b3db,f2da0136-a426-49fa-a22e-aa3bae5827a0,trinket
c810227e-e0d7-4b84-9a5c-c892d8d0b3db,7f964466-2efe-4c41-992a-e88d93909187,leftHand
191d3533-fd41-44cd-945f-1ad4a5eaee43,f4809107-c8be-4853-a75d-ef6418f78ee9,trinket
6a948c38-6bf6-47c5-a8e6-6842a66051a4,e62eecfb-db0f-4029-bf59-6bde24216144,helmet
6a948c38-6bf6-47c5-a8e6-6842a66051a4,b2887d03-0b9f-458e-acd8-e02297b2e9e6,armor
6a948c38-6bf6-47c5-a8e6-6842a66051a4,6b90c5eb-8294-4390-85ad-270a37a09331,gloves
6a948c38-6bf6-47c5-a8e6-6842a66051a4,53210d16-0f70-48ab-8911-bcc1a49abdee,boots
6a948c38-6bf6-47c5-a8e6-6842a66051a4,1764bff0-8b22-478d-a8be-0ec0be11b20f,necklace
6a948c38-6bf6-47c5-a8e6-6842a66051a4,6b762336-8758-4efc-b880-b04b483cad24,belt
6a948c38-6bf6-47c5-a8e6-6842a66051a4,29d78711-946a-4c31-ad7b-ecfaa8dc8189,ring
6a948c38-6bf6-47c5-a8e6-6842a66051a4,824f7029-df89-4d58-a367-cbac5124d6a8,trinket
6a948c38-6bf6-47c5-a8e6-6842a66051a4,4cbbe09b-e74b-456a-b648-f80f8fd20b1b,leftHand
b781a28f-a592-4aa7-a67b-3ffceeb468d0,11580c39-0b35-49b0-9d24-b0401a054f70,helmet
191d3533-fd41-44cd-945f-1ad4a5eaee43,09845e15-80f3-4077-8619-1b0736350b0a,leftHand
b781a28f-a592-4aa7-a67b-3ffceeb468d0,4bfa4aac-b4a8-46a7-81f8-ad8e17426360,armor
b781a28f-a592-4aa7-a67b-3ffceeb468d0,36953caa-7df4-4a56-a049-7d01029edba1,gloves
b781a28f-a592-4aa7-a67b-3ffceeb468d0,4ae0a664-0779-4c3f-94d9-cc1e2f4287b9,boots
b781a28f-a592-4aa7-a67b-3ffceeb468d0,c0a5abc7-d98b-4170-9f6c-70139c37b1e7,necklace
b781a28f-a592-4aa7-a67b-3ffceeb468d0,41541f53-059c-4fac-8e66-3bd7523beb71,belt
b781a28f-a592-4aa7-a67b-3ffceeb468d0,b16e413b-f09c-489a-bbf4-d5f576bf2751,ring
b781a28f-a592-4aa7-a67b-3ffceeb468d0,478c32b8-9448-4b94-bf37-a55d57396614,trinket
b781a28f-a592-4aa7-a67b-3ffceeb468d0,497bd1f9-c10a-46d7-a2da-cac3b2455c13,leftHand
7424f629-0549-4171-929e-125ec5e7cb86,07b53671-1ecb-41c8-a52c-fb1387e6e01f,helmet
7424f629-0549-4171-929e-125ec5e7cb86,0a60566f-63f7-4c78-b901-8025527a49f0,armor
191d3533-fd41-44cd-945f-1ad4a5eaee43,402e42e0-dfa4-4ac1-b5f0-852a65ebab82,rightHand
7424f629-0549-4171-929e-125ec5e7cb86,49ca8ea5-3d3b-4aad-b161-316e483b336c,gloves
7424f629-0549-4171-929e-125ec5e7cb86,afa01a37-862c-434f-907e-254078e4d61b,boots
7424f629-0549-4171-929e-125ec5e7cb86,839eb5fd-7b30-4cac-805f-bc5cc1161f95,necklace
7424f629-0549-4171-929e-125ec5e7cb86,05d73a3d-64ea-4879-8765-511f36e98939,belt
7424f629-0549-4171-929e-125ec5e7cb86,e8ceddbc-0a63-4034-80ac-738313233546,ring
7424f629-0549-4171-929e-125ec5e7cb86,16553454-0320-4395-9d25-6fc91ad269d1,trinket
7424f629-0549-4171-929e-125ec5e7cb86,f5b7469e-c15f-4d57-9aa8-03a904132ada,leftHand
b9c98838-e458-43a7-9de7-9029208e8958,006968c8-b800-4a9b-b063-3c4de58641d9,helmet
b9c98838-e458-43a7-9de7-9029208e8958,805de5b3-a0f2-4fe1-bd5a-a7c5a70e3bc3,armor
b9c98838-e458-43a7-9de7-9029208e8958,df92bc17-8279-450d-b675-78585c20d25a,gloves
88ff17d4-b815-47cc-9e5c-78ff4e11620e,42f27b9a-68df-419a-9389-6ba5138e0639,helmet
b9c98838-e458-43a7-9de7-9029208e8958,ac01614a-a0ac-4e35-8af3-704bd7d8aea3,boots
b9c98838-e458-43a7-9de7-9029208e8958,1c29cf7b-d13b-4e35-83d9-4bc75eaad54c,necklace
b9c98838-e458-43a7-9de7-9029208e8958,94065e8f-b565-42e4-85bb-5806c5492785,belt
b9c98838-e458-43a7-9de7-9029208e8958,90d5fdc1-cf39-4f37-8288-22b7d3c89afa,ring
b9c98838-e458-43a7-9de7-9029208e8958,824f7029-df89-4d58-a367-cbac5124d6a8,trinket
b9c98838-e458-43a7-9de7-9029208e8958,43cfaee3-d391-4b33-b732-cdea1b0e9652,leftHand
9b41f20d-e809-483f-8faa-92c54b14d302,548ce894-86e0-4aa0-8287-55b7b4fc8a51,helmet
9b41f20d-e809-483f-8faa-92c54b14d302,041ad4ed-e086-4fc6-b028-f4f924cac5b9,armor
9b41f20d-e809-483f-8faa-92c54b14d302,da4a9f0d-4adb-4bf0-9da2-e2668ae99209,gloves
9b41f20d-e809-483f-8faa-92c54b14d302,3f53168f-bca0-41c7-8675-56d7140fcd06,boots
88ff17d4-b815-47cc-9e5c-78ff4e11620e,8672e791-2983-476d-bca5-bf4da50a5618,armor
9b41f20d-e809-483f-8faa-92c54b14d302,891a2a71-0b54-4862-8b9d-13ed20f9eccf,necklace
9b41f20d-e809-483f-8faa-92c54b14d302,ce143120-2286-41e9-9763-901d6ce73ba3,belt
9b41f20d-e809-483f-8faa-92c54b14d302,fbc51e28-5eb2-4ea2-9628-5c7d1ff041c3,ring
9b41f20d-e809-483f-8faa-92c54b14d302,2ffb1d7d-f926-4bbd-914f-a671ea04289b,leftHand
35660ef0-2192-4705-bc6b-21c4da3fd609,da2a9ac4-8714-4470-886b-7bb9694beedd,helmet
35660ef0-2192-4705-bc6b-21c4da3fd609,da3b45dc-ce57-4816-be21-3d9625f7f8e6,armor
35660ef0-2192-4705-bc6b-21c4da3fd609,6d00e8a6-8080-4e47-b14f-7558bec6b518,gloves
35660ef0-2192-4705-bc6b-21c4da3fd609,afa01a37-862c-434f-907e-254078e4d61b,boots
35660ef0-2192-4705-bc6b-21c4da3fd609,01c150d1-b681-4282-8642-7e946c91dfbb,necklace
35660ef0-2192-4705-bc6b-21c4da3fd609,a8d6e6a9-5410-49af-b8da-e568e41fb3b2,belt
5f451545-2af6-4830-bef0-2b61cc30bd9d,cbd616e7-3e6b-4c30-90c4-8b5b57e1aa56,ring
88ff17d4-b815-47cc-9e5c-78ff4e11620e,1f0fdbb1-f359-4865-8ea9-e917c78e011e,gloves
35660ef0-2192-4705-bc6b-21c4da3fd609,fbc51e28-5eb2-4ea2-9628-5c7d1ff041c3,ring
35660ef0-2192-4705-bc6b-21c4da3fd609,ace67491-935b-4d1e-9c17-adc42009520d,trinket
35660ef0-2192-4705-bc6b-21c4da3fd609,2ffb1d7d-f926-4bbd-914f-a671ea04289b,leftHand
2cff9436-68c8-4c8a-a485-5750bd104023,f00d1a40-90b3-4822-b976-b413730a1764,helmet
2cff9436-68c8-4c8a-a485-5750bd104023,2d8b44cb-0383-4e7f-ab72-0bce808ee148,armor
2cff9436-68c8-4c8a-a485-5750bd104023,a60ba14a-c678-4c8a-abb6-edb2da7148f2,gloves
2cff9436-68c8-4c8a-a485-5750bd104023,c9a7a251-5127-4291-a0bd-d0804c7fd541,boots
2cff9436-68c8-4c8a-a485-5750bd104023,8a46435d-5a3d-4fcb-b0b0-d6e856a36558,necklace
2cff9436-68c8-4c8a-a485-5750bd104023,e969115f-b96f-4650-84f8-2e0ad29d96b5,belt
2cff9436-68c8-4c8a-a485-5750bd104023,32b7090f-1656-4ff6-9cc4-1696cf7d7a83,ring
88ff17d4-b815-47cc-9e5c-78ff4e11620e,15aebe4a-3a8a-470a-9e55-79c1e6a079e7,boots
2cff9436-68c8-4c8a-a485-5750bd104023,be337dc0-5ab5-4174-ac0b-23f8855690c7,trinket
2cff9436-68c8-4c8a-a485-5750bd104023,dec2f47d-2978-47e3-8165-d48e17584949,leftHand
fb04569a-e5a2-44b3-91a3-49e5b022a895,3794d35c-842b-4af5-a197-18f9ca476a2f,helmet
fb04569a-e5a2-44b3-91a3-49e5b022a895,0860c2cb-008f-43a8-9708-ac85f3597579,boots
fb04569a-e5a2-44b3-91a3-49e5b022a895,ab4421fc-6a15-49a4-af16-0c62d046e9d5,belt
fb04569a-e5a2-44b3-91a3-49e5b022a895,fbc51e28-5eb2-4ea2-9628-5c7d1ff041c3,ring
fb04569a-e5a2-44b3-91a3-49e5b022a895,3acdcb93-9227-43df-a280-b89b4c822033,trinket
fb04569a-e5a2-44b3-91a3-49e5b022a895,9c012ffc-6183-4c1f-8d6f-c969183c7710,leftHand
dce37d71-9d0c-4309-a10c-ff0c14dbbc29,148e186d-d027-4136-a062-f1b15ca82c23,helmet
dce37d71-9d0c-4309-a10c-ff0c14dbbc29,1ced03fd-0571-49bb-b406-0d4bf24db418,armor
88ff17d4-b815-47cc-9e5c-78ff4e11620e,25d68765-0e79-4de5-893c-ab1847296bf5,necklace
dce37d71-9d0c-4309-a10c-ff0c14dbbc29,b1257865-5043-4d34-8382-5bef38a00d0d,gloves
dce37d71-9d0c-4309-a10c-ff0c14dbbc29,6b7cc56f-c81d-4890-b943-eee4381fff4f,boots
dce37d71-9d0c-4309-a10c-ff0c14dbbc29,5096e06f-8419-4d64-abdf-289328c67a3d,necklace
dce37d71-9d0c-4309-a10c-ff0c14dbbc29,72f18b8c-c82d-48ab-9ec7-d9b28a8ffc87,belt
dce37d71-9d0c-4309-a10c-ff0c14dbbc29,2b062084-10f3-493f-b632-5373cae929c3,ring
dce37d71-9d0c-4309-a10c-ff0c14dbbc29,fc98827e-4ed5-401c-a1c0-a9d37897e55a,trinket
dce37d71-9d0c-4309-a10c-ff0c14dbbc29,ae7bd0da-1008-4e6d-a644-04174f90f0d1,leftHand
e6bb2386-a333-4f4a-9c2b-22a935bf6dd1,dfa952dc-d9eb-42d9-962c-829429bfc244,helmet
e6bb2386-a333-4f4a-9c2b-22a935bf6dd1,9402a1d1-2fec-4103-a24c-6e9fe805ed50,armor
e6bb2386-a333-4f4a-9c2b-22a935bf6dd1,0d110c25-b0ca-400e-b840-373d142c6fce,gloves
88ff17d4-b815-47cc-9e5c-78ff4e11620e,84ee6a93-a953-4a93-b429-731b771f4285,belt
e6bb2386-a333-4f4a-9c2b-22a935bf6dd1,f2859f10-f7a2-449a-9fd6-e12b6c19e59f,boots
e6bb2386-a333-4f4a-9c2b-22a935bf6dd1,03bc70ce-8017-47eb-b3ea-578c68a72557,necklace
e6bb2386-a333-4f4a-9c2b-22a935bf6dd1,2f1b3036-8985-4c75-b019-9578a17d4c8d,belt
e6bb2386-a333-4f4a-9c2b-22a935bf6dd1,f082f48b-5788-4a43-99a8-5ff961fb5ec3,ring
e6bb2386-a333-4f4a-9c2b-22a935bf6dd1,f6fa36b3-114a-46ec-b063-d47c65dec3be,trinket
e6bb2386-a333-4f4a-9c2b-22a935bf6dd1,8422fe8b-0c24-4100-8c5b-5e9097972465,leftHand
dbd08b5c-5a95-467d-b2d7-8be22a2cfd52,18c454bc-8ccf-40c3-90c3-677c04b80188,armor
dbd08b5c-5a95-467d-b2d7-8be22a2cfd52,14a95ba3-1c0f-4c1b-9974-ed94462ac126,gloves
dbd08b5c-5a95-467d-b2d7-8be22a2cfd52,42d60f72-5651-49d7-b60d-dc51efe6ebd4,boots
dbd08b5c-5a95-467d-b2d7-8be22a2cfd52,1764bff0-8b22-478d-a8be-0ec0be11b20f,necklace
88ff17d4-b815-47cc-9e5c-78ff4e11620e,6a3ac143-b278-4371-8062-c6a711f7dbe5,ring
dbd08b5c-5a95-467d-b2d7-8be22a2cfd52,646ea3e0-a08e-4651-ac83-2770f8af0411,ring
dbd08b5c-5a95-467d-b2d7-8be22a2cfd52,824f7029-df89-4d58-a367-cbac5124d6a8,trinket
dbd08b5c-5a95-467d-b2d7-8be22a2cfd52,8796f0dd-1409-4a8b-aac4-97cb38005797,leftHand
c3d7a53c-83a2-4ec5-9f0b-4f2d4974d673,18c454bc-8ccf-40c3-90c3-677c04b80188,armor
c3d7a53c-83a2-4ec5-9f0b-4f2d4974d673,1b0bd83d-f96b-470f-ab06-a90dd1a42f6b,gloves
c3d7a53c-83a2-4ec5-9f0b-4f2d4974d673,42d60f72-5651-49d7-b60d-dc51efe6ebd4,boots
c3d7a53c-83a2-4ec5-9f0b-4f2d4974d673,1764bff0-8b22-478d-a8be-0ec0be11b20f,necklace
c3d7a53c-83a2-4ec5-9f0b-4f2d4974d673,c1f4db9b-d8b6-4cbe-ac35-bdc34baf79fb,belt
c3d7a53c-83a2-4ec5-9f0b-4f2d4974d673,646ea3e0-a08e-4651-ac83-2770f8af0411,ring
c3d7a53c-83a2-4ec5-9f0b-4f2d4974d673,ce2aa642-3bc0-4f02-afd9-879a0dfd51e5,trinket
88ff17d4-b815-47cc-9e5c-78ff4e11620e,61b7aadd-1f9c-4463-975a-38449992871a,trinket
c3d7a53c-83a2-4ec5-9f0b-4f2d4974d673,219873ec-02ff-4c65-96b8-19252aaef45c,leftHand
3c364ab4-d847-4c37-ac92-013f47674524,5aeed29b-a1b5-450c-9685-ef910b49e81a,helmet
3c364ab4-d847-4c37-ac92-013f47674524,c0e725b4-6014-481f-946c-3826f0655416,armor
3c364ab4-d847-4c37-ac92-013f47674524,b882de01-2263-43d6-b3da-6cf3d2760b56,gloves
3c364ab4-d847-4c37-ac92-013f47674524,22bc292b-5484-439a-bbae-2e636226aa79,boots
3c364ab4-d847-4c37-ac92-013f47674524,48145315-232d-4c35-81a8-6c502f9db954,belt
3c364ab4-d847-4c37-ac92-013f47674524,210609d9-691e-4152-bd36-95db846cd7bb,ring
3c364ab4-d847-4c37-ac92-013f47674524,b4dac551-105e-4a44-b0cd-4eadd416ad2a,trinket
3c364ab4-d847-4c37-ac92-013f47674524,24d7cab9-e478-4b59-88a4-6119b9f734ee,shield
e5adae2c-9541-4a41-aa08-c2e056a67b5b,b6f507ce-60a4-4dcb-81e5-3b3957853839,armor
88ff17d4-b815-47cc-9e5c-78ff4e11620e,7a572114-f2ea-4047-884d-ff85f0f53a8e,leftHand
e5adae2c-9541-4a41-aa08-c2e056a67b5b,9161e2ac-6834-4a33-a8b4-37f29951c7f5,gloves
e5adae2c-9541-4a41-aa08-c2e056a67b5b,1669a393-3a17-44df-afda-99e815febeeb,boots
e5adae2c-9541-4a41-aa08-c2e056a67b5b,14474fde-89a9-4f8f-94e5-0856385d8dc0,necklace
e5adae2c-9541-4a41-aa08-c2e056a67b5b,b52a0f3b-3d1c-4a18-880a-8da75e4ec577,belt
e5adae2c-9541-4a41-aa08-c2e056a67b5b,259cbd21-4bb2-49d2-9cb0-03b889043870,ring
e5adae2c-9541-4a41-aa08-c2e056a67b5b,67b41d75-6c8d-46ca-baae-cdd387e90423,trinket
e5adae2c-9541-4a41-aa08-c2e056a67b5b,4f4cf33b-93c8-4b47-b73c-1189da9a0b48,leftHand
a118b084-0160-48a0-86c6-b42c5d608920,fc41aac2-791f-4c8f-a589-eac35dcc234c,helmet
a118b084-0160-48a0-86c6-b42c5d608920,c0e725b4-6014-481f-946c-3826f0655416,armor
a118b084-0160-48a0-86c6-b42c5d608920,b764d3b0-54a7-41f0-aecc-857a480a1b02,gloves
524e258a-a114-4027-9be6-060a6d0da7b9,08ed31ae-731d-4799-a760-3a772da15e03,helmet
a118b084-0160-48a0-86c6-b42c5d608920,88f52ba0-456f-4480-a17e-ea5280ae81f7,boots
a118b084-0160-48a0-86c6-b42c5d608920,80a84ac9-6d87-4171-ad65-cf4efd49223b,necklace
a118b084-0160-48a0-86c6-b42c5d608920,88788984-f87b-49f1-ae03-517580bd10ad,belt
a118b084-0160-48a0-86c6-b42c5d608920,509220d0-88c9-4f4d-905e-087f313116ec,ring
a118b084-0160-48a0-86c6-b42c5d608920,21b8c673-2384-4e04-a5be-43c2c6dc55e4,trinket
a118b084-0160-48a0-86c6-b42c5d608920,bd744f4e-8c0d-4889-8d74-2985868eae52,leftHand
a26430c8-1dc6-4c10-96ee-99f0a8071c4e,3c912a27-dbe8-40b5-be17-cbbb28ddac8a,helmet
a26430c8-1dc6-4c10-96ee-99f0a8071c4e,e2cae7fc-aefe-4707-bf5a-57260c219f1f,armor
a26430c8-1dc6-4c10-96ee-99f0a8071c4e,f0ce8daf-f218-48b5-abd7-0f75b6711d2b,boots
a26430c8-1dc6-4c10-96ee-99f0a8071c4e,cd5750bc-d316-4d13-b9f3-bf727322eb47,necklace
524e258a-a114-4027-9be6-060a6d0da7b9,bd126db0-af94-4cef-ac4d-29bc12871064,armor
a26430c8-1dc6-4c10-96ee-99f0a8071c4e,76edd90a-b732-4203-8e0b-718f4332dd11,belt
a26430c8-1dc6-4c10-96ee-99f0a8071c4e,a4906fb9-aaf2-44a3-8ac4-840c48daff0e,ring
a26430c8-1dc6-4c10-96ee-99f0a8071c4e,e9545883-406b-4a9d-8ac8-33f943f13dca,trinket
a26430c8-1dc6-4c10-96ee-99f0a8071c4e,ba5e777b-bb4e-4373-8edc-4769b87866a3,leftHand
bab8a912-fc07-46a0-9af4-541d4ee6e784,07b53671-1ecb-41c8-a52c-fb1387e6e01f,helmet
bab8a912-fc07-46a0-9af4-541d4ee6e784,fa8db248-0fe6-4cda-a0bc-b1f33c088add,armor
bab8a912-fc07-46a0-9af4-541d4ee6e784,15aebe4a-3a8a-470a-9e55-79c1e6a079e7,boots
bab8a912-fc07-46a0-9af4-541d4ee6e784,7c8ffd8a-a67a-4f9f-b4d2-6090fe40aa2b,necklace
bab8a912-fc07-46a0-9af4-541d4ee6e784,38bfcf5e-3740-4b86-beb4-9e3cb341c3ca,belt
bab8a912-fc07-46a0-9af4-541d4ee6e784,efaa06ed-bec3-4a34-adeb-cf0348ca1680,ring
524e258a-a114-4027-9be6-060a6d0da7b9,1a39b39a-e8c3-43b6-a7e9-8d543bb1d227,gloves
bab8a912-fc07-46a0-9af4-541d4ee6e784,ce65110b-a353-4d83-8dae-4bbbee1467b3,trinket
bab8a912-fc07-46a0-9af4-541d4ee6e784,87f95975-1b3c-455d-83ff-3800e2640a59,leftHand
bb424c62-37dd-4f25-8a11-13dead85e886,c97cdb8c-70d8-4eb9-abb4-c807b3a5ba8d,helmet
bb424c62-37dd-4f25-8a11-13dead85e886,b6f507ce-60a4-4dcb-81e5-3b3957853839,armor
bb424c62-37dd-4f25-8a11-13dead85e886,22bc292b-5484-439a-bbae-2e636226aa79,boots
bb424c62-37dd-4f25-8a11-13dead85e886,f4617352-d792-4831-a9c3-8f017d10e478,necklace
bb424c62-37dd-4f25-8a11-13dead85e886,259cbd21-4bb2-49d2-9cb0-03b889043870,ring
bb424c62-37dd-4f25-8a11-13dead85e886,be337dc0-5ab5-4174-ac0b-23f8855690c7,trinket
52f3713a-7332-4eed-9a7c-c880d080af1f,dda29efc-d2c8-4cd5-a0a1-1235e1603acb,helmet
52f3713a-7332-4eed-9a7c-c880d080af1f,18c454bc-8ccf-40c3-90c3-677c04b80188,armor
5f451545-2af6-4830-bef0-2b61cc30bd9d,c3b46d61-9f13-4867-bc8d-1b1f269927e7,trinket
524e258a-a114-4027-9be6-060a6d0da7b9,33fff294-f187-4004-8fd5-0c3d58a0c905,boots
52f3713a-7332-4eed-9a7c-c880d080af1f,7785a9ce-57ee-4e7e-972e-71135332b7da,gloves
52f3713a-7332-4eed-9a7c-c880d080af1f,42d60f72-5651-49d7-b60d-dc51efe6ebd4,boots
52f3713a-7332-4eed-9a7c-c880d080af1f,cbccc915-e8cb-4256-a3c6-ce29056573c4,necklace
52f3713a-7332-4eed-9a7c-c880d080af1f,0a0830e7-a21a-4fae-855a-41c977efff3b,belt
52f3713a-7332-4eed-9a7c-c880d080af1f,a65f01f8-c94f-4832-a4d9-0603906b7577,ring
52f3713a-7332-4eed-9a7c-c880d080af1f,594ba910-b8fe-4ac7-8b02-61416fe7db74,leftHand
da6f7846-92e5-43f2-93b5-ec03b5e4774f,e62eecfb-db0f-4029-bf59-6bde24216144,helmet
da6f7846-92e5-43f2-93b5-ec03b5e4774f,0e0a26d8-bf3f-4f4d-b311-c696cee2dd2d,armor
da6f7846-92e5-43f2-93b5-ec03b5e4774f,7785a9ce-57ee-4e7e-972e-71135332b7da,gloves
da6f7846-92e5-43f2-93b5-ec03b5e4774f,b3eb0b61-bc3a-4d51-92f9-87d8f68c4af6,boots
524e258a-a114-4027-9be6-060a6d0da7b9,9e29b6a6-5d09-40a1-a948-0ec4f3b9edb9,necklace
da6f7846-92e5-43f2-93b5-ec03b5e4774f,cbccc915-e8cb-4256-a3c6-ce29056573c4,necklace
da6f7846-92e5-43f2-93b5-ec03b5e4774f,6da6a229-996b-4268-9967-b8df9fb22e9c,belt
da6f7846-92e5-43f2-93b5-ec03b5e4774f,646ea3e0-a08e-4651-ac83-2770f8af0411,ring
da6f7846-92e5-43f2-93b5-ec03b5e4774f,29c36a03-09f0-4b44-beb6-ab3939e550ea,trinket
da6f7846-92e5-43f2-93b5-ec03b5e4774f,0db0c63b-d0fc-4cc4-83b8-0fc75ea85ccf,leftHand
ccd672ae-4679-49ea-9381-d386dc8173c3,cea12346-504e-4b21-b164-1d3832cead62,helmet
ccd672ae-4679-49ea-9381-d386dc8173c3,d88bfb5a-7ae5-4163-88a6-22aa43e6a8b0,armor
ccd672ae-4679-49ea-9381-d386dc8173c3,1586ce2e-022d-4448-a646-d5e69ad0f439,gloves
ccd672ae-4679-49ea-9381-d386dc8173c3,02b36abc-2310-4d34-9c25-aae2541300cb,boots
ccd672ae-4679-49ea-9381-d386dc8173c3,c049e9e8-77bf-4bcd-b47e-08941cc99e2d,necklace
524e258a-a114-4027-9be6-060a6d0da7b9,84733ae9-9bb6-4a74-8985-b7fc4e7043a9,belt
ccd672ae-4679-49ea-9381-d386dc8173c3,8ff48344-aba2-4fba-99bb-e05d276b0ef3,belt
ccd672ae-4679-49ea-9381-d386dc8173c3,7a05e04d-4b24-48fb-9907-a45e3d74564b,ring
ccd672ae-4679-49ea-9381-d386dc8173c3,9c196699-90c4-47e7-98bc-8b6e90d433ae,trinket
ccd672ae-4679-49ea-9381-d386dc8173c3,62f4bca9-5032-4d1a-b346-5a737e79ff99,leftHand
ccd672ae-4679-49ea-9381-d386dc8173c3,dc55694f-2dd3-46dd-8f08-a6bea73e88b1,shield
297b4c53-3d66-4c5d-be70-80912fee7ea4,725a8bcd-bbd1-4ee6-bc4d-78d271cc9674,helmet
297b4c53-3d66-4c5d-be70-80912fee7ea4,5be56b1a-001a-46a9-ad72-63a739b230d2,armor
297b4c53-3d66-4c5d-be70-80912fee7ea4,21ab8c6a-b4c8-46db-96fe-63036b371880,gloves
297b4c53-3d66-4c5d-be70-80912fee7ea4,6b7cc56f-c81d-4890-b943-eee4381fff4f,boots
297b4c53-3d66-4c5d-be70-80912fee7ea4,df3c0944-bf93-40d3-8704-97f79d6be78d,necklace
524e258a-a114-4027-9be6-060a6d0da7b9,ad4af3e3-8535-45cf-b991-a43d50b818c2,ring
297b4c53-3d66-4c5d-be70-80912fee7ea4,3d1e8ecc-6fcc-4449-8b87-fe7c87cdf487,belt
297b4c53-3d66-4c5d-be70-80912fee7ea4,8a7bc632-11ce-422e-a42e-9a1e285cd980,ring
297b4c53-3d66-4c5d-be70-80912fee7ea4,e60ba830-cc79-43f1-a109-c6e6f4ce974b,trinket
297b4c53-3d66-4c5d-be70-80912fee7ea4,ecc2b700-e37d-4e46-8c76-b6b0fb320926,leftHand
db63a1e9-7ce9-440e-9e4a-86c471637e41,1b9f208d-e812-4f77-9b87-518e5821ff7e,helmet
db63a1e9-7ce9-440e-9e4a-86c471637e41,5be56b1a-001a-46a9-ad72-63a739b230d2,armor
db63a1e9-7ce9-440e-9e4a-86c471637e41,21ab8c6a-b4c8-46db-96fe-63036b371880,gloves
db63a1e9-7ce9-440e-9e4a-86c471637e41,8460a72b-fff9-4afc-9c1c-8c6e6ea84c85,boots
db63a1e9-7ce9-440e-9e4a-86c471637e41,f6db242f-9eba-4359-97b9-df8c0ce6ffcb,necklace
db63a1e9-7ce9-440e-9e4a-86c471637e41,3d1e8ecc-6fcc-4449-8b87-fe7c87cdf487,belt
524e258a-a114-4027-9be6-060a6d0da7b9,44ca7276-3498-415f-80af-e68a20c52323,trinket
db63a1e9-7ce9-440e-9e4a-86c471637e41,169fa90f-f4fd-4d83-9dd9-ecf2390b567c,ring
db63a1e9-7ce9-440e-9e4a-86c471637e41,b8ce3c3e-788b-4d78-b803-c03745a64ef7,trinket
db63a1e9-7ce9-440e-9e4a-86c471637e41,ba5e777b-bb4e-4373-8edc-4769b87866a3,leftHand
ab4d008e-3ed9-4234-ada9-ba32ecb32d5c,6d00e8a6-8080-4e47-b14f-7558bec6b518,gloves
ab4d008e-3ed9-4234-ada9-ba32ecb32d5c,d37a03f8-5bd3-40ed-a5ac-3513fb6308d4,boots
ab4d008e-3ed9-4234-ada9-ba32ecb32d5c,25d68765-0e79-4de5-893c-ab1847296bf5,necklace
ab4d008e-3ed9-4234-ada9-ba32ecb32d5c,656a4344-0cb1-4c44-9560-3cb470176e26,belt
ab4d008e-3ed9-4234-ada9-ba32ecb32d5c,7318b5ca-0cc0-4922-901a-926f4da09504,ring
ab4d008e-3ed9-4234-ada9-ba32ecb32d5c,e60ba830-cc79-43f1-a109-c6e6f4ce974b,trinket
ab4d008e-3ed9-4234-ada9-ba32ecb32d5c,faba71a5-815b-45b5-9ed6-191198b1b803,leftHand
524e258a-a114-4027-9be6-060a6d0da7b9,ef91d9fb-a819-413e-86cd-9ebf1bb4b40c,leftHand
801e9a4c-9d44-4699-9518-485cf33050ea,b987a7b6-d6bb-411a-b781-e276130cf4e0,armor
801e9a4c-9d44-4699-9518-485cf33050ea,f98b087e-87c1-461c-8d2e-68fb9e6b64d0,gloves
801e9a4c-9d44-4699-9518-485cf33050ea,2ebe034f-6761-43a2-a270-7d1411d2331b,boots
801e9a4c-9d44-4699-9518-485cf33050ea,74756e4a-166e-4142-9144-a4f30c4091a7,necklace
801e9a4c-9d44-4699-9518-485cf33050ea,19cd8a25-ff63-427d-b4a2-4c6d4d74c5e7,belt
801e9a4c-9d44-4699-9518-485cf33050ea,cc48f8fa-fd53-494b-94c7-916f9bdd181f,ring
801e9a4c-9d44-4699-9518-485cf33050ea,6088c57d-30c6-4cae-8223-911dda80944b,trinket
801e9a4c-9d44-4699-9518-485cf33050ea,b481c7c8-02bb-4c4f-8418-aaeede5ababa,leftHand
41571f6c-c667-44eb-816b-13457ed4fe6c,b6f507ce-60a4-4dcb-81e5-3b3957853839,armor
41571f6c-c667-44eb-816b-13457ed4fe6c,7900e36d-df34-48ab-8ca1-1390c8e27d32,necklace
e9814b21-70b7-4f03-95df-e979dab67ba8,badbc98e-e55b-4563-b526-4ad610d6a3e8,helmet
41571f6c-c667-44eb-816b-13457ed4fe6c,b6349f89-ecd6-4e68-8085-5ba9cfab6bf2,belt
41571f6c-c667-44eb-816b-13457ed4fe6c,259cbd21-4bb2-49d2-9cb0-03b889043870,ring
41571f6c-c667-44eb-816b-13457ed4fe6c,eb666bb2-0694-4774-ab96-8f3d717aef60,trinket
41571f6c-c667-44eb-816b-13457ed4fe6c,614f21e1-0fb1-4291-820f-6155a99e6bc9,leftHand
41571f6c-c667-44eb-816b-13457ed4fe6c,3068d2bd-6da9-49b7-9dbd-495a42700562,rightHand
8d020621-d3bb-48fc-b6c0-db61d1489d7a,5aeed29b-a1b5-450c-9685-ef910b49e81a,helmet
8d020621-d3bb-48fc-b6c0-db61d1489d7a,c5d9b6e9-3837-46c3-bcb0-4b603bcdcf7c,boots
8d020621-d3bb-48fc-b6c0-db61d1489d7a,52b02fac-a917-4b02-800d-b9959a885d1c,necklace
8d020621-d3bb-48fc-b6c0-db61d1489d7a,2f1b3036-8985-4c75-b019-9578a17d4c8d,belt
8d020621-d3bb-48fc-b6c0-db61d1489d7a,fba8ebb3-6379-463e-a944-8bf1eb900db7,ring
e9814b21-70b7-4f03-95df-e979dab67ba8,450c1f44-2589-4de5-a3ab-0632b695c4de,armor
8d020621-d3bb-48fc-b6c0-db61d1489d7a,b4dac551-105e-4a44-b0cd-4eadd416ad2a,trinket
8d020621-d3bb-48fc-b6c0-db61d1489d7a,bbcc238a-c934-4ee4-9d70-5eb90dace818,leftHand
8d020621-d3bb-48fc-b6c0-db61d1489d7a,5a08f87b-039b-4f85-b771-17628c5fc2a2,rightHand
58c07e41-5516-43ba-a224-ee3eee14b3b8,2fddf551-f15b-44ff-960e-af886146759a,helmet
58c07e41-5516-43ba-a224-ee3eee14b3b8,b6f507ce-60a4-4dcb-81e5-3b3957853839,armor
58c07e41-5516-43ba-a224-ee3eee14b3b8,5edd54a9-a4ac-4a66-bdab-ffe58eaa4e99,gloves
58c07e41-5516-43ba-a224-ee3eee14b3b8,03b38a6f-13df-42ed-a40f-0c7a9306867e,boots
58c07e41-5516-43ba-a224-ee3eee14b3b8,52b02fac-a917-4b02-800d-b9959a885d1c,necklace
58c07e41-5516-43ba-a224-ee3eee14b3b8,e969115f-b96f-4650-84f8-2e0ad29d96b5,belt
58c07e41-5516-43ba-a224-ee3eee14b3b8,509220d0-88c9-4f4d-905e-087f313116ec,ring
e9814b21-70b7-4f03-95df-e979dab67ba8,14a95ba3-1c0f-4c1b-9974-ed94462ac126,gloves
58c07e41-5516-43ba-a224-ee3eee14b3b8,2c6878f0-248f-4eb8-98bf-9d946e42cf40,trinket
58c07e41-5516-43ba-a224-ee3eee14b3b8,a35a1c30-80b2-42ca-b59f-181787ea30ff,leftHand
58c07e41-5516-43ba-a224-ee3eee14b3b8,f2815f80-b4b1-4440-9e38-1760769251c8,rightHand
ac5fe3e5-c30b-4987-9016-81e1745d75ba,ce0bfac9-d234-449a-9bdc-2d2493c1e73d,helmet
ac5fe3e5-c30b-4987-9016-81e1745d75ba,5be56b1a-001a-46a9-ad72-63a739b230d2,armor
ac5fe3e5-c30b-4987-9016-81e1745d75ba,49ca8ea5-3d3b-4aad-b161-316e483b336c,gloves
ac5fe3e5-c30b-4987-9016-81e1745d75ba,fedcf685-54b2-42f6-bf9b-8381a4baca01,boots
ac5fe3e5-c30b-4987-9016-81e1745d75ba,5096e06f-8419-4d64-abdf-289328c67a3d,necklace
ac5fe3e5-c30b-4987-9016-81e1745d75ba,2f8f93d6-8156-4046-bca6-42b24dd77fd2,belt
ac5fe3e5-c30b-4987-9016-81e1745d75ba,5f76bfb5-da9f-42e9-856e-cfbfc312b71d,ring
e9814b21-70b7-4f03-95df-e979dab67ba8,69caeb38-72e8-42f7-930a-c05469f7fb1b,boots
ac5fe3e5-c30b-4987-9016-81e1745d75ba,bd73233e-89e8-4bf8-a055-b2a741ee834e,trinket
ac5fe3e5-c30b-4987-9016-81e1745d75ba,4ee08035-d1ea-4dc8-9aa9-a023aa94b227,leftHand
e0028a4f-5034-436e-ad92-4ff28c832e36,661de593-d0b1-45f8-bda2-293f5ca9ece3,helmet
e0028a4f-5034-436e-ad92-4ff28c832e36,335f42a2-7a3e-42aa-984f-84edf4e5577c,armor
e0028a4f-5034-436e-ad92-4ff28c832e36,d23f2b3e-0d8e-4844-ac8c-d249ea8b843e,gloves
e0028a4f-5034-436e-ad92-4ff28c832e36,f266d87d-2209-4b45-be7f-6ba3966b21de,boots
e0028a4f-5034-436e-ad92-4ff28c832e36,cd5750bc-d316-4d13-b9f3-bf727322eb47,necklace
e0028a4f-5034-436e-ad92-4ff28c832e36,84733ae9-9bb6-4a74-8985-b7fc4e7043a9,belt
e0028a4f-5034-436e-ad92-4ff28c832e36,e8ceddbc-0a63-4034-80ac-738313233546,ring
e0028a4f-5034-436e-ad92-4ff28c832e36,f7eb1d7f-7008-4f3e-a7d8-979838ffdd5d,leftHand
5f451545-2af6-4830-bef0-2b61cc30bd9d,5a08f87b-039b-4f85-b771-17628c5fc2a2,leftHand
e9814b21-70b7-4f03-95df-e979dab67ba8,5db885c0-f631-4deb-8e3a-a3cdf02cf3a2,necklace
9380eaa5-c076-4608-946e-c392cc0cbfd5,8de819f0-b6c8-418e-94c5-1e15671cdfc5,helmet
9380eaa5-c076-4608-946e-c392cc0cbfd5,dd77d984-8bff-4322-9333-7285f05e1128,armor
9380eaa5-c076-4608-946e-c392cc0cbfd5,fd433b28-3422-4566-8b89-86bbba841900,gloves
9380eaa5-c076-4608-946e-c392cc0cbfd5,6b7cc56f-c81d-4890-b943-eee4381fff4f,boots
9380eaa5-c076-4608-946e-c392cc0cbfd5,9d291a4c-0a55-45c8-aeb2-136cf6a05594,necklace
9380eaa5-c076-4608-946e-c392cc0cbfd5,e68a96b7-bb6b-46ff-8cd6-27e9cecbc29b,belt
9380eaa5-c076-4608-946e-c392cc0cbfd5,f0a3b291-306d-42d5-be87-af19b865b499,ring
9380eaa5-c076-4608-946e-c392cc0cbfd5,253f61a5-bc7a-4c6f-9682-700cd3c86082,trinket
9380eaa5-c076-4608-946e-c392cc0cbfd5,fcd4072b-5898-439a-9b93-1fd7e2eb56e2,leftHand
eff79c32-31ce-448e-8298-d9d48294e006,0632e060-6dc7-43bf-bd4e-81afec2ebb85,armor
e9814b21-70b7-4f03-95df-e979dab67ba8,117dae5b-196f-448e-a7d6-eed6d1a3b8c4,belt
eff79c32-31ce-448e-8298-d9d48294e006,05696f25-e539-4cb4-88a2-40d84a8d585d,gloves
eff79c32-31ce-448e-8298-d9d48294e006,f623c7a3-4352-40a1-9b8e-020aa8209876,boots
eff79c32-31ce-448e-8298-d9d48294e006,60a3b305-c7da-4dfc-a4a3-132665a1c136,necklace
eff79c32-31ce-448e-8298-d9d48294e006,8fc0f121-3350-450b-acf5-7144fe339ec7,belt
eff79c32-31ce-448e-8298-d9d48294e006,1139242a-6b3c-4eaa-81f5-daa0eefecafe,ring
eff79c32-31ce-448e-8298-d9d48294e006,4637ece2-1550-4ccd-8636-3c126d791f10,trinket
eff79c32-31ce-448e-8298-d9d48294e006,c935b9f6-4a58-4f76-be39-ec83614950b9,leftHand
403549a9-6ddb-4776-9a5e-d5d281dd2c9d,b64b4d94-a6f2-4908-995c-036dc3aedc69,helmet
403549a9-6ddb-4776-9a5e-d5d281dd2c9d,b3b6cbc9-e6de-4982-9ce0-fe4c01d00a22,armor
403549a9-6ddb-4776-9a5e-d5d281dd2c9d,6d00e8a6-8080-4e47-b14f-7558bec6b518,gloves
e9814b21-70b7-4f03-95df-e979dab67ba8,bc132396-3c56-4b4f-a2bd-c2d07cf1029a,ring
403549a9-6ddb-4776-9a5e-d5d281dd2c9d,b26a6db4-8008-43af-942c-ecec2d43d418,belt
403549a9-6ddb-4776-9a5e-d5d281dd2c9d,66fde94d-e911-475b-bc47-c68a8722a28f,ring
403549a9-6ddb-4776-9a5e-d5d281dd2c9d,e60ba830-cc79-43f1-a109-c6e6f4ce974b,trinket
403549a9-6ddb-4776-9a5e-d5d281dd2c9d,3e9267ac-5483-4314-94fc-185470b12af4,leftHand
0bbde514-fa83-4157-a967-c84e3d8d9acc,d45db8c6-b559-4fe3-980f-b142ca3430f0,helmet
0bbde514-fa83-4157-a967-c84e3d8d9acc,8519fccc-a243-48bf-ab0f-48fedf8303ed,gloves
0bbde514-fa83-4157-a967-c84e3d8d9acc,cca621d7-a1f7-4192-9184-7d521e2142e7,boots
0bbde514-fa83-4157-a967-c84e3d8d9acc,1a736ca9-df14-44f2-9726-4c05d8e26f79,necklace
0bbde514-fa83-4157-a967-c84e3d8d9acc,fd536e17-3bdd-4630-b97f-a372023eb5be,belt
0bbde514-fa83-4157-a967-c84e3d8d9acc,4a45a16d-4665-4ca5-a2e1-a36a3675be56,trinket
e9814b21-70b7-4f03-95df-e979dab67ba8,7989f8ae-d79f-4c8b-9a02-a44e9d66fcf6,trinket
0bbde514-fa83-4157-a967-c84e3d8d9acc,41556266-9619-46d9-ad2b-a4e87006b7b7,leftHand
28aa39b6-073f-44bd-8d55-a2c068c43680,7483585a-af14-4d27-b5d9-e5361b9ade39,helmet
28aa39b6-073f-44bd-8d55-a2c068c43680,fa8db248-0fe6-4cda-a0bc-b1f33c088add,armor
28aa39b6-073f-44bd-8d55-a2c068c43680,a59fb461-2a5f-4451-b1cf-192346fe9185,gloves
28aa39b6-073f-44bd-8d55-a2c068c43680,dda26783-8a49-4b88-8cc2-446ef6cbf0f4,boots
28aa39b6-073f-44bd-8d55-a2c068c43680,be5172da-0936-4c84-8b17-0e147e983a4d,necklace
28aa39b6-073f-44bd-8d55-a2c068c43680,a0e8816d-de2f-42d4-b6ec-4db4d695f6c9,belt
28aa39b6-073f-44bd-8d55-a2c068c43680,fcdab801-fa79-4422-be5c-a723d4d6f78e,ring
28aa39b6-073f-44bd-8d55-a2c068c43680,ace67491-935b-4d1e-9c17-adc42009520d,trinket
28aa39b6-073f-44bd-8d55-a2c068c43680,76fa90dc-e507-4542-8427-c4e4a607c4a4,leftHand
e9814b21-70b7-4f03-95df-e979dab67ba8,942765f1-a92c-4ac6-873d-b9d45444f79d,leftHand
6f1123db-2be1-428c-b346-41bd6ce54d96,3c912a27-dbe8-40b5-be17-cbbb28ddac8a,helmet
6f1123db-2be1-428c-b346-41bd6ce54d96,e2cae7fc-aefe-4707-bf5a-57260c219f1f,armor
6f1123db-2be1-428c-b346-41bd6ce54d96,a11de888-0fa4-4d5a-8934-93e8bd9f6ee5,gloves
6f1123db-2be1-428c-b346-41bd6ce54d96,fedcf685-54b2-42f6-bf9b-8381a4baca01,boots
6f1123db-2be1-428c-b346-41bd6ce54d96,7ff42bbc-6e39-4427-8fa5-2682d871456f,belt
6f1123db-2be1-428c-b346-41bd6ce54d96,6990cbde-8d1d-4552-a448-bff1e7bd64be,ring
6f1123db-2be1-428c-b346-41bd6ce54d96,bdc251a9-4f75-4b02-96a6-86163c95518c,leftHand
719d515b-b52b-4f17-865f-c0c864367920,1ba4a4ac-7c89-4dd4-b7bc-3c395d08a759,helmet
719d515b-b52b-4f17-865f-c0c864367920,ea3407af-31ee-4fce-8acb-a97f81803df2,armor
719d515b-b52b-4f17-865f-c0c864367920,f51b4b29-a7cb-442b-9600-cc234371fa58,gloves
c5c0980c-5e60-4aed-b802-1c3c97b2c1cc,d88bfb5a-7ae5-4163-88a6-22aa43e6a8b0,armor
719d515b-b52b-4f17-865f-c0c864367920,ca7a73c0-664a-4347-bee7-5dc12b077852,necklace
719d515b-b52b-4f17-865f-c0c864367920,3a4913ab-9deb-4095-907f-755010743fe2,belt
719d515b-b52b-4f17-865f-c0c864367920,d51a82d8-499e-4951-813c-a42c3d8f1896,trinket
719d515b-b52b-4f17-865f-c0c864367920,2cd0ebac-d9ef-4d07-8c6f-9bba0f1f6c4b,leftHand
319834f6-e478-4eb2-9dfb-76fbd6a93ca7,dfe9c001-125b-4306-a26f-46d7e59a536d,helmet
319834f6-e478-4eb2-9dfb-76fbd6a93ca7,14a95ba3-1c0f-4c1b-9974-ed94462ac126,gloves
319834f6-e478-4eb2-9dfb-76fbd6a93ca7,bf86e5fc-0eac-4662-984f-97a81077a47b,boots
319834f6-e478-4eb2-9dfb-76fbd6a93ca7,7a69a038-04aa-4724-90e0-0352764ee295,necklace
319834f6-e478-4eb2-9dfb-76fbd6a93ca7,b824d16d-604c-4b9b-b393-bfbf7bf2f123,belt
319834f6-e478-4eb2-9dfb-76fbd6a93ca7,dce5f189-0906-432a-adeb-ad6dba4c3f6e,ring
c5c0980c-5e60-4aed-b802-1c3c97b2c1cc,47308393-4405-4570-99e7-f0721f8eed72,gloves
319834f6-e478-4eb2-9dfb-76fbd6a93ca7,5c1d5771-f00a-4b0e-b5f3-09c63e5aba16,trinket
319834f6-e478-4eb2-9dfb-76fbd6a93ca7,2c5e05ac-82ff-4b14-b197-416aae418e64,leftHand
ffa0c587-09ae-4f8c-8b63-dc9e39cb2fdc,cf8dc012-ab35-4e48-9fbc-70a35702cf63,helmet
ffa0c587-09ae-4f8c-8b63-dc9e39cb2fdc,029d280a-6cd5-44bd-b85e-7ff00ade50f4,gloves
ffa0c587-09ae-4f8c-8b63-dc9e39cb2fdc,f266d87d-2209-4b45-be7f-6ba3966b21de,boots
ffa0c587-09ae-4f8c-8b63-dc9e39cb2fdc,e9d05270-a442-45da-bc82-90a222548753,necklace
ffa0c587-09ae-4f8c-8b63-dc9e39cb2fdc,d74db19b-42a9-4527-a2f9-8cad0fe04e8a,belt
ffa0c587-09ae-4f8c-8b63-dc9e39cb2fdc,cc48f8fa-fd53-494b-94c7-916f9bdd181f,ring
ffa0c587-09ae-4f8c-8b63-dc9e39cb2fdc,7d40a018-7946-443e-abee-040f83a70966,trinket
ffa0c587-09ae-4f8c-8b63-dc9e39cb2fdc,b71c4ed9-2ac6-4f76-bf6e-64bf1f7bedeb,leftHand
c5c0980c-5e60-4aed-b802-1c3c97b2c1cc,80ddeb7f-7869-48a3-bb29-eaf894ddee43,boots
bc0b6834-dd6a-4f6a-9caa-df40a0aac00e,d148c337-8980-4b28-ad7a-fceb291d3805,helmet
bc0b6834-dd6a-4f6a-9caa-df40a0aac00e,0632e060-6dc7-43bf-bd4e-81afec2ebb85,armor
bc0b6834-dd6a-4f6a-9caa-df40a0aac00e,21ab8c6a-b4c8-46db-96fe-63036b371880,gloves
bc0b6834-dd6a-4f6a-9caa-df40a0aac00e,5189182d-2693-4e4a-8fd7-4ed58f002385,boots
bc0b6834-dd6a-4f6a-9caa-df40a0aac00e,e2234299-902c-4bec-9d61-cd6813b0e721,necklace
bc0b6834-dd6a-4f6a-9caa-df40a0aac00e,8dc35759-b2ef-4027-b289-3d66003bb577,belt
bc0b6834-dd6a-4f6a-9caa-df40a0aac00e,5d27b095-44cd-4f8b-8b6f-ef3eecae67da,ring
bc0b6834-dd6a-4f6a-9caa-df40a0aac00e,1736ae79-5a87-4605-8426-d098834b741a,trinket
bc0b6834-dd6a-4f6a-9caa-df40a0aac00e,398f0a1a-1b36-461a-b260-92ca53f2e0e0,leftHand
01f2a5ed-76f3-446a-a667-b5656b5a67fb,8de819f0-b6c8-418e-94c5-1e15671cdfc5,helmet
c5c0980c-5e60-4aed-b802-1c3c97b2c1cc,e5e82c33-861d-4b33-843c-49cc8ae491e9,necklace
01f2a5ed-76f3-446a-a667-b5656b5a67fb,fff0b041-bd0b-4159-af57-f0e86bd3e7e6,gloves
01f2a5ed-76f3-446a-a667-b5656b5a67fb,d37a03f8-5bd3-40ed-a5ac-3513fb6308d4,boots
01f2a5ed-76f3-446a-a667-b5656b5a67fb,891a2a71-0b54-4862-8b9d-13ed20f9eccf,necklace
01f2a5ed-76f3-446a-a667-b5656b5a67fb,1b471313-49af-47ed-bf3e-b7e869913040,belt
01f2a5ed-76f3-446a-a667-b5656b5a67fb,e9545883-406b-4a9d-8ac8-33f943f13dca,trinket
732b9d2e-3787-4d98-bbd9-950af91c2d59,98084b55-f97f-4512-8297-e87e3c8c1d53,helmet
732b9d2e-3787-4d98-bbd9-950af91c2d59,bcdafe37-5dac-4901-971f-1b6a5af28b49,armor
732b9d2e-3787-4d98-bbd9-950af91c2d59,c3bfdc9e-855e-4762-9904-c799ae1a3db2,gloves
732b9d2e-3787-4d98-bbd9-950af91c2d59,6d125b87-bedd-490b-894f-f465070c0ea8,boots
732b9d2e-3787-4d98-bbd9-950af91c2d59,ebdb01a0-4439-42fe-80cd-4883ae5d29c8,necklace
c5c0980c-5e60-4aed-b802-1c3c97b2c1cc,96634b06-b9b7-4fee-a2f8-2c9105252672,belt
732b9d2e-3787-4d98-bbd9-950af91c2d59,b4b61781-22f8-4d64-8a41-7d5340631a3e,belt
732b9d2e-3787-4d98-bbd9-950af91c2d59,0741fb37-3786-4c1f-9f1f-641a514d2097,ring
732b9d2e-3787-4d98-bbd9-950af91c2d59,c6ddb5a1-5c91-4378-8d14-655ef578c35d,trinket
732b9d2e-3787-4d98-bbd9-950af91c2d59,eb31bd04-f430-4405-850a-b26bd1e63c23,leftHand
3070a258-8cc8-42f5-97a7-67963297def1,646d6c35-5f1e-4683-90c8-1891e1f74a8a,helmet
3070a258-8cc8-42f5-97a7-67963297def1,5e3c3687-eea5-4c5c-941b-2c3f52eed38b,armor
3070a258-8cc8-42f5-97a7-67963297def1,ae8ed115-1dc3-46c7-8140-140a4921499d,gloves
3070a258-8cc8-42f5-97a7-67963297def1,40ecd3b2-ae8a-4eea-85ea-5add41a832e9,necklace
3070a258-8cc8-42f5-97a7-67963297def1,3a4913ab-9deb-4095-907f-755010743fe2,belt
3070a258-8cc8-42f5-97a7-67963297def1,edc4d06e-0d2d-4872-bcc2-3a93537fbc27,ring
db719540-fe88-4e7e-b540-529ae3704729,cf8dc012-ab35-4e48-9fbc-70a35702cf63,helmet
c5c0980c-5e60-4aed-b802-1c3c97b2c1cc,f32825a6-d920-4552-a299-b95ae257484e,trinket
3070a258-8cc8-42f5-97a7-67963297def1,253f61a5-bc7a-4c6f-9682-700cd3c86082,trinket
3070a258-8cc8-42f5-97a7-67963297def1,2c26bb19-6195-49ff-b855-e98a82f97ca5,leftHand
565de004-ec78-4413-b346-07b59babf08b,a39eedcd-075c-4079-99ea-f01721a1707e,helmet
565de004-ec78-4413-b346-07b59babf08b,c9ca823c-cb89-46e4-9d3a-aed7a7cd915b,armor
565de004-ec78-4413-b346-07b59babf08b,1b10e2f1-7421-45b0-aec7-f305c63a0f11,gloves
565de004-ec78-4413-b346-07b59babf08b,cbccc915-e8cb-4256-a3c6-ce29056573c4,necklace
565de004-ec78-4413-b346-07b59babf08b,ec333016-0df4-4b40-bb44-be5a492896e1,belt
565de004-ec78-4413-b346-07b59babf08b,4abf48cc-8205-4ae8-8ece-bf5ae223cd11,trinket
565de004-ec78-4413-b346-07b59babf08b,03c3d3ff-f7f7-44fe-bcd4-c421fe69f3cd,leftHand
4d60ae49-b6ef-42da-9f83-2be2a3aace45,584a73f3-72dd-45d1-b8fd-d7007a09e710,helmet
c5c0980c-5e60-4aed-b802-1c3c97b2c1cc,bcea35f6-a78c-4916-a6d7-ff73497c1a12,leftHand
4d60ae49-b6ef-42da-9f83-2be2a3aace45,a9452b16-5ab6-4a95-b3e7-504bd2870140,armor
4d60ae49-b6ef-42da-9f83-2be2a3aace45,ca626a73-c9f5-4e20-abc2-f001f0be364b,gloves
4d60ae49-b6ef-42da-9f83-2be2a3aace45,90b35fdd-6f56-407f-8c67-ffce25317e48,boots
4d60ae49-b6ef-42da-9f83-2be2a3aace45,e3bb9ec1-fcc9-4569-987b-d41591afb84f,necklace
4d60ae49-b6ef-42da-9f83-2be2a3aace45,ceaee358-3f99-4cfc-9a1c-2aa7c41e7277,belt
4d60ae49-b6ef-42da-9f83-2be2a3aace45,a335c597-6713-4a6d-b6cb-13b1a5ff173d,trinket
4d60ae49-b6ef-42da-9f83-2be2a3aace45,912bab51-c3e7-4a84-bff7-73702c1b7a37,leftHand
07b7c9f2-f0df-417a-80b2-faf41570776e,84146051-e1c5-4606-a853-43012e025468,helmet
07b7c9f2-f0df-417a-80b2-faf41570776e,89ac9658-d168-4318-a928-5164bc7f5fd4,armor
07b7c9f2-f0df-417a-80b2-faf41570776e,ec8004dd-7ab8-49fa-bfb8-60479e2e8ebb,gloves
a000b620-20e8-4574-8647-45c56ca3d7b2,8db603f5-3a01-4981-9120-9a0a422fc128,helmet
07b7c9f2-f0df-417a-80b2-faf41570776e,8fded412-9c17-4f4f-b8d5-6cb89e39b507,boots
07b7c9f2-f0df-417a-80b2-faf41570776e,65dd7627-b45f-4ab3-8f64-002c1dc8b836,necklace
07b7c9f2-f0df-417a-80b2-faf41570776e,e9d86709-de93-43bc-b0ad-0b4dffbd09b5,ring
07b7c9f2-f0df-417a-80b2-faf41570776e,0dea114e-117d-4e4a-84d9-793b39cf3179,trinket
07b7c9f2-f0df-417a-80b2-faf41570776e,d8187dbe-646c-4cb3-900a-3588d81aacf9,leftHand
190fe1ab-35e8-43d5-8f5a-e647691c571f,907f5bda-d001-471e-ab5a-6193bc03ba8f,helmet
190fe1ab-35e8-43d5-8f5a-e647691c571f,5c38dcac-b6cd-495e-b064-e1b68fa97338,armor
190fe1ab-35e8-43d5-8f5a-e647691c571f,45182e4c-3a55-4dd9-b85a-78e8511334f0,gloves
190fe1ab-35e8-43d5-8f5a-e647691c571f,56e8f65d-ab9e-43af-ae91-828220e32227,boots
190fe1ab-35e8-43d5-8f5a-e647691c571f,76057b57-badb-4749-aaf6-101552802337,belt
a000b620-20e8-4574-8647-45c56ca3d7b2,8a5152cd-6b31-4d8b-9c86-171197c390e3,armor
190fe1ab-35e8-43d5-8f5a-e647691c571f,87d4be3f-0ad1-4c5d-a021-49c8103056ca,leftHand
190fe1ab-35e8-43d5-8f5a-e647691c571f,413c2fc9-b65c-4a6c-ba28-bfdf15e35741,shield
cfeb8ab0-ada4-4312-ab83-78c47189f582,c08d6bb9-3b8a-41f8-b90b-a94acc87be3d,helmet
cfeb8ab0-ada4-4312-ab83-78c47189f582,d7c5d322-1af0-4d0a-bf83-1e9aeb32e132,armor
cfeb8ab0-ada4-4312-ab83-78c47189f582,e7435dd3-4b12-49a8-aa38-637cc3b36293,gloves
cfeb8ab0-ada4-4312-ab83-78c47189f582,86ebb55f-c865-42b5-a030-3f658a131180,boots
cfeb8ab0-ada4-4312-ab83-78c47189f582,e9d35b0c-8216-4f1b-aa31-62619b852962,necklace
cfeb8ab0-ada4-4312-ab83-78c47189f582,7af34933-4884-4179-b008-9a60ed77641a,belt
cfeb8ab0-ada4-4312-ab83-78c47189f582,e10e49b2-8181-48a3-a63d-49b8cb676168,ring
cfeb8ab0-ada4-4312-ab83-78c47189f582,269b0cb5-019a-441f-8ad3-4c6649157337,trinket
a000b620-20e8-4574-8647-45c56ca3d7b2,1b445c88-9866-44a6-8893-54bdf5595669,gloves
cfeb8ab0-ada4-4312-ab83-78c47189f582,67eff536-36a8-47e2-884b-1fee7029e272,leftHand
c58c112c-efc4-4821-9168-154aa4cc5455,995cbd4c-8ee6-465a-9636-0b403f7ee5f3,helmet
c58c112c-efc4-4821-9168-154aa4cc5455,e40834b5-fbb4-4334-b4d7-9c0df49f73f4,gloves
c58c112c-efc4-4821-9168-154aa4cc5455,75597d04-581f-4b20-abba-6306e5c094c6,boots
c58c112c-efc4-4821-9168-154aa4cc5455,27111bfb-2292-4c65-a020-e947966b2c20,necklace
c58c112c-efc4-4821-9168-154aa4cc5455,d15a3f26-ca3b-4e00-8dfc-abb22195c1ee,belt
c58c112c-efc4-4821-9168-154aa4cc5455,3d7a2a22-039a-4328-92b7-d04abfb8b535,ring
c58c112c-efc4-4821-9168-154aa4cc5455,2c6878f0-248f-4eb8-98bf-9d946e42cf40,trinket
c58c112c-efc4-4821-9168-154aa4cc5455,5d992ce4-dac9-4b26-b8b0-f58f6cf0e4b8,leftHand
c58c112c-efc4-4821-9168-154aa4cc5455,a2337be9-3e62-4b14-a1aa-fc041e7325ca,rightHand
a000b620-20e8-4574-8647-45c56ca3d7b2,c2fd0e5f-1946-4f10-970f-a07d2894772d,boots
dd34ec92-93f6-42f0-b17c-663ed3c3c78d,076041a6-4e41-40a8-b133-193f78aadb0f,armor
dd34ec92-93f6-42f0-b17c-663ed3c3c78d,88a48c3e-e40c-4a6f-9b55-5f284cb96e61,boots
dd34ec92-93f6-42f0-b17c-663ed3c3c78d,913488dd-b6ee-4c60-828f-edc6d215879d,necklace
dd34ec92-93f6-42f0-b17c-663ed3c3c78d,3068d2bd-6da9-49b7-9dbd-495a42700562,leftHand
dd34ec92-93f6-42f0-b17c-663ed3c3c78d,3068d2bd-6da9-49b7-9dbd-495a42700562,rightHand
85d4160c-bf0b-4c3b-b3ab-983705795028,076041a6-4e41-40a8-b133-193f78aadb0f,armor
85d4160c-bf0b-4c3b-b3ab-983705795028,913488dd-b6ee-4c60-828f-edc6d215879d,necklace
85d4160c-bf0b-4c3b-b3ab-983705795028,6c994e5b-f63f-450b-8c2e-597c467199df,leftHand
85d4160c-bf0b-4c3b-b3ab-983705795028,3068d2bd-6da9-49b7-9dbd-495a42700562,rightHand
7d7ac347-901e-49da-a4ee-f7fa763a10a4,b6244de4-d453-4605-a86f-ce2a214ac585,helmet
a000b620-20e8-4574-8647-45c56ca3d7b2,44863cc0-34d2-4389-8038-572349bb4470,necklace
7d7ac347-901e-49da-a4ee-f7fa763a10a4,0864c452-a81c-4714-880d-ba0df492da7f,armor
7d7ac347-901e-49da-a4ee-f7fa763a10a4,a4c4de59-6e57-4cef-b008-bf569412d84c,boots
7d7ac347-901e-49da-a4ee-f7fa763a10a4,6b9f19bb-86eb-4cd8-8362-1ad14f003baf,necklace
7d7ac347-901e-49da-a4ee-f7fa763a10a4,b26a6db4-8008-43af-942c-ecec2d43d418,belt
7d7ac347-901e-49da-a4ee-f7fa763a10a4,efaa06ed-bec3-4a34-adeb-cf0348ca1680,ring
7d7ac347-901e-49da-a4ee-f7fa763a10a4,7cf3d59d-9fb0-4013-8292-20f873c07f9e,trinket
7d7ac347-901e-49da-a4ee-f7fa763a10a4,3f28811f-36f7-4e93-ad9b-df803ecc61cc,leftHand
ff288447-5c02-41be-bf2c-abce712ad767,07b53671-1ecb-41c8-a52c-fb1387e6e01f,helmet
ff288447-5c02-41be-bf2c-abce712ad767,1f028d92-107e-4514-aa73-94760b6a0452,armor
ff288447-5c02-41be-bf2c-abce712ad767,8519fccc-a243-48bf-ab0f-48fedf8303ed,gloves
a000b620-20e8-4574-8647-45c56ca3d7b2,fdf82a92-a343-4a26-bb55-032e21bd89e4,belt
ff288447-5c02-41be-bf2c-abce712ad767,233c2afc-4493-4664-b72f-707a57d5e1b2,boots
ff288447-5c02-41be-bf2c-abce712ad767,f6db242f-9eba-4359-97b9-df8c0ce6ffcb,necklace
ff288447-5c02-41be-bf2c-abce712ad767,a8d6e6a9-5410-49af-b8da-e568e41fb3b2,belt
ff288447-5c02-41be-bf2c-abce712ad767,902a34cc-e467-4831-8aff-b323850e2936,ring
ff288447-5c02-41be-bf2c-abce712ad767,7c9d28e0-efe3-41f6-925a-823ade8c2ede,trinket
ff288447-5c02-41be-bf2c-abce712ad767,315c4dfb-d3cf-4957-933c-57ffe5a63b4c,leftHand
4b62a0b6-c8e3-47bf-a043-073a2b53d07d,661de593-d0b1-45f8-bda2-293f5ca9ece3,helmet
4b62a0b6-c8e3-47bf-a043-073a2b53d07d,10a30ce7-ba4d-4601-ab1a-f7bd8aabf0e4,armor
4b62a0b6-c8e3-47bf-a043-073a2b53d07d,950f9a9a-bbe2-4402-93a2-b8a5f237b78c,gloves
4b62a0b6-c8e3-47bf-a043-073a2b53d07d,0f8f3b20-507d-43c1-8af1-c4af26a7913d,boots
a000b620-20e8-4574-8647-45c56ca3d7b2,c964e06d-6cd0-4606-9b4d-bc02a9904f0d,ring
4b62a0b6-c8e3-47bf-a043-073a2b53d07d,5096e06f-8419-4d64-abdf-289328c67a3d,necklace
4b62a0b6-c8e3-47bf-a043-073a2b53d07d,38bfcf5e-3740-4b86-beb4-9e3cb341c3ca,belt
4b62a0b6-c8e3-47bf-a043-073a2b53d07d,ebe664d9-6aaf-49e3-bb6e-895d7fbcbdc4,ring
4b62a0b6-c8e3-47bf-a043-073a2b53d07d,253f61a5-bc7a-4c6f-9682-700cd3c86082,trinket
4b62a0b6-c8e3-47bf-a043-073a2b53d07d,ae7bd0da-1008-4e6d-a644-04174f90f0d1,leftHand
eaff9ea9-ba29-421f-a8f5-7d6f7e242c78,8741124f-f6e3-465a-a9cf-ec9881fb15e7,helmet
eaff9ea9-ba29-421f-a8f5-7d6f7e242c78,45c250ac-51b0-4e0a-9709-6506c508cfec,armor
eaff9ea9-ba29-421f-a8f5-7d6f7e242c78,dd7df401-541a-42e5-b8c6-df5e0f89ceaa,gloves
eaff9ea9-ba29-421f-a8f5-7d6f7e242c78,4b6fc0a4-a8c9-48a6-92cf-fcba63bbcb13,boots
eaff9ea9-ba29-421f-a8f5-7d6f7e242c78,06e385a3-cbf1-4771-ac56-45777e1182f5,necklace
a000b620-20e8-4574-8647-45c56ca3d7b2,be337dc0-5ab5-4174-ac0b-23f8855690c7,trinket
eaff9ea9-ba29-421f-a8f5-7d6f7e242c78,91a9de01-dcc6-4b44-8322-a854fa03b744,belt
eaff9ea9-ba29-421f-a8f5-7d6f7e242c78,b699b320-058c-4146-ada9-719c47c6d78f,ring
eaff9ea9-ba29-421f-a8f5-7d6f7e242c78,9f94b5f2-0f34-4b65-bc6f-83ee8433a0a6,trinket
eaff9ea9-ba29-421f-a8f5-7d6f7e242c78,8ba07c77-ec59-4cbe-9101-3dca7c8ee117,leftHand
14205c86-31e4-4aa8-b8ae-a0d36226b49f,6bea9442-1de7-44a2-8530-2ea7ab84d81e,helmet
14205c86-31e4-4aa8-b8ae-a0d36226b49f,27a5a1e4-cc66-4c3f-922b-04c5815edf97,armor
14205c86-31e4-4aa8-b8ae-a0d36226b49f,8519fccc-a243-48bf-ab0f-48fedf8303ed,gloves
14205c86-31e4-4aa8-b8ae-a0d36226b49f,8460a72b-fff9-4afc-9c1c-8c6e6ea84c85,boots
14205c86-31e4-4aa8-b8ae-a0d36226b49f,5e250912-2682-4c24-b889-7949ecbbc726,necklace
14205c86-31e4-4aa8-b8ae-a0d36226b49f,b60099c8-1456-48d5-8e6f-c66f4ee11024,belt
db719540-fe88-4e7e-b540-529ae3704729,c78f8041-fb9b-4248-8fb7-8924f550dd7f,armor
a000b620-20e8-4574-8647-45c56ca3d7b2,a37a8912-6bf6-400e-bdc1-c89f807685c4,leftHand
14205c86-31e4-4aa8-b8ae-a0d36226b49f,67f30cd2-2124-40e8-98a6-bf7b630d76be,ring
14205c86-31e4-4aa8-b8ae-a0d36226b49f,4a4a42a5-711e-4fb2-8ec2-94efdbee542c,trinket
14205c86-31e4-4aa8-b8ae-a0d36226b49f,b71c4ed9-2ac6-4f76-bf6e-64bf1f7bedeb,leftHand
1c98e972-c7bf-451c-aaf6-c4a89f61715a,1f28fc4e-08e7-46c4-a60c-db915ab0fa59,helmet
1c98e972-c7bf-451c-aaf6-c4a89f61715a,0227c3e5-2e17-40b2-9d9e-c5b27e0e1a4e,armor
1c98e972-c7bf-451c-aaf6-c4a89f61715a,7da1a6aa-4c76-4ad6-a2fa-60f85be1296a,gloves
1c98e972-c7bf-451c-aaf6-c4a89f61715a,7221a576-0c9b-4196-95b5-bcad919de3ef,boots
1c98e972-c7bf-451c-aaf6-c4a89f61715a,5096e06f-8419-4d64-abdf-289328c67a3d,necklace
1c98e972-c7bf-451c-aaf6-c4a89f61715a,b1f5054e-9f80-416c-8561-fe26b19585c5,belt
1c98e972-c7bf-451c-aaf6-c4a89f61715a,d0cf4099-96b4-4a1f-8d76-82e5f692e8e1,ring
812c11d5-e127-4c1b-ba80-a1d880d3463e,08ed31ae-731d-4799-a760-3a772da15e03,helmet
1c98e972-c7bf-451c-aaf6-c4a89f61715a,47b55ee9-67e7-4a06-96b6-e8244b682a0a,trinket
1c98e972-c7bf-451c-aaf6-c4a89f61715a,00272a4b-ec8e-4f5b-ad83-89deecf9beb9,leftHand
fe65d94d-39a6-4c28-9562-a8b0840e2504,7bde71a5-e97c-4755-bbca-bc4cc2ad9705,helmet
fe65d94d-39a6-4c28-9562-a8b0840e2504,5f7b6bae-22b2-48e3-b4a6-aa96f8e72511,armor
fe65d94d-39a6-4c28-9562-a8b0840e2504,21babe24-f9b8-46af-8759-e90dd828f39d,gloves
fe65d94d-39a6-4c28-9562-a8b0840e2504,58ecba71-86f9-42bf-8606-f8061c9b9212,boots
fe65d94d-39a6-4c28-9562-a8b0840e2504,9dc694cc-b096-4cc6-8df6-3f298bb0a687,necklace
fe65d94d-39a6-4c28-9562-a8b0840e2504,ed8bd7f3-b8d9-4a82-b70d-7358543dfe46,belt
fe65d94d-39a6-4c28-9562-a8b0840e2504,224e951e-a2a3-4695-831f-f663011ea4f6,ring
fe65d94d-39a6-4c28-9562-a8b0840e2504,7989f8ae-d79f-4c8b-9a02-a44e9d66fcf6,trinket
812c11d5-e127-4c1b-ba80-a1d880d3463e,16c5d519-3228-4228-95f2-5a05bdbd8eee,armor
fe65d94d-39a6-4c28-9562-a8b0840e2504,6da8b317-388f-41b1-8586-1966d55167c2,leftHand
a70675d9-b5b7-4e81-b4dd-a73962682871,08ed31ae-731d-4799-a760-3a772da15e03,helmet
a70675d9-b5b7-4e81-b4dd-a73962682871,b68bad0f-7f4f-4ccd-b605-ba74d1aa0703,armor
a70675d9-b5b7-4e81-b4dd-a73962682871,cca621d7-a1f7-4192-9184-7d521e2142e7,boots
a70675d9-b5b7-4e81-b4dd-a73962682871,3411eb2d-e5c5-4d04-8b73-a5373b67da26,necklace
a70675d9-b5b7-4e81-b4dd-a73962682871,fbc51e28-5eb2-4ea2-9628-5c7d1ff041c3,ring
a70675d9-b5b7-4e81-b4dd-a73962682871,f2da0136-a426-49fa-a22e-aa3bae5827a0,trinket
a70675d9-b5b7-4e81-b4dd-a73962682871,7f964466-2efe-4c41-992a-e88d93909187,leftHand
e8406d69-d6da-48b9-a95b-881131985af3,69a3027d-1074-45b2-ac4f-c5c4353373ee,armor
e8406d69-d6da-48b9-a95b-881131985af3,dad903e3-9d8c-4353-9e28-c7161bcb000e,gloves
812c11d5-e127-4c1b-ba80-a1d880d3463e,0f8f3b20-507d-43c1-8af1-c4af26a7913d,boots
e8406d69-d6da-48b9-a95b-881131985af3,a572d2ac-8f3b-40bd-a179-f44f4771f9be,boots
e8406d69-d6da-48b9-a95b-881131985af3,24c0bfb8-21e6-4ac6-876e-f3fc4dac92a3,necklace
e8406d69-d6da-48b9-a95b-881131985af3,4d1c4cee-0c43-4dd7-9811-f8a1bfd5a96d,belt
e8406d69-d6da-48b9-a95b-881131985af3,ef13d36c-b6a6-4de0-918f-27de4ab2ad36,ring
e8406d69-d6da-48b9-a95b-881131985af3,1736ae79-5a87-4605-8426-d098834b741a,trinket
e8406d69-d6da-48b9-a95b-881131985af3,04d32e7d-120d-423a-a738-54049da4769b,leftHand
82a406d7-2e58-4d92-8a27-dac6a271cbff,a5a43574-50c6-4360-9206-29e222a13054,helmet
82a406d7-2e58-4d92-8a27-dac6a271cbff,124de827-9bc4-4d57-8404-b3bf419c1806,armor
82a406d7-2e58-4d92-8a27-dac6a271cbff,b764d3b0-54a7-41f0-aecc-857a480a1b02,gloves
82a406d7-2e58-4d92-8a27-dac6a271cbff,22bc292b-5484-439a-bbae-2e636226aa79,boots
812c11d5-e127-4c1b-ba80-a1d880d3463e,241b9587-1e12-42aa-a028-7bca3709e376,necklace
82a406d7-2e58-4d92-8a27-dac6a271cbff,33010873-1a66-49fe-a1ca-6ac9b00ae60b,necklace
82a406d7-2e58-4d92-8a27-dac6a271cbff,6a40315b-d2b4-4181-951b-0093fda36b6a,ring
82a406d7-2e58-4d92-8a27-dac6a271cbff,e076a623-130d-48fa-b8ec-795e6fd510bf,trinket
82a406d7-2e58-4d92-8a27-dac6a271cbff,ce1c07e0-713f-4612-a052-2b00c869ac72,leftHand
82a406d7-2e58-4d92-8a27-dac6a271cbff,49e3eec1-0402-451b-8a2a-e9c479555459,rightHand
4268158b-21a5-4af1-8577-e1e246db446f,14a60ed4-75cd-4324-8a73-8bf741b467f7,helmet
4268158b-21a5-4af1-8577-e1e246db446f,34147a21-6bad-4613-b80a-143d56b404b3,armor
4268158b-21a5-4af1-8577-e1e246db446f,1fe2e857-f568-4d09-90f9-236ac2d10978,gloves
4268158b-21a5-4af1-8577-e1e246db446f,c5d9b6e9-3837-46c3-bcb0-4b603bcdcf7c,boots
4268158b-21a5-4af1-8577-e1e246db446f,65dd7627-b45f-4ab3-8f64-002c1dc8b836,necklace
812c11d5-e127-4c1b-ba80-a1d880d3463e,5cca7f6f-0e50-4d87-b252-80fc10354f9a,belt
4268158b-21a5-4af1-8577-e1e246db446f,bdf38d08-2f6a-4cff-8120-e22267273479,belt
4268158b-21a5-4af1-8577-e1e246db446f,b4dac551-105e-4a44-b0cd-4eadd416ad2a,trinket
4268158b-21a5-4af1-8577-e1e246db446f,7f3b71bd-5c06-4e6f-81fe-3f0e75367ab3,leftHand
4268158b-21a5-4af1-8577-e1e246db446f,402e42e0-dfa4-4ac1-b5f0-852a65ebab82,rightHand
beee672a-faf9-4150-9b70-8b0a3f3c4ceb,b7308049-9361-4056-983f-7348f74250d5,helmet
beee672a-faf9-4150-9b70-8b0a3f3c4ceb,4bcc8593-c76e-4a94-9b05-98299e1f7eba,armor
beee672a-faf9-4150-9b70-8b0a3f3c4ceb,fd433b28-3422-4566-8b89-86bbba841900,gloves
beee672a-faf9-4150-9b70-8b0a3f3c4ceb,3666522d-7cbc-4cd8-b8f1-007d2a13565a,boots
beee672a-faf9-4150-9b70-8b0a3f3c4ceb,1086a4b0-b3a8-4b59-b9c4-2af4c0c025cd,necklace
beee672a-faf9-4150-9b70-8b0a3f3c4ceb,b26a6db4-8008-43af-942c-ecec2d43d418,belt
812c11d5-e127-4c1b-ba80-a1d880d3463e,2b062084-10f3-493f-b632-5373cae929c3,ring
beee672a-faf9-4150-9b70-8b0a3f3c4ceb,9d1e74a1-131e-46d1-ade2-1e3cf1cbd875,ring
beee672a-faf9-4150-9b70-8b0a3f3c4ceb,27de3a01-d347-490d-b28f-31203372bab6,trinket
beee672a-faf9-4150-9b70-8b0a3f3c4ceb,fcd4072b-5898-439a-9b93-1fd7e2eb56e2,leftHand
750eefed-309e-4eb5-a598-fd727f29ef21,8db603f5-3a01-4981-9120-9a0a422fc128,helmet
750eefed-309e-4eb5-a598-fd727f29ef21,5d047ebf-6bd8-4cf8-9734-4f427c4a7666,armor
750eefed-309e-4eb5-a598-fd727f29ef21,0d18868f-4fe1-431c-8624-27c7315796db,gloves
750eefed-309e-4eb5-a598-fd727f29ef21,540ad71d-62a9-4f9f-a295-79aa70b80ff3,boots
750eefed-309e-4eb5-a598-fd727f29ef21,9db14416-477a-4b65-af32-b79e0626c3b5,belt
750eefed-309e-4eb5-a598-fd727f29ef21,7a05e04d-4b24-48fb-9907-a45e3d74564b,ring
750eefed-309e-4eb5-a598-fd727f29ef21,b56b84d9-d9c3-4696-8be0-07ba0e298fae,trinket
812c11d5-e127-4c1b-ba80-a1d880d3463e,7ca77f9e-5cbe-4c59-b9bf-2ded22c14cc5,trinket
750eefed-309e-4eb5-a598-fd727f29ef21,72519c58-8942-40cd-ad93-117c9e04bd52,leftHand
ced2a718-d9d9-4091-9a74-17799be264d5,afeac52f-9425-4c3d-a790-5d91987b6b77,helmet
ced2a718-d9d9-4091-9a74-17799be264d5,805de5b3-a0f2-4fe1-bd5a-a7c5a70e3bc3,armor
ced2a718-d9d9-4091-9a74-17799be264d5,dd7df401-541a-42e5-b8c6-df5e0f89ceaa,gloves
ced2a718-d9d9-4091-9a74-17799be264d5,d9e5b66e-4c4c-40fa-8cd0-5137be1f0e11,boots
ced2a718-d9d9-4091-9a74-17799be264d5,984d33be-534b-4c63-87f2-32529aae1579,ring
ced2a718-d9d9-4091-9a74-17799be264d5,fbe713e3-9c5d-4e0d-9877-5b27181a3330,trinket
ced2a718-d9d9-4091-9a74-17799be264d5,60872875-5891-486c-a049-c0e3fdc940e0,leftHand
c0ca133b-f588-49a8-b91e-48bcc6acdb53,a39eedcd-075c-4079-99ea-f01721a1707e,helmet
c0ca133b-f588-49a8-b91e-48bcc6acdb53,f77a561f-e8d7-44aa-9847-8ac4f2ddfda1,armor
812c11d5-e127-4c1b-ba80-a1d880d3463e,f774ce8a-4df8-4554-833e-9ee3a9e1db2b,leftHand
c0ca133b-f588-49a8-b91e-48bcc6acdb53,9d5cc268-5257-4d09-a709-2ffaae0a1171,gloves
c0ca133b-f588-49a8-b91e-48bcc6acdb53,f966606a-1c69-4233-b715-fc803e9815c2,boots
c0ca133b-f588-49a8-b91e-48bcc6acdb53,1c29cf7b-d13b-4e35-83d9-4bc75eaad54c,necklace
c0ca133b-f588-49a8-b91e-48bcc6acdb53,d7651084-56fb-409e-be62-d91ab4926321,belt
c0ca133b-f588-49a8-b91e-48bcc6acdb53,5720eaed-a344-4ee3-84ab-0a8e00a6f444,ring
c0ca133b-f588-49a8-b91e-48bcc6acdb53,deefa800-06a1-437b-a10a-3b50c2100e90,trinket
c0ca133b-f588-49a8-b91e-48bcc6acdb53,85cd0b26-bdb9-46b1-b7a6-c429dacc2e03,leftHand
747a58d0-fc30-45f4-a44b-950960a4a63b,53086a01-da44-4c49-8560-25ceaa207b84,helmet
747a58d0-fc30-45f4-a44b-950960a4a63b,97bba9f7-a9ac-4734-91bb-ef3cabdbe68a,armor
747a58d0-fc30-45f4-a44b-950960a4a63b,21ab8c6a-b4c8-46db-96fe-63036b371880,gloves
e8ea5ecb-84a8-4549-8faa-48578963249a,27759f97-aed6-4aeb-b494-f53f0a18daea,helmet
747a58d0-fc30-45f4-a44b-950960a4a63b,38bfcf5e-3740-4b86-beb4-9e3cb341c3ca,belt
747a58d0-fc30-45f4-a44b-950960a4a63b,169fa90f-f4fd-4d83-9dd9-ecf2390b567c,ring
747a58d0-fc30-45f4-a44b-950960a4a63b,e60ba830-cc79-43f1-a109-c6e6f4ce974b,trinket
747a58d0-fc30-45f4-a44b-950960a4a63b,bafdbe5b-6199-4cb5-b8dc-5ad11ec73e5c,leftHand
0c015426-6d87-48da-950c-601dc512a05b,f4cc134c-5192-48a2-9551-317f915e82a3,helmet
0c015426-6d87-48da-950c-601dc512a05b,a6bea443-5271-49b1-aa45-5b0b9147633f,armor
0c015426-6d87-48da-950c-601dc512a05b,719c652b-f47f-4140-ba2c-958bd60c46f4,gloves
0c015426-6d87-48da-950c-601dc512a05b,aac745c9-0ead-4267-9d2f-08329a8b6062,boots
0c015426-6d87-48da-950c-601dc512a05b,f6a0d1bb-a7cc-4ed0-97e2-32924f9a426b,necklace
0c015426-6d87-48da-950c-601dc512a05b,9fc8e1e2-3876-429d-b512-97fdf584a37e,belt
db719540-fe88-4e7e-b540-529ae3704729,6b7cc56f-c81d-4890-b943-eee4381fff4f,boots
e8ea5ecb-84a8-4549-8faa-48578963249a,b6f507ce-60a4-4dcb-81e5-3b3957853839,armor
0c015426-6d87-48da-950c-601dc512a05b,ab66ca0b-8ba4-425a-9a84-6eaa43616e4c,trinket
0c015426-6d87-48da-950c-601dc512a05b,ce1c07e0-713f-4612-a052-2b00c869ac72,leftHand
0c015426-6d87-48da-950c-601dc512a05b,48ef9345-0f5c-464f-8fc1-6731a9930c18,shield
54e485b9-af10-40f9-a9cc-eb3f62befbd7,d669f948-adf1-49a3-a101-eed6b4683547,armor
54e485b9-af10-40f9-a9cc-eb3f62befbd7,894be919-12c0-4118-b6cd-653affa58a6f,gloves
54e485b9-af10-40f9-a9cc-eb3f62befbd7,0fddb45c-3b4d-4628-b0e6-b3667bffdf35,boots
54e485b9-af10-40f9-a9cc-eb3f62befbd7,747dc9a2-5f04-4d87-94ad-5bbb11a0ddf0,necklace
54e485b9-af10-40f9-a9cc-eb3f62befbd7,2fdd5203-1cbb-4634-a476-61cb1481abb9,belt
54e485b9-af10-40f9-a9cc-eb3f62befbd7,fc445628-1782-4500-910e-31e4fea76700,ring
54e485b9-af10-40f9-a9cc-eb3f62befbd7,deefa800-06a1-437b-a10a-3b50c2100e90,trinket
e8ea5ecb-84a8-4549-8faa-48578963249a,f87f55c4-28ab-4ecc-968d-6bcde0549c90,gloves
54e485b9-af10-40f9-a9cc-eb3f62befbd7,4da966ad-77b2-4c2d-b464-939ba1db2e57,leftHand
d0b5b642-3eae-454e-a95e-4dec8217d690,105e5323-5a82-4b9c-84ad-d6117f705a25,helmet
d0b5b642-3eae-454e-a95e-4dec8217d690,6cffb02d-0c58-4bf4-8d18-b55a9b8b4f7c,armor
d0b5b642-3eae-454e-a95e-4dec8217d690,6f282ef9-a7df-4765-97f0-fd56281fcf62,gloves
d0b5b642-3eae-454e-a95e-4dec8217d690,8c89f38a-540d-4d12-ad76-0d9be4b92116,boots
d0b5b642-3eae-454e-a95e-4dec8217d690,e53525e8-5e8d-406b-91aa-a8120daa253c,necklace
d0b5b642-3eae-454e-a95e-4dec8217d690,8288ab15-f9d3-49fd-a21a-08338a246c01,belt
d0b5b642-3eae-454e-a95e-4dec8217d690,29d78711-946a-4c31-ad7b-ecfaa8dc8189,ring
d0b5b642-3eae-454e-a95e-4dec8217d690,43171ffd-9c39-43e6-9137-63f76725f155,trinket
d0b5b642-3eae-454e-a95e-4dec8217d690,b9e0ee37-9305-4e95-bff2-e5919a0316a8,leftHand
e8ea5ecb-84a8-4549-8faa-48578963249a,7190221f-8e32-449e-957e-25302b8c25c0,boots
27104e29-5500-4349-b78b-e4baaf43377b,bc4c0197-f782-45bc-9995-07a83feaf4c0,helmet
27104e29-5500-4349-b78b-e4baaf43377b,c78f8041-fb9b-4248-8fb7-8924f550dd7f,armor
27104e29-5500-4349-b78b-e4baaf43377b,1bc7d534-728e-43f4-9882-420e1af95ea6,gloves
27104e29-5500-4349-b78b-e4baaf43377b,f266d87d-2209-4b45-be7f-6ba3966b21de,boots
27104e29-5500-4349-b78b-e4baaf43377b,5096e06f-8419-4d64-abdf-289328c67a3d,necklace
27104e29-5500-4349-b78b-e4baaf43377b,127e22ff-f647-426c-82de-430ae971dae3,belt
27104e29-5500-4349-b78b-e4baaf43377b,8b081171-16e7-4e6e-a351-06dc410b5ee7,ring
27104e29-5500-4349-b78b-e4baaf43377b,c2e68f93-7a79-4d1d-ac19-50f86c459d1a,trinket
27104e29-5500-4349-b78b-e4baaf43377b,91c183d4-37c8-471c-b09c-cf0022417184,leftHand
0ed8e1bc-3505-4124-bacf-214e6a95ab59,548ce894-86e0-4aa0-8287-55b7b4fc8a51,helmet
e8ea5ecb-84a8-4549-8faa-48578963249a,422434c9-f695-4f38-822c-42ea5501f4b0,necklace
0ed8e1bc-3505-4124-bacf-214e6a95ab59,c26268e6-52e9-454e-936d-921d13ae0e50,armor
0ed8e1bc-3505-4124-bacf-214e6a95ab59,fd433b28-3422-4566-8b89-86bbba841900,gloves
0ed8e1bc-3505-4124-bacf-214e6a95ab59,f266d87d-2209-4b45-be7f-6ba3966b21de,boots
0ed8e1bc-3505-4124-bacf-214e6a95ab59,52a67f6e-6299-4743-9835-17d22810555b,necklace
0ed8e1bc-3505-4124-bacf-214e6a95ab59,ccfe7860-4d97-4230-976e-648aec481205,belt
0ed8e1bc-3505-4124-bacf-214e6a95ab59,fbc51e28-5eb2-4ea2-9628-5c7d1ff041c3,ring
0ed8e1bc-3505-4124-bacf-214e6a95ab59,fc98827e-4ed5-401c-a1c0-a9d37897e55a,trinket
0ed8e1bc-3505-4124-bacf-214e6a95ab59,3bdfcca9-c522-4049-be35-fda085752375,leftHand
4ff4f582-de82-4dea-bf59-a636ebea8721,939d2b71-0729-471a-aa2b-d6f619479d04,helmet
4ff4f582-de82-4dea-bf59-a636ebea8721,1d6c8036-371a-47d7-a84c-34410fb42f3a,gloves
e8ea5ecb-84a8-4549-8faa-48578963249a,48145315-232d-4c35-81a8-6c502f9db954,belt
4ff4f582-de82-4dea-bf59-a636ebea8721,e50ad776-33da-4ec2-9bfb-765d1a55cbfc,boots
4ff4f582-de82-4dea-bf59-a636ebea8721,c1f4db9b-d8b6-4cbe-ac35-bdc34baf79fb,belt
4ff4f582-de82-4dea-bf59-a636ebea8721,127fc5cd-63e7-486a-a18f-3f39e6e13bd5,ring
4ff4f582-de82-4dea-bf59-a636ebea8721,8c72c46e-280b-48e5-949e-bd98ad5cf147,trinket
4ff4f582-de82-4dea-bf59-a636ebea8721,e98fb50e-53b8-45cb-b15e-956202206647,leftHand
d6fa264e-2c64-4a65-bef5-3fdf5770562c,465d34ac-bcf7-4b5d-baee-8cdad1d2550c,helmet
d6fa264e-2c64-4a65-bef5-3fdf5770562c,03c00f59-98d0-43af-9692-2753f2d3c8e2,armor
d6fa264e-2c64-4a65-bef5-3fdf5770562c,413daddc-1877-4fb1-9a30-30fd4e36363f,gloves
d6fa264e-2c64-4a65-bef5-3fdf5770562c,a4c4de59-6e57-4cef-b008-bf569412d84c,boots
d6fa264e-2c64-4a65-bef5-3fdf5770562c,6b9f19bb-86eb-4cd8-8362-1ad14f003baf,necklace
e8ea5ecb-84a8-4549-8faa-48578963249a,be5f50f8-b1fb-4ac7-8de3-ab8d7ddce41a,ring
d6fa264e-2c64-4a65-bef5-3fdf5770562c,72f18b8c-c82d-48ab-9ec7-d9b28a8ffc87,belt
d6fa264e-2c64-4a65-bef5-3fdf5770562c,fd3c940b-27fa-4af4-ada5-57e7ec61d50c,trinket
d6fa264e-2c64-4a65-bef5-3fdf5770562c,1ae65632-1d76-4830-9094-4f8f57d92709,leftHand
a7da415c-b331-44b1-8c77-452334be171f,148e186d-d027-4136-a062-f1b15ca82c23,helmet
a7da415c-b331-44b1-8c77-452334be171f,dd77d984-8bff-4322-9333-7285f05e1128,armor
a7da415c-b331-44b1-8c77-452334be171f,bba98f48-7503-4dcd-9f34-23055da8d320,gloves
a7da415c-b331-44b1-8c77-452334be171f,894f85c6-6ef2-47f9-831d-85b59ca565b7,boots
a7da415c-b331-44b1-8c77-452334be171f,74756e4a-166e-4142-9144-a4f30c4091a7,necklace
a7da415c-b331-44b1-8c77-452334be171f,902a34cc-e467-4831-8aff-b323850e2936,ring
a7da415c-b331-44b1-8c77-452334be171f,56cb669a-87fd-4960-a575-32f454ebcddf,trinket
e8ea5ecb-84a8-4549-8faa-48578963249a,402e42e0-dfa4-4ac1-b5f0-852a65ebab82,leftHand
a7da415c-b331-44b1-8c77-452334be171f,83ca8aca-1310-4a4a-8239-bf1ea39e6e41,leftHand
55ee123b-78de-4143-a854-7ea7056bf7ac,048ad925-890a-4800-ac66-5f6d2338b3f1,armor
55ee123b-78de-4143-a854-7ea7056bf7ac,ca626a73-c9f5-4e20-abc2-f001f0be364b,gloves
55ee123b-78de-4143-a854-7ea7056bf7ac,7190221f-8e32-449e-957e-25302b8c25c0,boots
55ee123b-78de-4143-a854-7ea7056bf7ac,34108733-3f47-421a-8143-d7506134550a,necklace
55ee123b-78de-4143-a854-7ea7056bf7ac,fc822398-b650-44ad-bfa5-7616af126ef7,belt
55ee123b-78de-4143-a854-7ea7056bf7ac,1892b0a6-b3f9-4705-88bb-430189f5c336,ring
55ee123b-78de-4143-a854-7ea7056bf7ac,7e456a5f-61a0-44a3-bbd1-d1ab2fe0821e,trinket
55ee123b-78de-4143-a854-7ea7056bf7ac,66f2b048-e3eb-40a8-adce-90b8df03a937,leftHand
55ee123b-78de-4143-a854-7ea7056bf7ac,aca99172-9fc9-47a4-95ec-382b40bbdb33,rightHand
cdd9ff72-16ff-422e-9f92-f863d68d8dd7,99f84e92-9d95-4437-9434-4c11e94a1a07,helmet
dc6511bd-f547-46a1-9101-874cd8263950,8db603f5-3a01-4981-9120-9a0a422fc128,helmet
dc6511bd-f547-46a1-9101-874cd8263950,fec994df-377f-4791-9f96-8bdc5bb9f7d5,armor
dc6511bd-f547-46a1-9101-874cd8263950,e0cf4b4d-c070-4a09-93c6-6064c4bd50a9,gloves
dc6511bd-f547-46a1-9101-874cd8263950,913488dd-b6ee-4c60-828f-edc6d215879d,necklace
dc6511bd-f547-46a1-9101-874cd8263950,cf193751-982e-4569-9aaa-79ad2d0a32f7,ring
dc6511bd-f547-46a1-9101-874cd8263950,147b97d8-af2f-4d06-b606-16814e69e7a6,trinket
dc6511bd-f547-46a1-9101-874cd8263950,9afc9c62-5a85-428d-92d2-2db401673463,leftHand
dc6511bd-f547-46a1-9101-874cd8263950,f516eb97-2be5-4148-9e3c-88c8f5227faf,rightHand
ba0a83a4-2b70-4500-8d23-f83e3ac8a4ad,99f84e92-9d95-4437-9434-4c11e94a1a07,helmet
ba0a83a4-2b70-4500-8d23-f83e3ac8a4ad,4bfa4aac-b4a8-46a7-81f8-ad8e17426360,armor
cdd9ff72-16ff-422e-9f92-f863d68d8dd7,9f9d04a7-1667-4ded-ad53-1b6212f0c80e,armor
ba0a83a4-2b70-4500-8d23-f83e3ac8a4ad,422434c9-f695-4f38-822c-42ea5501f4b0,necklace
ba0a83a4-2b70-4500-8d23-f83e3ac8a4ad,78a632a7-4fe8-4f02-b2da-32ea7505edc6,belt
ba0a83a4-2b70-4500-8d23-f83e3ac8a4ad,e9d86709-de93-43bc-b0ad-0b4dffbd09b5,ring
ba0a83a4-2b70-4500-8d23-f83e3ac8a4ad,7ce3858d-7b91-44bd-8099-f1cfc658be8b,trinket
ba0a83a4-2b70-4500-8d23-f83e3ac8a4ad,511cfe23-c82e-4e20-a914-0a3e84d06c92,leftHand
ba0a83a4-2b70-4500-8d23-f83e3ac8a4ad,293c1137-744c-45d6-ae6b-6664da155807,shield
090b789b-d2e0-4393-8323-5b47ecbba5fb,b6afa27f-5b06-4367-92ff-072d3dc315a3,helmet
090b789b-d2e0-4393-8323-5b47ecbba5fb,22dcf8ae-8027-450c-8fbf-789b22ad138b,armor
090b789b-d2e0-4393-8323-5b47ecbba5fb,14a95ba3-1c0f-4c1b-9974-ed94462ac126,gloves
090b789b-d2e0-4393-8323-5b47ecbba5fb,53210d16-0f70-48ab-8911-bcc1a49abdee,boots
cdd9ff72-16ff-422e-9f92-f863d68d8dd7,d6e07e73-00cb-44c5-bec8-e20283f72376,gloves
090b789b-d2e0-4393-8323-5b47ecbba5fb,2b5706d0-0afc-4cea-8864-358837139c95,necklace
090b789b-d2e0-4393-8323-5b47ecbba5fb,e5f48c89-fcfd-4e8c-8f58-5183a9c68c77,belt
090b789b-d2e0-4393-8323-5b47ecbba5fb,5720eaed-a344-4ee3-84ab-0a8e00a6f444,ring
090b789b-d2e0-4393-8323-5b47ecbba5fb,8bca0401-c14b-4f9f-8926-dd4b5918b390,trinket
090b789b-d2e0-4393-8323-5b47ecbba5fb,8d720936-54f0-48d2-8901-6d06bdf41de5,leftHand
1c053dba-37df-4270-8203-5b98eaf817d4,69a3027d-1074-45b2-ac4f-c5c4353373ee,armor
1c053dba-37df-4270-8203-5b98eaf817d4,d9b6f55a-4cc0-4042-a3cd-975c96b54a85,gloves
1c053dba-37df-4270-8203-5b98eaf817d4,10d250c0-8775-4095-bb60-afc62e316cd0,necklace
1c053dba-37df-4270-8203-5b98eaf817d4,05d73a3d-64ea-4879-8765-511f36e98939,belt
1c053dba-37df-4270-8203-5b98eaf817d4,67f30cd2-2124-40e8-98a6-bf7b630d76be,ring
db719540-fe88-4e7e-b540-529ae3704729,47a68c9f-2f7b-432d-8cb4-b31c2cdedb07,ring
cdd9ff72-16ff-422e-9f92-f863d68d8dd7,228318f7-65e7-4cf6-9c80-0637022f507d,boots
1c053dba-37df-4270-8203-5b98eaf817d4,f18759c1-45d7-4c96-9d57-72071976ca03,trinket
1c053dba-37df-4270-8203-5b98eaf817d4,2da53c86-dbcc-46b3-834d-516d5e48e885,leftHand
1a582786-9790-4ff2-a5be-a67a979c24c5,d3bf05c6-6374-47c8-934e-657e2afd80ff,armor
1a582786-9790-4ff2-a5be-a67a979c24c5,d9c74ddd-6182-44ff-8a14-9f9395f85270,gloves
1a582786-9790-4ff2-a5be-a67a979c24c5,56e8f65d-ab9e-43af-ae91-828220e32227,boots
1a582786-9790-4ff2-a5be-a67a979c24c5,48145315-232d-4c35-81a8-6c502f9db954,belt
1a582786-9790-4ff2-a5be-a67a979c24c5,00d854be-35f1-4487-89d5-324f33dd7b6d,ring
1a582786-9790-4ff2-a5be-a67a979c24c5,97a168fb-ccdd-464b-b9e0-b2ff7ad66748,leftHand
1a582786-9790-4ff2-a5be-a67a979c24c5,520aee05-9097-42b2-8ed0-1105f10607fa,shield
b17c3234-41f3-4417-83d2-b9d72c956298,b40dc33a-8f8a-4b5b-b089-e54699f6e35d,helmet
cdd9ff72-16ff-422e-9f92-f863d68d8dd7,88788984-f87b-49f1-ae03-517580bd10ad,belt
b17c3234-41f3-4417-83d2-b9d72c956298,63cf52cc-b536-4a51-bb93-be8267891979,armor
b17c3234-41f3-4417-83d2-b9d72c956298,3bff266a-efbd-4db3-9fc9-bde14df49759,gloves
b17c3234-41f3-4417-83d2-b9d72c956298,88a48c3e-e40c-4a6f-9b55-5f284cb96e61,boots
b17c3234-41f3-4417-83d2-b9d72c956298,c0a5abc7-d98b-4170-9f6c-70139c37b1e7,necklace
b17c3234-41f3-4417-83d2-b9d72c956298,b6349f89-ecd6-4e68-8085-5ba9cfab6bf2,belt
b17c3234-41f3-4417-83d2-b9d72c956298,fba8ebb3-6379-463e-a944-8bf1eb900db7,ring
b17c3234-41f3-4417-83d2-b9d72c956298,eb0e08b5-2a64-4c2c-ad82-8e1f0d24df75,trinket
b17c3234-41f3-4417-83d2-b9d72c956298,dfdcf88f-70c3-4dda-b28e-7317e5908596,leftHand
15a370ca-592a-438d-9092-b8c97a0b0fd2,64a29f42-0462-4bfc-aed6-7bcdcec03216,helmet
15a370ca-592a-438d-9092-b8c97a0b0fd2,da3b45dc-ce57-4816-be21-3d9625f7f8e6,armor
cdd9ff72-16ff-422e-9f92-f863d68d8dd7,77937d71-a6ab-4d51-aacb-6f2be5e56667,leftHand
15a370ca-592a-438d-9092-b8c97a0b0fd2,7221a576-0c9b-4196-95b5-bcad919de3ef,boots
15a370ca-592a-438d-9092-b8c97a0b0fd2,88e348b3-4075-4257-930b-bc3660c7eece,necklace
15a370ca-592a-438d-9092-b8c97a0b0fd2,f0d1ad71-80c6-444c-a6a2-6b0345e43315,belt
15a370ca-592a-438d-9092-b8c97a0b0fd2,5d27b095-44cd-4f8b-8b6f-ef3eecae67da,ring
15a370ca-592a-438d-9092-b8c97a0b0fd2,4637ece2-1550-4ccd-8636-3c126d791f10,trinket
15a370ca-592a-438d-9092-b8c97a0b0fd2,17b20b41-b14a-4cdf-8e86-cd8a418285a8,leftHand
964fae14-a8da-486e-be43-ed9e52f14e4c,8f49f74e-ed90-46ee-9ab0-9ea9eb39db18,armor
964fae14-a8da-486e-be43-ed9e52f14e4c,33001cf9-bcbb-417c-996e-871eb7cb5cd8,gloves
964fae14-a8da-486e-be43-ed9e52f14e4c,25a01b74-5319-4dc7-95b2-9735a1ccc6e4,boots
964fae14-a8da-486e-be43-ed9e52f14e4c,ebdb01a0-4439-42fe-80cd-4883ae5d29c8,necklace
43ad8268-e02a-4dc9-8ef3-ac1a574f4fd5,2fddf551-f15b-44ff-960e-af886146759a,helmet
964fae14-a8da-486e-be43-ed9e52f14e4c,bc132396-3c56-4b4f-a2bd-c2d07cf1029a,ring
964fae14-a8da-486e-be43-ed9e52f14e4c,49364eee-beac-4c32-96f0-eab0d4f3365f,trinket
964fae14-a8da-486e-be43-ed9e52f14e4c,2a9c9886-4d23-48da-bb27-fb01b2a04f33,leftHand
0aa155b9-c7f5-43f8-87dc-584d5ccbcf5a,9d1ce50f-a1f9-47c6-84b3-eb97f04283d9,helmet
0aa155b9-c7f5-43f8-87dc-584d5ccbcf5a,b334e7db-fbfd-4a9f-a3ea-39f247a2a319,armor
0aa155b9-c7f5-43f8-87dc-584d5ccbcf5a,811f917e-881a-4542-a623-1b80bff5aa68,gloves
0aa155b9-c7f5-43f8-87dc-584d5ccbcf5a,41f413ff-fb76-4961-8cdf-04f2a62b9825,boots
0aa155b9-c7f5-43f8-87dc-584d5ccbcf5a,8faca77b-25a6-4cd3-9776-304b3e31a99c,necklace
0aa155b9-c7f5-43f8-87dc-584d5ccbcf5a,bf2b2944-62e3-4a58-a11b-f6ec1dd93a47,leftHand
245f5c0e-89c0-4416-9ec9-1709e210decd,f483ba19-e396-4c56-8a20-86c5841e931a,armor
43ad8268-e02a-4dc9-8ef3-ac1a574f4fd5,d3bf05c6-6374-47c8-934e-657e2afd80ff,armor
245f5c0e-89c0-4416-9ec9-1709e210decd,c9eb93ae-df60-4f90-a724-5194e1a72656,gloves
245f5c0e-89c0-4416-9ec9-1709e210decd,749ef780-dabf-4834-b128-abbe1e7279cf,boots
245f5c0e-89c0-4416-9ec9-1709e210decd,10d250c0-8775-4095-bb60-afc62e316cd0,necklace
245f5c0e-89c0-4416-9ec9-1709e210decd,b61d7bf4-020c-4b21-b066-4a503c0f01e0,belt
245f5c0e-89c0-4416-9ec9-1709e210decd,b9abfa1b-e460-422c-8471-36e21a284054,ring
245f5c0e-89c0-4416-9ec9-1709e210decd,3acdcb93-9227-43df-a280-b89b4c822033,trinket
245f5c0e-89c0-4416-9ec9-1709e210decd,f7eb1d7f-7008-4f3e-a7d8-979838ffdd5d,leftHand
2da029ab-66b7-44c4-bf25-2603de5bba61,44fd2698-e0c7-45ed-9392-b7a0aae341f9,helmet
2da029ab-66b7-44c4-bf25-2603de5bba61,a6bea443-5271-49b1-aa45-5b0b9147633f,armor
2da029ab-66b7-44c4-bf25-2603de5bba61,e40834b5-fbb4-4334-b4d7-9c0df49f73f4,gloves
43ad8268-e02a-4dc9-8ef3-ac1a574f4fd5,b882de01-2263-43d6-b3da-6cf3d2760b56,gloves
2da029ab-66b7-44c4-bf25-2603de5bba61,454104fb-f694-440c-9e9b-64b8c2f7ac7c,boots
2da029ab-66b7-44c4-bf25-2603de5bba61,444c8bab-a598-4fbd-8c45-43ecbbefaa12,necklace
2da029ab-66b7-44c4-bf25-2603de5bba61,4ebc32cb-4c2a-4421-8a80-647ad7f78bbb,belt
2da029ab-66b7-44c4-bf25-2603de5bba61,fba8ebb3-6379-463e-a944-8bf1eb900db7,ring
2da029ab-66b7-44c4-bf25-2603de5bba61,67b41d75-6c8d-46ca-baae-cdd387e90423,trinket
2da029ab-66b7-44c4-bf25-2603de5bba61,55d6237c-37e5-4a3d-86ad-4619bf5fdc20,leftHand
9f625f68-f727-4102-b7e5-863fe7841e3c,de009e50-200a-4120-a328-fc03005f5b2d,helmet
9f625f68-f727-4102-b7e5-863fe7841e3c,72aa5e9a-fafc-42c0-918d-2d289953aa8a,armor
9f625f68-f727-4102-b7e5-863fe7841e3c,05242ff2-8095-48ea-ad12-5032411632e4,gloves
9f625f68-f727-4102-b7e5-863fe7841e3c,89270a00-041e-46c2-ac04-b41b0c652547,boots
43ad8268-e02a-4dc9-8ef3-ac1a574f4fd5,22bc292b-5484-439a-bbae-2e636226aa79,boots
9f625f68-f727-4102-b7e5-863fe7841e3c,3c42a16b-0336-42f9-9534-a5fb8b69a8e8,necklace
9f625f68-f727-4102-b7e5-863fe7841e3c,06c2a967-527f-4f44-b4bf-256955d68261,belt
9f625f68-f727-4102-b7e5-863fe7841e3c,c964e06d-6cd0-4606-9b4d-bc02a9904f0d,ring
9f625f68-f727-4102-b7e5-863fe7841e3c,b56b84d9-d9c3-4696-8be0-07ba0e298fae,trinket
9f625f68-f727-4102-b7e5-863fe7841e3c,0410c2d4-f257-4b3b-848d-dfab935b883c,leftHand
9f625f68-f727-4102-b7e5-863fe7841e3c,3c348d39-3f61-4d86-8a45-bc32e9f5e6de,rightHand
03c890ef-509f-43d9-b307-297d86a78370,995cbd4c-8ee6-465a-9636-0b403f7ee5f3,helmet
03c890ef-509f-43d9-b307-297d86a78370,d3bf05c6-6374-47c8-934e-657e2afd80ff,armor
03c890ef-509f-43d9-b307-297d86a78370,3515ab9a-2eb5-4ae7-892f-62bbf0e3c649,gloves
03c890ef-509f-43d9-b307-297d86a78370,1669a393-3a17-44df-afda-99e815febeeb,boots
43ad8268-e02a-4dc9-8ef3-ac1a574f4fd5,7900e36d-df34-48ab-8ca1-1390c8e27d32,necklace
03c890ef-509f-43d9-b307-297d86a78370,52b02fac-a917-4b02-800d-b9959a885d1c,necklace
03c890ef-509f-43d9-b307-297d86a78370,d15a3f26-ca3b-4e00-8dfc-abb22195c1ee,belt
03c890ef-509f-43d9-b307-297d86a78370,f410058c-b0a3-4639-8523-f2347549d958,ring
03c890ef-509f-43d9-b307-297d86a78370,a335c597-6713-4a6d-b6cb-13b1a5ff173d,trinket
03c890ef-509f-43d9-b307-297d86a78370,6244f589-72bf-4d87-9dd9-32fc18e41e32,leftHand
715713f2-41db-4d97-ada7-21c027d7b497,9da9f995-4489-4cf2-80b7-da3cfa0d3609,helmet
715713f2-41db-4d97-ada7-21c027d7b497,3b063fa7-c68c-47c1-857b-8afdf436af4b,armor
715713f2-41db-4d97-ada7-21c027d7b497,8519fccc-a243-48bf-ab0f-48fedf8303ed,gloves
715713f2-41db-4d97-ada7-21c027d7b497,8460a72b-fff9-4afc-9c1c-8c6e6ea84c85,boots
715713f2-41db-4d97-ada7-21c027d7b497,5ab7b9cf-9873-4130-86fe-7ab6a3767b3f,necklace
43ad8268-e02a-4dc9-8ef3-ac1a574f4fd5,259cbd21-4bb2-49d2-9cb0-03b889043870,ring
715713f2-41db-4d97-ada7-21c027d7b497,b1f5054e-9f80-416c-8561-fe26b19585c5,belt
715713f2-41db-4d97-ada7-21c027d7b497,954dc756-4c33-4f7a-aaa0-742cd5ec675f,ring
715713f2-41db-4d97-ada7-21c027d7b497,f8891fa8-97f4-4ec3-a516-6e6cddf2747f,leftHand
85c23c36-efc2-412a-88eb-7b92dddb6d6c,8de819f0-b6c8-418e-94c5-1e15671cdfc5,helmet
85c23c36-efc2-412a-88eb-7b92dddb6d6c,8034d682-5edc-42d4-a6b6-c5a8130d2a0c,armor
85c23c36-efc2-412a-88eb-7b92dddb6d6c,fff0b041-bd0b-4159-af57-f0e86bd3e7e6,gloves
85c23c36-efc2-412a-88eb-7b92dddb6d6c,74756e4a-166e-4142-9144-a4f30c4091a7,necklace
85c23c36-efc2-412a-88eb-7b92dddb6d6c,16128625-e19a-40e1-b3fd-4932ecee48db,belt
85c23c36-efc2-412a-88eb-7b92dddb6d6c,c28bd222-6335-4940-85f6-befb4d7cb1a2,ring
85c23c36-efc2-412a-88eb-7b92dddb6d6c,85a051c4-6509-4dba-b667-e10a502a6aea,trinket
43ad8268-e02a-4dc9-8ef3-ac1a574f4fd5,3bffd571-6401-4dbf-a21a-a2c8da36185d,trinket
85c23c36-efc2-412a-88eb-7b92dddb6d6c,3d6a6ffc-82d8-4205-b948-98a4361f4182,leftHand
9696d616-2961-4e8b-8bf8-1c32765bc20e,1d7939bb-e4cb-48d8-97b0-0a7e0d59741b,helmet
9696d616-2961-4e8b-8bf8-1c32765bc20e,59febbf1-1dc3-48e4-9c94-c9971559c0db,armor
9696d616-2961-4e8b-8bf8-1c32765bc20e,6830aa71-a63d-4e1d-8b65-687f07368a19,gloves
9696d616-2961-4e8b-8bf8-1c32765bc20e,d8aae920-8581-41c3-8de7-7d33c1d8f7b5,necklace
9696d616-2961-4e8b-8bf8-1c32765bc20e,0f984fa5-073d-46df-ba3b-f9282dac9161,belt
9696d616-2961-4e8b-8bf8-1c32765bc20e,27db4ca7-e209-435c-8c51-6f8bd71bdf55,ring
9696d616-2961-4e8b-8bf8-1c32765bc20e,ec3084ce-d363-4ece-baac-a3d7e07501d2,trinket
9696d616-2961-4e8b-8bf8-1c32765bc20e,b5418bc2-3926-4b31-8d0c-8daf1f505ba1,leftHand
