characterId,guildId,role
eff79c32-31ce-448e-8298-d9d48294e006,b473f6a8-a138-47c0-a9df-dc26f9c44159,leader
1f8e5411-47b5-4366-b8b4-fcf019195c61,13a7f786-6030-4de0-bb6e-79d6a7b7f7e3,leader
44de76f3-e46d-4f50-9472-12709603f801,b347a95c-ca8b-41ea-9f29-6783366551d6,officer
889d54e8-3cac-4ca0-bdda-f44a31af5bc2,5469c24f-e170-48d9-bc01-e662350ea21e,member
f1838f82-5ae5-42d9-87fe-7b1495c4b025,1cc9c3db-a0d5-4a56-b57b-a023084827ba,member
ee150b3d-eca1-4726-9360-f6cffc79f638,71be0821-6a89-4d89-a833-1a84fe93c183,member
bfe36b62-2494-4b87-82f2-c8eb747a25ac,ef772693-b366-47ba-abb3-6f9cda3be6f3,member
3a1b38a5-249d-4b84-9182-d73b575c0f5f,14dc52f4-dc8c-486e-9228-e2a25d824bd0,member
b77ce7c5-4764-4b97-92e7-1589d66cf85d,be48c3c4-fd60-42d0-9f34-dfd76e7c605d,member
5d992d81-7797-4186-819e-954d5969c164,5013ad54-5261-43e3-86d6-596655bf5617,member
be0a13c6-9e50-4fc3-9af5-b423bae92f7c,5a6c44ff-359e-42df-ade8-4858b263e8a8,member
0f0aa93a-ce77-438e-8b0f-9e1a786e962e,c66078af-6de7-4976-b8f9-70bfba71b7df,member
a12b378b-dc66-405b-b292-8f3955d1845b,a9fa38a4-2344-459e-bac5-6789798957ca,member
6a5a9c41-7703-42c2-a8db-158a011b7497,adbd45af-5bfd-43dd-b89f-465c3c1f6d1b,officer
58d10e4a-6e8c-4d1d-b1af-c18273910a2b,53bd49de-4b45-42d1-aa70-674dc95e1a61,member
a87b9603-2048-4dc9-a819-ef73bd82a63e,1b093480-035c-4fec-8c85-66dc81e7d931,member
8058f8d4-49fa-4395-86ef-9d5a67a0a7f9,759d0cd7-4fc9-4bc6-a736-b1bccbc09f12,member
d06da9be-a85a-43fa-8313-760d024d26ba,425bc6d9-4746-4ae5-9f79-19df9a09b9a4,member
c481634a-c3f7-4109-b494-d5684d430ad2,a77e67df-f12f-4e99-92d0-7ea532b26df5,member
6430ceb8-7c62-43bf-b1e7-e5b366aefd00,4037182b-1b3f-448e-b2cc-a4af5b4cf281,member
0341287a-978f-42a9-b5d4-0bcd2d5a8e60,36af79d5-e241-4430-b5d4-fb869bce7645,member
8e26cfed-f9b6-413a-808d-75d5cc12fe2c,c9d48605-d0ab-496a-a5e4-340347d8368d,member
7226bb2d-adb8-4491-bdfc-9102b674261c,59b13988-5c60-454d-9aaf-1a10979694ff,member
6cc17f93-a7ea-4cf6-bbb7-5c61ed449baf,4a39420f-0bf1-4990-8c91-2f6b72e94d41,member
3ebde76f-588e-4b00-a5d3-2863ce8e0319,3b5a7d4f-6497-49ea-8616-8b303d32b1df,officer
b4adeefd-ef3d-4dfa-9441-6af5553508a6,26207583-c3c1-4d96-bc6a-15fa3ac5bdde,member
e78418bc-7d66-447e-9c2f-2984882fc9c8,ee2cd7b7-1658-4e8f-b0c3-27d48a7c4dde,member
d5741e6a-285f-4a73-9374-a6d6622fa2d8,dbc66fc1-e413-4726-88b9-989fd2b3e589,leader
3ea6dba9-2b61-4366-ae5f-52cc5cca0252,449f3ad6-c1db-4417-be4e-e35b960a8bbe,leader
8ffc6450-7efa-46a2-b893-c2e2c8eb838c,0f80c4de-7ef3-437f-8528-542e88eba36a,leader
2adc994e-6f0b-418a-a5a6-be2c2ab9e2b3,c0992e25-0769-494d-a0a7-b6e1ff2aa4e0,leader
3502a2e4-9ef4-41a9-b1b3-d4246afee7fc,dd3c4caf-d4ea-48eb-bf92-595c1f6cb6be,leader
86dd411a-acb0-488f-8216-4ecf1553da08,12e331a7-9181-4219-981c-4d9f777628aa,leader
2fbaa2ee-3e09-47b0-afac-eaed407f3e12,072954c4-98a5-4e92-8140-3911f709895f,leader
c464c38f-2194-4e40-a30f-d1d28f9dbdb7,c3baf446-5186-4cc6-a26b-3e13a14e71d6,leader
1b0eac25-cccf-4a8b-80d6-c34447c67a4a,fbe7bd55-5797-4291-b2f1-4922446091ef,officer
fa13e505-baf9-442c-9956-feb5fb9de24d,78bd8f02-5813-473b-840b-6854aeb3a5cc,leader
9fa9ce3d-a9ec-42f5-9f0a-f91879a5a746,6d3f8898-a6b1-4bd8-8216-46edef2b1d03,leader
ad133901-b043-4564-bc45-4ab71235b321,6d1befe8-4ac8-4077-89c3-54456dca044c,leader
12584dda-ff96-4eab-9d86-24887d08d617,c44418e7-400f-4891-ba78-508ea6f16bc3,leader
5c81a097-c82e-4caf-9db7-3c12de986fab,db2473ed-55f4-4dbe-a11e-8ba897437a13,leader
75171b4b-6fec-45dd-8204-831f81ba0a9b,b88681cf-8e59-4208-89cc-221239da5868,leader
aaece4e5-8e54-447c-abc7-0bc7c738861b,15d5bf62-dcda-4ff8-ac51-607d801159c6,leader
daac33ce-fe07-4505-97ec-3ef9b0cd7d33,115dc78f-b056-4a70-8e48-2e478fade2a7,leader
2e002871-cc90-433a-bf1a-cdca9af0d1a2,7c091030-1d1b-4f66-b1cc-4447500146c1,leader
3e2710c2-e97a-4cea-8b9f-5ceddc8299c9,4e922bd0-0885-4ea4-9481-cb2a92c704e9,leader
6efb0f09-0a65-4fbc-85a3-fc80056c2130,653a4331-2fb8-4396-b047-13cd3f261f9f,officer
6fee0b18-fff2-44a1-813c-6ce9968302df,7a7a813f-f2c9-4c77-95af-1cb2948b71d1,leader
26acc93a-eea9-48b7-ada7-246b17ba8f62,5d3df395-3289-4cf4-9d5e-3cd5ae2adb09,leader
6b04d79b-b786-48da-88ea-3edec50f97ff,f7febd12-0dd5-45e5-b438-5104954dbcc2,leader
91007001-5d2d-48a0-90ba-4db539e5006c,29e4584d-ccbd-40a6-b616-022329069d2f,leader
f7bedf21-e0da-479a-8000-9a447d645d34,a498d55d-e29a-4c6b-bc21-5e472965451b,leader
d6d590ec-e8ba-48ff-83df-1b8a206f28d9,71742d67-4f23-4823-bff7-6eb58bfbd232,leader
11d670df-bb97-4a95-a6d9-a8d1ab73693f,eb5a44d4-b35b-4800-af7f-d6a7d5f7515f,leader
9a59e217-10ce-4629-a880-ebafb81ca450,29e25208-4d95-4e3d-8a16-3fdfa95f7c97,leader
b6aab006-fd4d-412a-9b3d-a7b61dc5163d,536d1e73-791b-4ce2-8ce4-a5566cae92c8,leader
72625f9c-3c3d-40ea-99ac-3b4b7b1b17a5,a666a68a-9f39-4252-8799-86920152a358,leader
9c709e74-6547-4ed1-bce1-9d8460c4879d,573098f2-4d41-4c35-a67e-1bce98775933,officer
eb978fc8-a428-4676-8d62-c39ccad36052,1f4acd6b-8382-403c-9566-a537459ff150,leader
3fffa754-4c29-4446-b48e-f596e86a5409,71fcf715-7898-4bff-8d11-2a95fb82a6ba,leader
39eefe8b-cd41-4d9e-904c-981a0f06a333,93f999e9-b70a-4d7d-9407-46c311fb65d4,leader
17e3f92a-fa8e-48bd-aeec-e784fdef7059,39cf86f1-a550-401d-92bc-2d667c9e6ac2,leader
cfeb8ab0-ada4-4312-ab83-78c47189f582,0b58916a-5c6b-4317-8020-9832416fec46,leader
e943e393-03d2-469c-9df1-049789c1c1ef,33db0efc-1fcd-46bd-8c2e-49c2fd1883f3,leader
2e746891-360c-4236-9a64-5dc2327f2e0a,627bc3f2-b447-4d7d-875d-997bdaaca628,leader
f60e9e0a-1a86-4ab5-a1d3-7c8744469726,97bf8f03-0cb0-4c85-af4b-6968891bc945,leader
42faee83-4cdb-4bc6-bca7-e1b1264d4a91,dbc66fc1-e413-4726-88b9-989fd2b3e589,officer
ce32e88a-63c2-42bb-bf2b-46ef6c991bfa,449f3ad6-c1db-4417-be4e-e35b960a8bbe,officer
5a52cec5-4467-4879-b349-8c9f8ee842e1,3bdf886a-d23e-4e8c-81fe-74523dde9b0f,officer
3801166f-bd7a-42a6-9204-c78a89868bea,0f80c4de-7ef3-437f-8528-542e88eba36a,officer
bd51b6c1-81b5-4b3a-8d31-d0f8817119a1,c0992e25-0769-494d-a0a7-b6e1ff2aa4e0,officer
0c80b65a-3627-4e6d-b7a1-70866e453898,dd3c4caf-d4ea-48eb-bf92-595c1f6cb6be,officer
f7323b0d-295a-4322-a64c-81c6a00ce763,12e331a7-9181-4219-981c-4d9f777628aa,officer
246f559a-2869-42ad-9fcc-a2aa9415561b,072954c4-98a5-4e92-8140-3911f709895f,officer
9dcc1935-b1a1-4750-9210-c83d640aa0d1,c3baf446-5186-4cc6-a26b-3e13a14e71d6,officer
f8bfe5ec-391b-45cd-aaba-e740fd258bca,78bd8f02-5813-473b-840b-6854aeb3a5cc,officer
5297f708-2821-4638-aed5-706ccd876a53,6d3f8898-a6b1-4bd8-8216-46edef2b1d03,officer
e3436dea-bb03-4e0a-94dd-1c5359cc33ea,6d1befe8-4ac8-4077-89c3-54456dca044c,officer
a9c03f9e-9144-4627-85d8-a3507005f9f4,c44418e7-400f-4891-ba78-508ea6f16bc3,officer
7c265ac1-e240-4b47-b550-ead4a6cd90cc,c53d31eb-357b-4a1a-808b-bbc215018c98,officer
544d4843-cf8a-4d68-ba95-ce3dd1ab6fd3,db2473ed-55f4-4dbe-a11e-8ba897437a13,officer
c0f81e04-729d-4724-bbe7-6f03a6951cde,b88681cf-8e59-4208-89cc-221239da5868,officer
3336f36f-01e0-4231-a574-02ab2f1ad1a9,15d5bf62-dcda-4ff8-ac51-607d801159c6,officer
b491f931-25c1-4c0e-8457-088cf826ed9b,115dc78f-b056-4a70-8e48-2e478fade2a7,officer
39181c6e-29f2-434f-bc39-a0b13bd3cb65,7c091030-1d1b-4f66-b1cc-4447500146c1,officer
c8e61b19-ebcb-495c-b466-6deb270bfcb2,4e922bd0-0885-4ea4-9481-cb2a92c704e9,officer
3b82e666-c6c6-482d-abbd-1f629e06d3bd,7a7a813f-f2c9-4c77-95af-1cb2948b71d1,officer
5f71f2df-4250-4651-b293-8a3a8f3d6942,5d3df395-3289-4cf4-9d5e-3cd5ae2adb09,officer
ce93a464-0d8e-4803-bcb0-a6c8af34a5ac,f7febd12-0dd5-45e5-b438-5104954dbcc2,officer
f7086b04-0e23-4d9f-88b5-8acbdaee4224,29e4584d-ccbd-40a6-b616-022329069d2f,officer
c68a0c98-c240-4eca-93d5-1c1e94e6ec2a,b7105359-934f-4c9a-a67f-ec9007cef35e,officer
6ee178d2-874a-48c9-adaa-6c154e873474,a498d55d-e29a-4c6b-bc21-5e472965451b,officer
b07b2fdd-7b8b-4c1e-8d6e-eeb292212c29,71742d67-4f23-4823-bff7-6eb58bfbd232,officer
952ea87c-f698-4d07-a4d9-5a05b5c69f32,eb5a44d4-b35b-4800-af7f-d6a7d5f7515f,officer
9a2748da-1136-4acd-a7f8-a13190d2eaa2,29e25208-4d95-4e3d-8a16-3fdfa95f7c97,officer
2a451519-8fb7-40c4-9d64-674edc2353ef,536d1e73-791b-4ce2-8ce4-a5566cae92c8,officer
a3bf04cd-db93-4801-b627-b2baa36f6f4b,a666a68a-9f39-4252-8799-86920152a358,officer
c561acf5-f60b-4925-9270-d98408190038,1f4acd6b-8382-403c-9566-a537459ff150,officer
82a406d7-2e58-4d92-8a27-dac6a271cbff,71fcf715-7898-4bff-8d11-2a95fb82a6ba,officer
8136cae2-0380-4f7f-8cb6-44bc27a1f009,93f999e9-b70a-4d7d-9407-46c311fb65d4,officer
62d69d87-752b-4a46-a3c6-d3c69c958a78,39cf86f1-a550-401d-92bc-2d667c9e6ac2,officer
52d6657f-1968-403e-9373-4a3aa5a86896,a4971906-e854-41df-8c85-cb1a19b0216d,officer
f6a1f786-4c22-4239-8911-85c7e286932a,0b58916a-5c6b-4317-8020-9832416fec46,officer
6f1860d3-004f-4e14-97a5-adbc56a87155,33db0efc-1fcd-46bd-8c2e-49c2fd1883f3,officer
3e83311a-6a0b-47a5-9497-9405bf470fa1,627bc3f2-b447-4d7d-875d-997bdaaca628,officer
95affe77-b274-450b-9de2-ee2ba2199c89,97bf8f03-0cb0-4c85-af4b-6968891bc945,officer
d04efe9d-43d2-48ae-ad09-17444f991098,dbc66fc1-e413-4726-88b9-989fd2b3e589,officer
a022b0ae-e7dc-4031-bbba-ece7507dd5ae,449f3ad6-c1db-4417-be4e-e35b960a8bbe,officer
63a422a6-c1d6-4b2d-aa26-f18660e3e978,0f80c4de-7ef3-437f-8528-542e88eba36a,officer
76537c43-f5f7-49fc-b48d-3cc7a2bc5a14,c0992e25-0769-494d-a0a7-b6e1ff2aa4e0,officer
4ed25ad5-f55c-4d7c-b6c7-223dc7199c51,dd3c4caf-d4ea-48eb-bf92-595c1f6cb6be,officer
cc3978b8-fd95-48ac-9259-e3605d25a2b0,12e331a7-9181-4219-981c-4d9f777628aa,officer
2f3c8914-081e-46ce-9b86-89a0c6de3521,3fe195bb-8f6d-4ff5-a0de-6c077b4b57b6,leader
ef255369-14dd-42c5-9395-badb0b0b85f0,b71cef6c-c409-44c2-9f07-be8de6ab4dbf,officer
73b2775a-a088-44cd-a3a6-83a49b4d13ec,072954c4-98a5-4e92-8140-3911f709895f,officer
d2c3a2c2-fc07-48ed-92c1-734380958fce,c3baf446-5186-4cc6-a26b-3e13a14e71d6,officer
bb8009af-ba32-43c3-bb86-af640193fe31,78bd8f02-5813-473b-840b-6854aeb3a5cc,officer
85e34c4d-1f01-4fa3-850f-2c96eb161dae,6d3f8898-a6b1-4bd8-8216-46edef2b1d03,officer
ffa0c587-09ae-4f8c-8b63-dc9e39cb2fdc,6d1befe8-4ac8-4077-89c3-54456dca044c,officer
749f3d85-6a58-47b5-ae6b-5a7eff573d42,c44418e7-400f-4891-ba78-508ea6f16bc3,officer
1bc6e749-403d-4381-9c98-87cb003fbc2f,db2473ed-55f4-4dbe-a11e-8ba897437a13,officer
bbd9d609-220a-4fe1-8c3b-fce61a204ba5,b88681cf-8e59-4208-89cc-221239da5868,officer
c56c5eb9-560a-45c7-95c6-a8353bd46ed4,15d5bf62-dcda-4ff8-ac51-607d801159c6,officer
9c35429f-2b83-49f1-8740-3cab5e441303,115dc78f-b056-4a70-8e48-2e478fade2a7,officer
cbdd94c1-3c1a-4d56-a5ac-7a9d4614f74f,8950b246-8aa8-4448-a4ad-f9a44e6f8ebe,officer
c4f11ace-664f-4403-a8f7-32ecea8b13df,7c091030-1d1b-4f66-b1cc-4447500146c1,officer
50215547-cb64-41b2-9994-3d5e87133987,4e922bd0-0885-4ea4-9481-cb2a92c704e9,officer
5c5b8400-2e93-4067-8afd-f3dd87f5f82d,7a7a813f-f2c9-4c77-95af-1cb2948b71d1,officer
318f2e00-9ed5-4e2f-ad38-82d75a6cb849,5d3df395-3289-4cf4-9d5e-3cd5ae2adb09,officer
755381b8-eb85-4770-b2d5-00847230dcec,f7febd12-0dd5-45e5-b438-5104954dbcc2,officer
dbafb482-25ba-4387-a952-388f477f9f6c,29e4584d-ccbd-40a6-b616-022329069d2f,officer
0747e6ae-c195-4498-bb18-b261ea086569,a498d55d-e29a-4c6b-bc21-5e472965451b,officer
0735d642-6896-43d1-a187-b5d3ae2411c2,71742d67-4f23-4823-bff7-6eb58bfbd232,officer
831a4d19-c200-407c-8836-4ada57eb590c,eb5a44d4-b35b-4800-af7f-d6a7d5f7515f,officer
550d2e19-c002-47a3-bf21-7e29885b3ede,29e25208-4d95-4e3d-8a16-3fdfa95f7c97,officer
0a83af55-1dc9-4323-a86e-132bab8bf10e,b1ae1b46-ee73-4676-b6f5-cdb4419851bc,officer
9d658753-7cde-42d3-b313-17148d6d3d08,536d1e73-791b-4ce2-8ce4-a5566cae92c8,officer
55690daa-0db5-4cd2-ad2d-25e3851ea75b,a666a68a-9f39-4252-8799-86920152a358,officer
d149f198-5b1f-40e7-9a72-bf4d8f755f59,1f4acd6b-8382-403c-9566-a537459ff150,officer
d21fa879-e2f1-45fb-a27d-5124bffa2118,71fcf715-7898-4bff-8d11-2a95fb82a6ba,officer
ed4d7b62-f593-4da3-925d-ed745b2deed7,93f999e9-b70a-4d7d-9407-46c311fb65d4,officer
7f7af98a-dca5-4393-b0c2-f645886ce545,39cf86f1-a550-401d-92bc-2d667c9e6ac2,officer
50ce9a02-f9e1-4c72-8073-6255a0dc1858,0b58916a-5c6b-4317-8020-9832416fec46,officer
a78d0ed9-7f99-4c30-b5c5-18fe0f7c4fda,33db0efc-1fcd-46bd-8c2e-49c2fd1883f3,officer
70a916ff-7abd-44cc-81eb-7762586ec92a,627bc3f2-b447-4d7d-875d-997bdaaca628,officer
cfc7e1fc-0958-4322-b320-78871c829169,97bf8f03-0cb0-4c85-af4b-6968891bc945,officer
a7aa8739-4688-4d23-899c-95c6e9071d6d,96728405-c631-4ec9-bcdd-21567e33bd00,officer
ef53e3ab-805f-402b-9faf-7e97e376f346,dbc66fc1-e413-4726-88b9-989fd2b3e589,member
305f48c1-a763-470b-92ff-72dc94d7bd89,449f3ad6-c1db-4417-be4e-e35b960a8bbe,officer
940b96e2-1f14-40bd-baf6-af6f0f4fa671,0f80c4de-7ef3-437f-8528-542e88eba36a,member
fa6d1dc5-a8d9-4b4a-96e7-92d19c0f7fd9,c0992e25-0769-494d-a0a7-b6e1ff2aa4e0,member
116e049b-9a10-43ae-90af-d576f73d9a3e,dd3c4caf-d4ea-48eb-bf92-595c1f6cb6be,officer
814da36b-a0b6-4ad7-a68b-ca8e5b35819c,12e331a7-9181-4219-981c-4d9f777628aa,member
fd4fd056-47a7-40e2-8d99-29366b525b59,072954c4-98a5-4e92-8140-3911f709895f,member
45a9d545-8e4a-4f39-b1b7-ae7038095bb3,c3baf446-5186-4cc6-a26b-3e13a14e71d6,member
a0fd5f90-6eb8-41b7-92b8-30815e00efac,78bd8f02-5813-473b-840b-6854aeb3a5cc,officer
9bca9039-8f1c-4f6b-8c48-29e434ae0492,6d3f8898-a6b1-4bd8-8216-46edef2b1d03,member
ab8bf9e8-4e62-4cec-9c7d-a082d087a29a,78cc6a99-7cea-4dd5-a04d-d0defda60dcf,officer
b8f90026-92f0-4863-9bd0-398bb0fa27c1,6d1befe8-4ac8-4077-89c3-54456dca044c,member
8656a4b0-c09d-4363-bd00-b7cb8b5fc4a7,c44418e7-400f-4891-ba78-508ea6f16bc3,member
1b338a7a-073a-4e3f-9ce3-582e91b301c2,db2473ed-55f4-4dbe-a11e-8ba897437a13,member
43f37931-d026-40f4-a868-6b7a2ebc6550,b88681cf-8e59-4208-89cc-221239da5868,member
8cc89203-19dd-491e-8a60-64afb63f039b,15d5bf62-dcda-4ff8-ac51-607d801159c6,member
b2def7ef-6a9d-4abc-8496-94406e8c8637,115dc78f-b056-4a70-8e48-2e478fade2a7,officer
d120fa27-0e27-4121-9684-18022cb7c202,7c091030-1d1b-4f66-b1cc-4447500146c1,member
5e3eccfd-809c-4e2e-b565-e72000db3912,4e922bd0-0885-4ea4-9481-cb2a92c704e9,member
94d4d897-0fab-457c-b408-90e9c2142729,7a7a813f-f2c9-4c77-95af-1cb2948b71d1,member
87b56da3-56e5-4efe-967c-4e57cc055032,5d3df395-3289-4cf4-9d5e-3cd5ae2adb09,member
0f99388f-2e1b-4acd-8a9a-a4a739768efe,ddcbadca-b223-4e12-b10f-11838312ddbf,officer
c081554d-8bef-4729-a387-471a400ec7c5,f7febd12-0dd5-45e5-b438-5104954dbcc2,member
7bd08190-ffe3-4a49-9cea-7e797c163d9d,29e4584d-ccbd-40a6-b616-022329069d2f,officer
472e9df6-3872-49f9-80ba-1f8be7cd34bb,a498d55d-e29a-4c6b-bc21-5e472965451b,member
6f119bba-4b8e-422b-a7e5-4fe86f6cb560,71742d67-4f23-4823-bff7-6eb58bfbd232,member
85050517-0805-45da-a59c-e85df6918019,eb5a44d4-b35b-4800-af7f-d6a7d5f7515f,member
4d334b86-3fca-4ff3-abad-611ee13c60d6,f7e9117f-7265-46d5-903c-65d5507ddcb5,leader
6f76d230-a233-41e7-b246-52c2e7656109,7d12b38d-52ef-4fe1-ad11-b14fcccaea32,leader
6a266b98-352d-42a6-99fe-06b1d07b2229,02da254d-bd0c-43bb-88fe-29491845b31b,leader
ac5fe3e5-c30b-4987-9016-81e1745d75ba,0162271d-fb38-4783-a525-eafe333e42c1,leader
d97f6853-c0fe-4c90-9991-5342a298ccb8,73848946-05eb-4453-b5ca-3245de5c1967,leader
1bc20ebb-a488-42f2-91cf-abcc383fa76c,4f7aef35-3b07-4e83-b399-9077c82c762c,leader
5129261e-7871-4d29-abc0-6821cc6d7144,dbbbc2df-16dd-479a-a61d-f943065f7986,leader
48ffd028-52e1-4fcb-a1d6-92759d69c285,05339fae-fd09-46fb-80d8-4c99bb6f5de2,leader
64ce1e66-83b8-4184-9603-ab1e114d2097,a2af290f-2921-4828-881a-81afb90c1686,leader
eb51d4de-db8d-4e5f-9a73-fa10098995c3,cade1908-0f84-43fb-9238-e682cf756690,leader
9b57dae6-55f6-4182-b861-f2e605e307ce,83cd7cc9-558c-474b-a726-fd44c6ff0eca,leader
7424f629-0549-4171-929e-125ec5e7cb86,237d777b-53ca-4833-afbb-1cd17293c0b5,leader
e30fe786-7764-4b57-85dd-4bc28aae7fbf,b2e93279-2483-4697-a818-35070b00d070,leader
f3ffd3e4-db4d-4b5d-bea1-246e6803de0b,fc7f1752-fce1-407b-a292-c2fb269f771f,leader
7fe58132-3e1a-41ed-828c-20118a3072c4,a95e0a2f-3925-4d6c-941c-347605a9cda8,leader
a902ed1e-12d9-43e4-b37c-62533d9c6972,2833b837-0a22-46f0-9d83-8b9384ad1bf5,leader
4a56b2cc-9493-4d9c-bb31-d0864012af26,e672f977-cbf6-4fb0-99bf-08f7bc502aa4,leader
05480691-4be9-474f-8d2a-26883befd517,36865c18-2a6c-4b1b-affd-ca76c528c07d,leader
2833e33a-cce4-4e23-b466-cac28848bdb0,f98c9090-3cb0-47dc-9e9e-6083a8102bda,leader
66363b7a-fc6c-4dfd-8542-6c896c5804dd,c3637064-8471-48fc-b155-00561de840c5,leader
a6feb04f-a160-44d6-823a-d4151693ea02,9bb4dd4f-779f-43e5-8f65-0076d522bbd2,leader
75036c9f-9100-462b-9ee1-901f4c49b785,aee072b4-8b7a-4f70-8143-f341f4fe8081,leader
b7117896-adc4-4303-9638-4fd417472789,7308dbaf-4654-47fe-897c-e528c72db9fa,leader
7eaa8065-1811-401a-8b34-9f9d6cc449a4,933473d2-3f5d-4d88-bcc7-d1feb7d83209,leader
76fd62ac-662a-4020-8966-06211a14179c,cf3a0f6b-f79c-45b8-b4ff-c6ebacd91096,leader
ded89888-ddcf-447c-b619-a71cd7298690,ff252ea3-417d-4ad3-af93-50078067b399,leader
98f741de-0996-47c7-9088-d76ec284686a,1359bff1-3b0f-47eb-803c-c44cec8a28d9,leader
4cd8cde8-750f-4a3d-bcf5-276c098dbb8c,a71d83f9-6eeb-4b78-8736-12c23ead735b,leader
97617deb-bc36-4063-b395-f250193522ea,d1c6fedf-2812-4414-b042-7a7f7ab99163,leader
05b0753f-ff93-4d45-b1ea-ded6f6116b90,4ddd6468-9054-4f60-a11d-3d2cae8ff5a3,leader
38f97016-202a-480f-a882-964cb1ed44f9,bb4cb80b-363a-4589-9e7a-31c1e330b4ac,leader
62536d33-df95-4243-8c5f-f57ccd53775e,e7046923-10ea-4726-812e-ffe27956a931,leader
e0a26535-c0e0-4e83-acc2-82587916e53d,7185b2c3-ecd3-42ae-bb66-5d1a2a98ae5e,leader
245f5c0e-89c0-4416-9ec9-1709e210decd,a2628fbe-0cd6-4dd0-befd-3f3380a611c4,leader
d3f35fa1-fc78-4f1e-947f-cd9eed570345,20a0bea0-0062-46c1-9b75-8d5063f4b311,leader
a1deec0c-7016-4122-b54d-cd840d93c1f9,ca62583c-04e6-4a44-bf38-4b24059d1773,leader
935abb25-5e75-4c52-8db6-32ba85d58f8f,f7e9117f-7265-46d5-903c-65d5507ddcb5,officer
36985013-4683-4b84-b421-81a899c6a1a8,7d12b38d-52ef-4fe1-ad11-b14fcccaea32,officer
2bf0010e-e248-4944-9388-f23fc62dea1a,40d41b8c-0cc1-4d5a-88cb-5e2aa8d9a625,leader
546cf803-2e64-4fbd-bf65-ca5ef8db8443,02da254d-bd0c-43bb-88fe-29491845b31b,officer
0a6c51cd-fc69-41db-98be-cf7c6b4d7ad0,0162271d-fb38-4783-a525-eafe333e42c1,officer
eb22cac4-34db-443b-ba78-6ff51a5dfeb6,73848946-05eb-4453-b5ca-3245de5c1967,officer
1e3e2004-a642-4275-a3fc-6f640a84e20c,dbbbc2df-16dd-479a-a61d-f943065f7986,officer
445e4229-dc0f-404d-b723-ca81aefb77ea,05339fae-fd09-46fb-80d8-4c99bb6f5de2,officer
801e9a4c-9d44-4699-9518-485cf33050ea,a2af290f-2921-4828-881a-81afb90c1686,officer
837ab0e0-28cd-4c8d-b71f-b667c0f6772e,cade1908-0f84-43fb-9238-e682cf756690,officer
2ba79477-fdf3-46ac-b9e5-f295334c65ae,83cd7cc9-558c-474b-a726-fd44c6ff0eca,officer
55d91928-3cb5-41b0-a8f6-f5a9c5867b38,237d777b-53ca-4833-afbb-1cd17293c0b5,officer
c0ca133b-f588-49a8-b91e-48bcc6acdb53,b2e93279-2483-4697-a818-35070b00d070,officer
d28de562-be8e-4816-9c1b-383b74a1ef40,18fc2aff-c86a-4b86-9efa-796078affbbf,leader
d7903cb4-0b64-4c89-87f2-5cb6769e1c0d,7abb39aa-55c4-4116-9b60-6d10c43d8882,leader
d0803778-0488-42f6-a9f2-830ebe8aebb3,fc7f1752-fce1-407b-a292-c2fb269f771f,officer
9d8be8af-b3b5-41e4-84c9-4bd5fee740d5,a95e0a2f-3925-4d6c-941c-347605a9cda8,officer
19b6f94a-f385-4beb-bcf3-6adb6587248a,2833b837-0a22-46f0-9d83-8b9384ad1bf5,officer
bc4e967a-806a-49ff-8abe-809e99ddb22f,36865c18-2a6c-4b1b-affd-ca76c528c07d,officer
dfcf66a7-c2f5-4ffe-b5ab-d90b303ea722,f98c9090-3cb0-47dc-9e9e-6083a8102bda,officer
32d27b1f-0ae7-4c9a-9cfd-eee01040ad85,c3637064-8471-48fc-b155-00561de840c5,officer
4bc817b4-d347-4378-81af-48de4489def5,9bb4dd4f-779f-43e5-8f65-0076d522bbd2,officer
fcd4916f-70ff-4b70-b951-1713aed00ae9,aee072b4-8b7a-4f70-8143-f341f4fe8081,officer
4f2fd8f1-0bad-4fac-a104-38a10a183976,7308dbaf-4654-47fe-897c-e528c72db9fa,officer
eb0b776c-e464-4f9c-86fe-84ab3587b1a5,933473d2-3f5d-4d88-bcc7-d1feb7d83209,officer
3d7cd7a7-ac24-44f0-8aa7-bd580a285ac8,94491c9a-ccb4-426e-b89c-c63322295146,leader
60bd84d6-7890-448a-9c09-73d560b03920,cf3a0f6b-f79c-45b8-b4ff-c6ebacd91096,officer
0ebe0aed-28a7-4d91-bafc-e3131fdba943,ff252ea3-417d-4ad3-af93-50078067b399,officer
8adaa8f7-6c52-4924-b528-b211e09dfd88,1359bff1-3b0f-47eb-803c-c44cec8a28d9,officer
39c045e1-30d0-4266-aa22-8dbe05e24b97,d1c6fedf-2812-4414-b042-7a7f7ab99163,officer
7374b5cb-bb9c-4c6d-a2fe-8b205bdbf720,4ddd6468-9054-4f60-a11d-3d2cae8ff5a3,officer
23e8f2e9-84d7-41b4-afa8-b2dbc2e92772,bb4cb80b-363a-4589-9e7a-31c1e330b4ac,officer
ab4d008e-3ed9-4234-ada9-ba32ecb32d5c,e7046923-10ea-4726-812e-ffe27956a931,officer
0d10799c-8c46-484a-a268-db3bcd35b413,7185b2c3-ecd3-42ae-bb66-5d1a2a98ae5e,officer
13f49b67-9e35-4caf-8bf2-f8649770481e,a2628fbe-0cd6-4dd0-befd-3f3380a611c4,officer
b45291ff-f3d6-4981-aaf0-f59fe75bb08b,20a0bea0-0062-46c1-9b75-8d5063f4b311,officer
c5169f7b-bbeb-494f-bb0e-698876da7e83,e9e37693-7bac-4486-900f-1ec5af18296a,leader
d781d511-559f-46d0-891a-4637c5d2ae25,ca62583c-04e6-4a44-bf38-4b24059d1773,officer
6e0815b5-3ce6-4b55-a624-aa008976ff5c,f7e9117f-7265-46d5-903c-65d5507ddcb5,officer
1fd1b912-e74e-41f5-a973-f7c09010a2cd,7d12b38d-52ef-4fe1-ad11-b14fcccaea32,officer
a4176fe8-8d76-4343-85a3-a35f9c1335e0,02da254d-bd0c-43bb-88fe-29491845b31b,officer
4a79055b-6ea4-40fd-9e88-fc0fe8447460,0162271d-fb38-4783-a525-eafe333e42c1,officer
d3f3d7a2-e669-4f51-b4e0-7eb7157cc7d5,73848946-05eb-4453-b5ca-3245de5c1967,officer
1a064fc3-5438-450c-8bf5-55f68196fecd,dbbbc2df-16dd-479a-a61d-f943065f7986,officer
83c2a3ed-05e5-46dc-aae9-717478ba08ff,05339fae-fd09-46fb-80d8-4c99bb6f5de2,officer
8b5a4c23-dca5-4299-8437-103248b0e601,a2af290f-2921-4828-881a-81afb90c1686,officer
b254ab63-cdda-4bfe-8179-9de13c7d0a4e,cade1908-0f84-43fb-9238-e682cf756690,officer
fb59ffb0-3f8a-4424-be61-a289d3b7ac37,6ae4948f-2beb-41aa-a6cc-f0923116630d,leader
f1dd6dc0-974e-46c7-9a6b-bad5420e8b2e,83cd7cc9-558c-474b-a726-fd44c6ff0eca,officer
6d1f9838-cc2d-4f21-9f35-1fe1f4fc027e,237d777b-53ca-4833-afbb-1cd17293c0b5,officer
a26c7828-648d-4351-9290-5cf5cb53d7c0,b2e93279-2483-4697-a818-35070b00d070,officer
9ee70fc5-38f2-473f-9c9f-343c96abc262,fc7f1752-fce1-407b-a292-c2fb269f771f,officer
bf0889bf-96dd-4283-baac-89094a9b4dbf,a95e0a2f-3925-4d6c-941c-347605a9cda8,officer
57a1566a-5ebb-4db5-9f1c-017ff27060be,2833b837-0a22-46f0-9d83-8b9384ad1bf5,officer
bd371c27-271c-4bfc-bf56-c44c582fd173,36865c18-2a6c-4b1b-affd-ca76c528c07d,officer
4afd3aa7-a19b-41cb-87a0-a39e76103c44,f98c9090-3cb0-47dc-9e9e-6083a8102bda,officer
4e406a0b-a009-498e-829f-1b9abe4da249,c3637064-8471-48fc-b155-00561de840c5,officer
8c458a6e-5f2c-47f0-b5e4-c2122d48e5b8,9bb4dd4f-779f-43e5-8f65-0076d522bbd2,officer
a996e91e-174e-48b8-8227-2acb8584c6fe,64314be5-c59a-4ce6-b29c-d334d71953e9,leader
7049c6f9-fdb1-4df5-885d-9e021ff45b78,aee072b4-8b7a-4f70-8143-f341f4fe8081,officer
6d70451a-449a-4d8d-8033-2d92a120ad73,7308dbaf-4654-47fe-897c-e528c72db9fa,officer
34498304-1878-42c9-9f69-4b798cdbe328,933473d2-3f5d-4d88-bcc7-d1feb7d83209,officer
3ed10f6a-0b8d-4ebd-afbc-72407bb0a444,cf3a0f6b-f79c-45b8-b4ff-c6ebacd91096,officer
b20ea122-1325-438d-a1fe-995d2fb8f43b,ff252ea3-417d-4ad3-af93-50078067b399,officer
c61e76e5-99b9-458e-8075-07de31a6b296,1359bff1-3b0f-47eb-803c-c44cec8a28d9,officer
80671dea-5068-4fca-9481-3c279a447fc6,d1c6fedf-2812-4414-b042-7a7f7ab99163,officer
91a5c668-2bf6-4976-ba4d-aaa699e3f545,4ddd6468-9054-4f60-a11d-3d2cae8ff5a3,officer
4b6c346e-a448-46fc-81c1-b0bd357d7f38,bb4cb80b-363a-4589-9e7a-31c1e330b4ac,officer
b93eb4db-857e-427e-bec9-c561f07ef008,e7046923-10ea-4726-812e-ffe27956a931,officer
966a3a36-164c-4095-ae18-6dd1b7582b72,035243eb-598a-44b6-8e52-36582e906255,leader
bc134f66-f9ae-4fd4-ad9e-14efd38ca473,7185b2c3-ecd3-42ae-bb66-5d1a2a98ae5e,officer
58521a10-2376-4fa0-8444-7b2829f7233e,a2628fbe-0cd6-4dd0-befd-3f3380a611c4,officer
15decb91-db8c-4656-b6f8-66e8dfe982db,20a0bea0-0062-46c1-9b75-8d5063f4b311,officer
a5b1f597-ad67-4908-89e8-c5aba62f5fd0,ca62583c-04e6-4a44-bf38-4b24059d1773,officer
987491c0-eee5-4cb2-9bba-5a0a211a8b3a,f7e9117f-7265-46d5-903c-65d5507ddcb5,member
460bdec7-3cc4-471a-b597-0b42884877b3,7d12b38d-52ef-4fe1-ad11-b14fcccaea32,officer
d7a94fce-3d9d-4a34-9790-3151de51595e,02da254d-bd0c-43bb-88fe-29491845b31b,officer
5568e722-c1b8-466d-9ddd-40f4c0411840,0162271d-fb38-4783-a525-eafe333e42c1,member
74462d62-73dc-493b-8e47-7e50eb4e79f4,73848946-05eb-4453-b5ca-3245de5c1967,officer
c4c51058-f2b6-4467-9e9a-397d04063ee1,dbbbc2df-16dd-479a-a61d-f943065f7986,member
62444212-1524-4a45-998e-8fab9a20ea0f,968fcb25-5936-4bb7-b679-679fe822d119,leader
139d890f-4b43-4f93-bd56-27a811a94d0e,05339fae-fd09-46fb-80d8-4c99bb6f5de2,member
5b94a680-d864-4c5f-a484-51184380298e,a2af290f-2921-4828-881a-81afb90c1686,member
a24a984f-0325-4937-8c9c-48919b49d84a,cade1908-0f84-43fb-9238-e682cf756690,member
baa30319-895f-4cb9-af5c-b403cda19267,83cd7cc9-558c-474b-a726-fd44c6ff0eca,member
0fca324f-37ee-4f46-9893-886f2a01740b,237d777b-53ca-4833-afbb-1cd17293c0b5,member
d12a6797-6c30-4046-a18e-12d8802ed9ae,b2e93279-2483-4697-a818-35070b00d070,officer
e7abaf9f-78d5-499d-9589-3655a403871e,fc7f1752-fce1-407b-a292-c2fb269f771f,member
dd58ddc9-69b4-4f0d-94ed-8685840121c4,a95e0a2f-3925-4d6c-941c-347605a9cda8,member
1ba5d8f8-d07b-495a-bd50-5c6d407412ab,2833b837-0a22-46f0-9d83-8b9384ad1bf5,member
d60ee96a-4139-4874-9c80-765886065297,36865c18-2a6c-4b1b-affd-ca76c528c07d,member
ac9f5c98-e248-4709-b5d6-2bd1f800df67,62a2608b-93b5-4efe-800f-4c27ff82813d,leader
447d5b50-cbea-44fe-b33a-a0a20f2f117a,f98c9090-3cb0-47dc-9e9e-6083a8102bda,member
b9c98838-e458-43a7-9de7-9029208e8958,c3637064-8471-48fc-b155-00561de840c5,member
1d2f37c6-016a-44cf-8c0a-9d6cba1c99b9,9bb4dd4f-779f-43e5-8f65-0076d522bbd2,member
7351492b-a6bb-4aef-aac7-a6fea58cbee1,aee072b4-8b7a-4f70-8143-f341f4fe8081,member
a4debd73-5841-41cf-a8b8-b296a4fe5d99,7308dbaf-4654-47fe-897c-e528c72db9fa,member
913864a0-103f-4982-908f-74b18baa1ce4,933473d2-3f5d-4d88-bcc7-d1feb7d83209,member
eea2e36b-f63b-4b72-af1a-6ff9c10e7f90,cf3a0f6b-f79c-45b8-b4ff-c6ebacd91096,member
48ec3649-5fbb-42d1-b220-07a7973e3fa0,ff252ea3-417d-4ad3-af93-50078067b399,member
fa69f162-d561-466c-bc15-b2f30cb92d54,1359bff1-3b0f-47eb-803c-c44cec8a28d9,member
0dfe08fa-95c2-46f4-81ac-8fd229416ab4,d1c6fedf-2812-4414-b042-7a7f7ab99163,member
23d88bc0-0ec7-43a9-8d47-1ebdbad3ccff,3ef336f2-82a6-4b66-9470-d4638e8bd837,leader
89806f67-a9f7-4c3b-b1ef-7c957f670e22,4ddd6468-9054-4f60-a11d-3d2cae8ff5a3,officer
3c364ab4-d847-4c37-ac92-013f47674524,bb4cb80b-363a-4589-9e7a-31c1e330b4ac,member
dd5106b7-b079-4f8b-97a7-8bccbc6de22a,e7046923-10ea-4726-812e-ffe27956a931,member
8c923a9e-48a4-458e-a110-4bb00547fe6c,7185b2c3-ecd3-42ae-bb66-5d1a2a98ae5e,officer
8a829750-435b-4b62-9668-234dd25f8350,a2628fbe-0cd6-4dd0-befd-3f3380a611c4,member
1990d19c-cc07-4b35-8fb3-c1b27fb6f7df,20a0bea0-0062-46c1-9b75-8d5063f4b311,officer
de1aab8b-bfc2-448f-8a5b-d6a7e6f4a2be,ca62583c-04e6-4a44-bf38-4b24059d1773,member
8785c4ab-cf8b-4dd9-953a-f669fdee70c8,f7e9117f-7265-46d5-903c-65d5507ddcb5,member
b8e3924c-afd5-45d2-82af-de51dd4afa64,7d12b38d-52ef-4fe1-ad11-b14fcccaea32,member
9c9a752c-bb18-45d5-aebb-f0cf08bf963f,02da254d-bd0c-43bb-88fe-29491845b31b,member
73f6a9cd-7e75-4881-b779-e19147c3466e,a63281b2-37e7-4dc8-9d9d-c5cbe694488b,leader
6c3376f4-cb31-41d5-9713-cfb6f55b3cbe,0162271d-fb38-4783-a525-eafe333e42c1,member
952e8211-51a6-407b-9569-1e417028c735,73848946-05eb-4453-b5ca-3245de5c1967,member
9dd60746-bd58-45b3-90a4-7e936a5f50b2,dbbbc2df-16dd-479a-a61d-f943065f7986,member
1ba70ed1-8bfa-4655-9346-c48964cc7f4e,05339fae-fd09-46fb-80d8-4c99bb6f5de2,member
88f5c57e-4cfb-4e1a-9eec-55f58ce40d1b,a2af290f-2921-4828-881a-81afb90c1686,member
2e3b64f8-fa4d-4042-9d19-d9e47f12a641,7f324e54-ae5f-4253-957b-32a6f6d82ff9,leader
76e00aa2-3107-4d98-ae56-799abddd6541,0106f00c-f37f-4841-817a-edfa772c2782,leader
45ad7a70-58a8-494c-a226-8ad0941c3f39,eeab0d65-688b-4a2c-8499-01210ccfecf6,leader
9a1eff73-a68d-4348-8470-ba3108a5916e,a2c384cd-737f-445d-9370-145327b334c6,leader
1c053dba-37df-4270-8203-5b98eaf817d4,ebac3c84-7976-446b-9704-8f3856f52d59,leader
240e3c06-7707-4e15-99a5-763d938b6327,5b9e4855-fca2-4e2a-90b1-8bd22a3e19e2,leader
045e10fb-9632-4eb9-bd4e-0df859bab122,41b807d0-52df-4fd8-8a29-64507744323c,leader
54673cce-a741-46d0-af5b-678f875a6a66,bbde33fe-1a00-4fa5-b012-6396f7a24ecb,leader
cec6f144-b60b-4bf4-b2fd-546c1ce6cb09,5d7005bb-aadb-4f9a-9f44-01e2ae32ca07,leader
7cbafadb-0157-403f-81ca-3031dd7a19d7,44856f80-4b27-491e-9f95-e54602235f28,leader
e69a876e-94ef-4fc0-9ede-5e154316048e,5b39e40a-a574-4fc2-9e4c-d44dc4d681d7,leader
5e7f68bf-8e68-4cf8-917f-83fd737b23de,c3ece589-031e-4da4-8646-e5467655db7f,leader
1c10c4aa-b8a1-46db-9d5f-daad8338294d,0cd43c0b-9b2e-41b9-bb5c-3842307897c2,leader
63f93e40-f506-434d-bb26-357533311575,4be31cbb-4e16-419a-9cd3-8da6d5bd8652,leader
5ee0ed2a-05fb-4fa1-825f-efa3361173e9,f493bbf8-b532-4f3c-bde2-be7ddc4cf906,leader
ba02548c-838a-4ef9-bff6-c349415b5365,ad24d3d7-116c-4407-94bc-27b46ce3d434,leader
75f54877-73cb-4185-afd4-797bb8ec93fc,fc27cdfe-dca7-46d5-bdf0-4f1923a38548,leader
77d10707-091f-421d-b5a4-acc35cacf5a0,f89718f1-32dd-4503-811f-93bc94ba95c7,leader
f0e2f745-58ec-4521-8577-5cc3802282ea,84febee6-e462-43a3-847c-f54c3e4d0d31,leader
6d0a057f-3c04-49a7-80de-110bbe9776c7,1737b86d-ed6c-46d0-a179-1405ae814239,leader
4b7459ec-bc4f-4ca7-994b-af26a3308d3d,602e8591-cf1d-4491-aa31-9524c569d9a5,leader
13bcc4b3-a84d-4ec3-b2d9-ecda09a1e4de,00dc8d03-6369-4784-adc3-7b6349e54881,leader
bb0b64f1-5b3b-42c0-a82f-cb8357973559,3d2c3963-44b0-439f-b977-c518fde4acd4,leader
c0122721-68b1-41fe-a04d-5f32baa682ce,e52a78e6-659d-4ad1-bf0e-4188e34d460b,leader
def321a3-4e0a-4432-bd85-a2a2fdc73dcb,589a2f84-76d0-42f7-a739-039bd11ba335,leader
6b55a92f-72bc-43cf-806a-a529f7a38e5e,7cadc7fc-f469-403a-90d4-168577bd5c5b,leader
75efe4da-e183-4f8c-83af-7b8caeaad698,0bc56c49-5b42-4c1a-a579-549bdc49c964,leader
3de1cd29-3068-4658-8f52-0572bb741ddc,c7bde2d2-89c1-43ac-8a69-72732ed40a1e,leader
bfde6225-51a1-41a3-9ea9-fb793b2f52e7,d4d79ea8-60e3-4620-9c08-2237c7725bd4,leader
c2114e42-b65a-4585-a21e-176c1f609567,803e527b-f3d1-4215-919c-a21aeb0fb8e5,leader
0b3c55a9-2956-4135-bc9d-e26e16d9ac00,3a253025-0dae-45e9-9ddb-412d0e81f040,leader
aed9ae5a-4897-4055-8d33-ee8ac92948de,7f324e54-ae5f-4253-957b-32a6f6d82ff9,officer
eec340db-2937-4aed-a946-2cf259d7b210,0106f00c-f37f-4841-817a-edfa772c2782,officer
b1d797fd-fe71-4adc-8279-ac4d6252b2f8,eeab0d65-688b-4a2c-8499-01210ccfecf6,officer
4eb887a3-6754-4edd-9c2e-3b4c4e39af82,a2c384cd-737f-445d-9370-145327b334c6,officer
a6872408-9953-456b-9057-c3df444123dc,ebac3c84-7976-446b-9704-8f3856f52d59,officer
12e6c0c4-c421-4a5f-b0f3-249ae1818bba,bbde33fe-1a00-4fa5-b012-6396f7a24ecb,officer
27a20600-d263-4611-9f4b-dd291e52b089,5d7005bb-aadb-4f9a-9f44-01e2ae32ca07,officer
615c6872-7e4c-40bd-952b-e9aab3eed8f3,44856f80-4b27-491e-9f95-e54602235f28,officer
565de004-ec78-4413-b346-07b59babf08b,c630a3f0-53de-4f27-a429-b0e4cbbfc63b,leader
53941995-3c84-4927-9bc5-78d64d08688e,5b39e40a-a574-4fc2-9e4c-d44dc4d681d7,officer
704e5df5-371b-426e-985e-64b25f749593,c3ece589-031e-4da4-8646-e5467655db7f,officer
3dc7f2f9-f866-4191-a910-4fabcd96f958,0cd43c0b-9b2e-41b9-bb5c-3842307897c2,officer
9629c6c0-afed-4c0d-b919-94ed448dd73e,4be31cbb-4e16-419a-9cd3-8da6d5bd8652,officer
64df93ab-4856-4ed8-9e99-246dba1bc996,f493bbf8-b532-4f3c-bde2-be7ddc4cf906,officer
cadd64e9-27f2-49b0-b749-2acf6f1772e5,ad24d3d7-116c-4407-94bc-27b46ce3d434,officer
1b1ac5e1-5380-415a-a8c2-1268bbdcdc9c,fc27cdfe-dca7-46d5-bdf0-4f1923a38548,officer
50b54c83-1c52-4fb4-9dcb-7fafc424cefa,84febee6-e462-43a3-847c-f54c3e4d0d31,officer
9655e9ab-addb-4bab-9e2c-2cdd394541ed,1737b86d-ed6c-46d0-a179-1405ae814239,officer
e9814b21-70b7-4f03-95df-e979dab67ba8,602e8591-cf1d-4491-aa31-9524c569d9a5,officer
d13a4259-2795-42a4-84e8-1b9a9d50b64b,8c0e2188-00c3-4d53-af42-a8204ea46f29,leader
32c35591-5cf4-4653-8e4b-0406d31bdcd9,00dc8d03-6369-4784-adc3-7b6349e54881,officer
0522c65a-ffdf-42cd-8298-343ef3d2fc77,3d2c3963-44b0-439f-b977-c518fde4acd4,officer
126a2a8c-cc90-4474-885d-abe92bf156ba,e52a78e6-659d-4ad1-bf0e-4188e34d460b,officer
f59a4f82-e153-40f7-a61b-14d04a1c0bc8,589a2f84-76d0-42f7-a739-039bd11ba335,officer
80e98343-c1fe-4d09-ae12-0a7e43f47911,7cadc7fc-f469-403a-90d4-168577bd5c5b,officer
27037f72-5c50-4817-a05d-0b4f6834453d,0bc56c49-5b42-4c1a-a579-549bdc49c964,officer
28fd1edc-4359-484d-bd10-7496e1a342c5,c7bde2d2-89c1-43ac-8a69-72732ed40a1e,officer
3139d0af-d824-42d1-b90c-0c42543d988b,803e527b-f3d1-4215-919c-a21aeb0fb8e5,officer
53babe74-c800-42c8-a50c-3f47852f18af,3a253025-0dae-45e9-9ddb-412d0e81f040,officer
7d2eaaec-4212-45ee-9c0f-04990c58568e,7f324e54-ae5f-4253-957b-32a6f6d82ff9,officer
067ab636-489a-44db-97c0-2efd4bba8be6,a71b789e-90af-48a2-9524-164a03d72d2d,leader
450584ab-5a73-42d0-bea3-bcf7e2265777,0106f00c-f37f-4841-817a-edfa772c2782,officer
448a8777-6e12-4cc4-ab87-6536afb866ec,eeab0d65-688b-4a2c-8499-01210ccfecf6,officer
54748eb2-7c0c-48c8-b0a6-aece654ba085,a2c384cd-737f-445d-9370-145327b334c6,officer
8bf43abc-64fc-4d89-9bc0-884563c9c58b,ebac3c84-7976-446b-9704-8f3856f52d59,officer
37b9e389-351c-426c-b27a-1e4ea8c7a497,bbde33fe-1a00-4fa5-b012-6396f7a24ecb,officer
524e258a-a114-4027-9be6-060a6d0da7b9,5d7005bb-aadb-4f9a-9f44-01e2ae32ca07,officer
175ac7d8-3089-42ae-9500-582f87033113,44856f80-4b27-491e-9f95-e54602235f28,officer
abfd2eb7-d497-4de4-97e7-405a08e9e4da,5b39e40a-a574-4fc2-9e4c-d44dc4d681d7,officer
f969959c-108a-4ba2-b048-c6006c13e736,c3ece589-031e-4da4-8646-e5467655db7f,officer
a118b084-0160-48a0-86c6-b42c5d608920,0cd43c0b-9b2e-41b9-bb5c-3842307897c2,officer
fbd6c562-4a0d-4a1e-a53f-42d1d8d46c29,4adace96-e5a3-4975-a436-6a8594b5ef57,leader
dc155cb8-4d25-4575-af88-1e119b3be40e,4be31cbb-4e16-419a-9cd3-8da6d5bd8652,officer
f8271023-f7fc-46a4-a48f-9cb96627bb2e,f493bbf8-b532-4f3c-bde2-be7ddc4cf906,officer
fbaeb8ea-9974-4210-abd4-5c46f86d06b6,ad24d3d7-116c-4407-94bc-27b46ce3d434,officer
f44dc289-4139-4517-b081-e8329ffb764d,fc27cdfe-dca7-46d5-bdf0-4f1923a38548,officer
43800b85-e9bf-4283-a392-b78fde4fccfe,84febee6-e462-43a3-847c-f54c3e4d0d31,officer
53e596fb-e842-48da-a66c-3a23c9bda459,1737b86d-ed6c-46d0-a179-1405ae814239,officer
d3ae48b4-a4c8-4b1f-8ee8-adf0879ff74c,602e8591-cf1d-4491-aa31-9524c569d9a5,officer
e2206be6-1ddc-4884-af39-59f401ca59f9,00dc8d03-6369-4784-adc3-7b6349e54881,officer
f6c1cd51-bbea-4a9e-86bc-84e2e06c1f26,3d2c3963-44b0-439f-b977-c518fde4acd4,officer
2f107580-6082-4189-886a-7a7e92a42fa8,e52a78e6-659d-4ad1-bf0e-4188e34d460b,officer
0354bb05-7cef-4848-ac61-c1c9f789d0e8,8f877871-ec92-46cb-84bb-f62101332a57,leader
5edb63cb-e66f-4ff8-8427-ce054bd760f8,589a2f84-76d0-42f7-a739-039bd11ba335,officer
cbbb4056-99c6-4365-8cbe-b88a23e7b4c3,7cadc7fc-f469-403a-90d4-168577bd5c5b,officer
ab7fd527-174a-45ed-a0b2-399cafe1cd51,0bc56c49-5b42-4c1a-a579-549bdc49c964,officer
97aebe63-9edc-419d-b4c2-edc9b8e0a3e0,c7bde2d2-89c1-43ac-8a69-72732ed40a1e,officer
3c29d1da-0a63-4ca8-9ec9-1becd31935af,803e527b-f3d1-4215-919c-a21aeb0fb8e5,officer
89d05fea-a90a-4d4c-8ded-e21472abe6fc,3a253025-0dae-45e9-9ddb-412d0e81f040,officer
de36be05-3ea0-410d-a307-e75c17019d93,7f324e54-ae5f-4253-957b-32a6f6d82ff9,member
5e2d21cd-4276-4939-aa61-f9c054b17ae2,0106f00c-f37f-4841-817a-edfa772c2782,member
5857a5f2-751a-4820-8455-dbc09dd1ac9c,eeab0d65-688b-4a2c-8499-01210ccfecf6,member
01f2a5ed-76f3-446a-a667-b5656b5a67fb,a2c384cd-737f-445d-9370-145327b334c6,member
f90cdb70-7ec4-4c5c-86e2-2e634e04c7c7,331cc41b-03bc-4159-9a16-a57774080803,leader
5e5a0660-723b-4402-b00b-9119623324c1,ebac3c84-7976-446b-9704-8f3856f52d59,member
56df34a3-7d35-4b35-9d7c-0b4aecfd296c,bbde33fe-1a00-4fa5-b012-6396f7a24ecb,member
ef6ef0d8-aeb1-488f-845e-486620789285,5d7005bb-aadb-4f9a-9f44-01e2ae32ca07,member
0b38ef93-9e5e-4c8f-b3c1-7177b43e472f,44856f80-4b27-491e-9f95-e54602235f28,member
51be6ee1-7f90-4a5e-905b-4b5e2d83bcfc,5b39e40a-a574-4fc2-9e4c-d44dc4d681d7,member
1cc20c7f-ce75-4c8a-900e-e8f912a86d67,c3ece589-031e-4da4-8646-e5467655db7f,officer
d8ce95bb-b797-4a2a-8f9d-87af3b609029,0cd43c0b-9b2e-41b9-bb5c-3842307897c2,member
f5916d7b-76e2-4d94-be94-da1944f8ed43,4be31cbb-4e16-419a-9cd3-8da6d5bd8652,member
2a2c458e-55fc-4080-8b51-d887c6308dbe,f493bbf8-b532-4f3c-bde2-be7ddc4cf906,officer
1f7af803-46e0-4b6a-9ac5-028b89a09508,ad24d3d7-116c-4407-94bc-27b46ce3d434,officer
90c3c6df-da5c-43e7-87cc-d93170b2bd06,aeec9a99-faa9-4490-8f2d-35d1a3dd11a9,leader
9ef6acf4-d7dd-41c3-821e-9cbaef7185da,fc27cdfe-dca7-46d5-bdf0-4f1923a38548,member
c74f2ab0-46db-4be3-b024-c295255a78b6,84febee6-e462-43a3-847c-f54c3e4d0d31,member
6f030ad1-2446-4d89-a299-814d7a2f96bb,1737b86d-ed6c-46d0-a179-1405ae814239,member
ca9c65d6-ee02-4940-ba45-39129aab0b10,602e8591-cf1d-4491-aa31-9524c569d9a5,member
1c50ed57-7659-40ae-a495-da074f156274,00dc8d03-6369-4784-adc3-7b6349e54881,member
63a08f43-9e2e-447c-86a3-1e9522a240ef,3d2c3963-44b0-439f-b977-c518fde4acd4,member
3475c76a-0185-46a3-a11a-f8d724665db1,e52a78e6-659d-4ad1-bf0e-4188e34d460b,member
1a88d4e0-b0ca-4e2c-be23-ac6d413a2c06,589a2f84-76d0-42f7-a739-039bd11ba335,member
8350376e-9230-485f-a309-e372d4dad13f,7cadc7fc-f469-403a-90d4-168577bd5c5b,member
22fa2b83-f9f2-4d1c-a16f-a2733a1483eb,0bc56c49-5b42-4c1a-a579-549bdc49c964,member
d7afca17-03c4-4385-b652-38074e395567,a3552bd7-ba95-4505-976e-76512f7c3f27,leader
3dc82d3d-3a8b-4246-90b7-df76984d0d38,788e8427-3f17-44cf-8341-cb34635dd50e,leader
b60b80fc-6d3c-4426-8be9-7779569ad62b,c7bde2d2-89c1-43ac-8a69-72732ed40a1e,member
87170925-cd6a-4b61-8a09-38cd889a64ae,803e527b-f3d1-4215-919c-a21aeb0fb8e5,member
ecb18255-406e-41f1-a67a-8d61c2459a67,3a253025-0dae-45e9-9ddb-412d0e81f040,officer
83bf9b9c-93d2-459b-98a2-e23641b7bb04,7f324e54-ae5f-4253-957b-32a6f6d82ff9,member
19412e07-c13e-436f-9f6c-474840e19a42,0106f00c-f37f-4841-817a-edfa772c2782,member
1662e57d-9a7c-4850-9239-797396ab966d,eeab0d65-688b-4a2c-8499-01210ccfecf6,member
21899e3d-c6cf-46ed-bf99-a5a8bcee9ab6,a2c384cd-737f-445d-9370-145327b334c6,member
b0999815-5566-4b57-89b3-7b916d21fe40,ebac3c84-7976-446b-9704-8f3856f52d59,member
fbaaf0d7-6e29-4c5e-9ae6-ba7d08dbea01,bbde33fe-1a00-4fa5-b012-6396f7a24ecb,member
7b6b73f2-159e-49fe-9538-c15d1b05f075,5d7005bb-aadb-4f9a-9f44-01e2ae32ca07,member
90a23727-8b6a-4f47-bd9b-9c1039bc6e92,cf6c81fc-db91-4436-97d0-aaf5e2963218,leader
8e833b68-a305-4196-90ca-04f2ce435e9b,44856f80-4b27-491e-9f95-e54602235f28,member
3f4ad764-ee0d-48a3-8706-059133fef3f1,5b39e40a-a574-4fc2-9e4c-d44dc4d681d7,officer
2e358732-0e66-48f5-a75b-da0e5c541348,c3ece589-031e-4da4-8646-e5467655db7f,member
d017cb10-74dd-41a8-85d9-dccfc40591a4,0cd43c0b-9b2e-41b9-bb5c-3842307897c2,member
2cfe20bd-ea5e-4d22-8560-8c367185687d,4be31cbb-4e16-419a-9cd3-8da6d5bd8652,member
c68e468d-83d3-420c-b050-dda00ec4059b,f493bbf8-b532-4f3c-bde2-be7ddc4cf906,member
076f43fe-5501-4a31-b1c7-3faebd0bedd6,ad24d3d7-116c-4407-94bc-27b46ce3d434,officer
cd02fe85-7dba-484b-b015-200b17421933,fc27cdfe-dca7-46d5-bdf0-4f1923a38548,member
85adc2f3-2bd1-47e8-ad65-5753e9ddbae9,84febee6-e462-43a3-847c-f54c3e4d0d31,member
dbbe8ca6-95a3-4a9b-8e90-f5d22df8537a,1737b86d-ed6c-46d0-a179-1405ae814239,member
1d0b485e-ca1e-4372-b8af-ea25fafbefb2,9e51b37a-49d8-4127-b6ba-65da834c98c5,leader
32b2d70c-3783-425f-8774-8b20d2acc720,602e8591-cf1d-4491-aa31-9524c569d9a5,member
b1d6ed64-5937-4023-8fcf-3ce48ebe89cc,e8e38f40-7316-42e2-9199-b155ed684824,leader
0c8bb514-b1e9-42d7-b57b-f248dbc6ea38,16d252ee-fea5-4b37-a59a-2b3b9c39f613,leader
7b16e1ab-e79e-4514-a99c-63e0a63610b5,51114727-90fb-4020-a730-b9c7f3665a53,leader
2b782b3d-24c5-41d3-9b12-bbb0cae22900,f09e5dbb-a858-4f8e-b220-3341a501d431,leader
99f5997c-3227-43cd-ac45-18e0b8c5792e,d96d5f2d-51e1-4d31-b342-6bf9c1dd9767,leader
18dc8e39-c3a2-45fa-b737-a10239531f0f,b7e9ff48-4de5-4344-9624-a505bfb2f2f9,leader
4c33808d-0929-407a-a9c0-2b9be6bf3d0b,5212d81b-8a34-432c-87d9-d7525aeb45df,leader
241c66de-80e1-4037-b37d-3dae52ae0ef4,571e4e92-f4a2-4524-ad25-a8c0b568fcc0,leader
02e650fa-eeb8-4032-81f5-888e88571727,a86d44be-f6e2-4a59-a026-04e6247ec8f5,leader
ac333751-683d-4b77-a30c-56b05b4d41b7,f484a796-6105-4969-9044-2f548b28bc28,leader
780f772e-a767-4993-822a-bcbd5dbb6af5,331327b8-14eb-47a5-9550-656df62435aa,leader
acb44ed3-d1ec-4c2b-a4dd-df0e47ef15c0,a277a4e9-31a4-4e97-9ced-d80b3825b68b,leader
7bc8f445-7054-460b-8361-3e802e9b6b0a,c4e6cb9c-e064-4339-9502-68e80637b3b2,leader
ddecdde4-ac59-4a62-b168-757776d54ee5,5f5cf90b-db21-47c1-bc95-5a641e12fe21,leader
b2e0d9fd-dd70-4d88-8a34-bd078c80279b,12de9031-ed03-4325-b5e4-7c884ce4a546,leader
3cfe3ace-59a2-41f7-8e47-1da160eaccf2,e2769ad5-3ce3-4ed2-940f-1e7850286c49,leader
22ec3f94-9ddf-45c8-a8ce-91c0b84852ea,17d75077-489c-4aa3-bb3b-d2eea50c7bcc,leader
8453dee6-964a-4091-9c83-d9020deea74e,dd08ca9d-2b7e-4421-9b50-f1411867654a,leader
4b08a058-b9bb-4aa7-8a63-707e6afc46b0,7e911955-e63a-4391-9e54-15c05290eb4e,leader
d40d60c3-58a1-4f79-b46b-4c5f8c55c4ea,ca0ddc9c-9614-4897-90e5-10954960bf79,leader
279db47e-eb73-424e-9fcc-08f233b688d4,fbb930aa-eeb0-43fe-bed5-9049b551cf7f,leader
2fe2d6eb-c3fd-43dc-b410-1fa090cd2527,00429573-7da7-41c1-9a9c-50efecbca723,leader
0b4dd1c0-8145-4a09-a13e-0ec725cc4874,3a9aeae6-95ea-4292-b5dc-2653249a3398,leader
4c931f60-e68b-4ef9-abc1-ef7f7f680eaf,ab81f33d-f8ca-4d21-ac59-d7a45984eb61,leader
869babdd-7e39-450a-8479-a817fa8ebc7e,beb77faf-33f0-499e-aad8-10e1e3153c13,leader
c974fd3f-e3e8-4c87-b6c1-4aa673069081,3d9542eb-0e7b-430b-a23d-a533ca5c8bf1,leader
82befbb9-1cea-4c3e-8a80-22ca11992e51,e8e38f40-7316-42e2-9199-b155ed684824,officer
282e1e17-28f1-4bbe-a04d-4c5d729bfb50,16d252ee-fea5-4b37-a59a-2b3b9c39f613,officer
2be678f6-a476-4ee7-b665-d1247cee7b5b,51114727-90fb-4020-a730-b9c7f3665a53,officer
c9c067d7-b4f5-43ab-8d37-b7c076cd1d6f,f09e5dbb-a858-4f8e-b220-3341a501d431,officer
0e1a55f8-85db-4aa2-bedc-1889f2be67fb,d96d5f2d-51e1-4d31-b342-6bf9c1dd9767,officer
7ab52f67-c5c8-4229-8eab-03d92d5b4be3,8a2a6c14-8341-4588-840d-42724ef96875,leader
e1acf292-9ec4-4552-ac07-4a5ffda02601,b7e9ff48-4de5-4344-9624-a505bfb2f2f9,officer
373b2d89-71fe-4300-9b98-d3e015357c1c,5212d81b-8a34-432c-87d9-d7525aeb45df,officer
e3d18b2e-0205-4c8e-9e8d-710193d08b24,571e4e92-f4a2-4524-ad25-a8c0b568fcc0,officer
0a344fbb-001b-49ef-9845-3550e6b41da0,a86d44be-f6e2-4a59-a026-04e6247ec8f5,officer
8d6112f6-ed4e-49e0-80a1-1ebdb531c9af,331327b8-14eb-47a5-9550-656df62435aa,officer
e76f02e9-df23-41f3-9cef-54b953b09381,a277a4e9-31a4-4e97-9ced-d80b3825b68b,officer
15c613ec-06eb-4150-8e40-6b17543672cc,c4e6cb9c-e064-4339-9502-68e80637b3b2,officer
f6aa6e82-4111-44f0-9937-daac1b9d4233,5f5cf90b-db21-47c1-bc95-5a641e12fe21,officer
7ca887a9-74eb-4d70-84c3-53479036427e,12de9031-ed03-4325-b5e4-7c884ce4a546,officer
e845701f-98d6-40a9-9aed-41108fb0a325,e2769ad5-3ce3-4ed2-940f-1e7850286c49,officer
fd31fde5-63ba-4461-a9a0-82431d68f918,1944b2e2-7a8f-49c4-8f43-bb1dd3558b8d,leader
b0f6a62a-210a-4276-bb55-1cf68d6f3a81,17d75077-489c-4aa3-bb3b-d2eea50c7bcc,officer
e9675f1d-f998-4a33-8cfc-e8b390bdca2a,dd08ca9d-2b7e-4421-9b50-f1411867654a,officer
1b137402-b6ce-467c-bc14-3aad56e16d31,7e911955-e63a-4391-9e54-15c05290eb4e,officer
6de73de5-cd2d-470d-a5be-f90e90a8aaf7,ca0ddc9c-9614-4897-90e5-10954960bf79,officer
fb04569a-e5a2-44b3-91a3-49e5b022a895,00429573-7da7-41c1-9a9c-50efecbca723,officer
abf99487-c71b-419b-9ccf-85984c36aa32,3a9aeae6-95ea-4292-b5dc-2653249a3398,officer
5c8554d6-a261-4cf6-80f1-140f84005cb0,ab81f33d-f8ca-4d21-ac59-d7a45984eb61,officer
b9549e10-dbb4-411b-8671-bc9e4aba2e3e,beb77faf-33f0-499e-aad8-10e1e3153c13,officer
eec9de52-6b15-4cef-944a-00612bef9018,3d9542eb-0e7b-430b-a23d-a533ca5c8bf1,officer
576a48a3-cb52-490b-890a-69852a8d08a3,e8e38f40-7316-42e2-9199-b155ed684824,officer
ea604b9e-e633-4a11-b3a1-1b296d7df22e,d69942b1-2dcc-45bb-98cf-b42976f6dae1,leader
11f33cde-ca1a-4a20-89db-79fc8cd7bd16,16d252ee-fea5-4b37-a59a-2b3b9c39f613,officer
9a037ae6-981f-42b5-8c30-7a58157bd542,51114727-90fb-4020-a730-b9c7f3665a53,officer
ca0b194a-2701-4dd4-b6b9-8aaaaab7c97d,f09e5dbb-a858-4f8e-b220-3341a501d431,officer
49963bd5-1d97-4bfd-8b96-ae88d3e45d52,d96d5f2d-51e1-4d31-b342-6bf9c1dd9767,officer
6f9dea0c-1cfc-42f9-b08d-a47078512e67,b7e9ff48-4de5-4344-9624-a505bfb2f2f9,officer
f7932526-0539-4e97-a919-d213e1a1e9bd,5212d81b-8a34-432c-87d9-d7525aeb45df,officer
c3d7a53c-83a2-4ec5-9f0b-4f2d4974d673,571e4e92-f4a2-4524-ad25-a8c0b568fcc0,officer
0f9a387b-be66-4eb8-816e-81caa7557bb0,a86d44be-f6e2-4a59-a026-04e6247ec8f5,officer
5277aec8-0855-4a89-b6f4-6675bc79106f,331327b8-14eb-47a5-9550-656df62435aa,officer
ba4f3dec-63e5-49c9-b2b5-13bdd3fcbc22,a277a4e9-31a4-4e97-9ced-d80b3825b68b,officer
db63a1e9-7ce9-440e-9e4a-86c471637e41,d0fb1573-9d3c-457c-a5bb-143774c0f681,leader
d4a8a1d1-5de5-47b7-9703-b4894c15b759,c4e6cb9c-e064-4339-9502-68e80637b3b2,officer
15c9e5ae-86a3-43cc-bff1-e02603412a56,5f5cf90b-db21-47c1-bc95-5a641e12fe21,officer
285dd6d6-6227-48c1-9229-4f2da085ba04,12de9031-ed03-4325-b5e4-7c884ce4a546,officer
2ed0699e-dd9a-490b-a040-d13fd0f16e69,e2769ad5-3ce3-4ed2-940f-1e7850286c49,officer
ecf5ca23-760b-4a81-b6cc-f431e24ae79e,17d75077-489c-4aa3-bb3b-d2eea50c7bcc,officer
cd7ec004-6032-4e3e-8b87-f354ed3ee6c9,dd08ca9d-2b7e-4421-9b50-f1411867654a,officer
3ca10082-ca40-446e-b8ed-b5318bf4cd36,7e911955-e63a-4391-9e54-15c05290eb4e,officer
9c6a0081-904e-4b93-bb21-52b64c932456,ca0ddc9c-9614-4897-90e5-10954960bf79,officer
85a25a36-d7ee-4f04-8fd0-39a24d43acba,00429573-7da7-41c1-9a9c-50efecbca723,officer
075a382d-1a7f-4d9e-a344-5b9cbad12519,3a9aeae6-95ea-4292-b5dc-2653249a3398,officer
40765026-9a5f-46ed-a62d-f0381d0e51af,4f7aef35-3b07-4e83-b399-9077c82c762c,officer
4c3f48b8-bec1-4368-8721-5cecdb2d0c64,ab81f33d-f8ca-4d21-ac59-d7a45984eb61,officer
92c2966a-97e8-469f-938f-724eab9f9e6b,beb77faf-33f0-499e-aad8-10e1e3153c13,officer
1463b0af-29f0-4092-90fc-20049aa3a016,3d9542eb-0e7b-430b-a23d-a533ca5c8bf1,officer
169f22f9-be1c-4d12-b16b-afec976521c9,e8e38f40-7316-42e2-9199-b155ed684824,member
eebf5961-cd07-44a9-a2e1-e29c1ff3fd7b,16d252ee-fea5-4b37-a59a-2b3b9c39f613,officer
d9416663-017f-431a-9298-0021da20d204,51114727-90fb-4020-a730-b9c7f3665a53,officer
410ac92b-f209-4aad-99f1-8984dccdf23a,f09e5dbb-a858-4f8e-b220-3341a501d431,member
4e41a994-5bfa-430f-a59f-f765e651e511,d96d5f2d-51e1-4d31-b342-6bf9c1dd9767,member
88dd51c3-b272-4c43-be91-f8ca26542e67,b7e9ff48-4de5-4344-9624-a505bfb2f2f9,officer
55b62acd-a00d-4d05-ad82-246049aacceb,5212d81b-8a34-432c-87d9-d7525aeb45df,member
3e125e9b-c674-49a4-8b67-34ac5047b1b2,20f151ae-ae8f-47b5-9dc5-25d0ec23232b,leader
145e83bb-be23-49b5-b57a-6aba6d59a899,e672f977-cbf6-4fb0-99bf-08f7bc502aa4,officer
ba11ec9c-d09b-4dbb-b5b5-48c69f1318ab,571e4e92-f4a2-4524-ad25-a8c0b568fcc0,member
bc992cce-1cf4-4b03-8e0c-db24f06b4ed1,a86d44be-f6e2-4a59-a026-04e6247ec8f5,member
732b9d2e-3787-4d98-bbd9-950af91c2d59,331327b8-14eb-47a5-9550-656df62435aa,officer
986b46b9-ceb6-4ec0-a62b-470d8997b9f0,a277a4e9-31a4-4e97-9ced-d80b3825b68b,member
2de1507d-0bd2-4256-80d1-87d63967475e,c4e6cb9c-e064-4339-9502-68e80637b3b2,officer
d3a0c006-f69b-467d-be40-ac20fee7554b,5f5cf90b-db21-47c1-bc95-5a641e12fe21,member
1a0df2f2-f517-42eb-b33b-3bbef92515ba,12de9031-ed03-4325-b5e4-7c884ce4a546,member
8f0ca177-3253-47f5-ae41-e70421fbdc9e,e2769ad5-3ce3-4ed2-940f-1e7850286c49,member
62197d2f-4619-42d4-8665-5a0897eb64e2,17d75077-489c-4aa3-bb3b-d2eea50c7bcc,member
26d84672-10a9-4a22-8879-5516664bb4fa,dd08ca9d-2b7e-4421-9b50-f1411867654a,member
88fb2e5f-54a6-41bc-8678-a009732af80f,a71d83f9-6eeb-4b78-8736-12c23ead735b,officer
4b839156-e262-4e8c-8b9f-00ca38dc74cb,7e911955-e63a-4391-9e54-15c05290eb4e,member
6d9a97f6-ba93-4408-9677-7170fa31f65d,ca0ddc9c-9614-4897-90e5-10954960bf79,member
db719540-fe88-4e7e-b540-529ae3704729,00429573-7da7-41c1-9a9c-50efecbca723,member
191d3533-fd41-44cd-945f-1ad4a5eaee43,3a9aeae6-95ea-4292-b5dc-2653249a3398,member
212f7b22-4a1f-4a62-b454-2a010edfa794,ab81f33d-f8ca-4d21-ac59-d7a45984eb61,member
d86b4a34-9970-4cb2-b242-3b3733b682a4,beb77faf-33f0-499e-aad8-10e1e3153c13,member
482e6e30-3af3-4049-b501-22960701b9b7,3d9542eb-0e7b-430b-a23d-a533ca5c8bf1,member
7cdd280c-2668-4252-b09e-0e47a4b21758,e8e38f40-7316-42e2-9199-b155ed684824,officer
8ada23dc-2e5f-410b-a0a3-025a31573cf3,16d252ee-fea5-4b37-a59a-2b3b9c39f613,member
8ae5de19-c5ee-4008-a32a-78eb98e6e45d,51114727-90fb-4020-a730-b9c7f3665a53,member
11f35664-7623-489b-ab12-b2e301b1ef6b,40d41b8c-0cc1-4d5a-88cb-5e2aa8d9a625,officer
aa6a9dd0-417c-484d-b3f9-bcf591e40a56,f09e5dbb-a858-4f8e-b220-3341a501d431,member
163125c6-eb34-4d45-a9bc-768699b3aa2d,d96d5f2d-51e1-4d31-b342-6bf9c1dd9767,member
da4cefea-2aea-4aa6-bf54-3eb20f75efd1,b7e9ff48-4de5-4344-9624-a505bfb2f2f9,member
ad328665-3a2e-406d-a833-59ea27b07a14,5212d81b-8a34-432c-87d9-d7525aeb45df,member
ef52afda-fd3d-49b2-ac8a-c0f81f06f630,571e4e92-f4a2-4524-ad25-a8c0b568fcc0,member
da97a7a4-9465-47c7-84ea-361b480e0aee,a86d44be-f6e2-4a59-a026-04e6247ec8f5,member
729e2f5e-94cd-43b6-8111-181050c53acc,331327b8-14eb-47a5-9550-656df62435aa,member
da2a6ee6-3c8d-4e40-8e66-acdcbc843794,a277a4e9-31a4-4e97-9ced-d80b3825b68b,member
7da8598a-5629-4fef-b501-1d957103119d,c4e6cb9c-e064-4339-9502-68e80637b3b2,member
3813feb7-d2e9-4cca-b683-e079901a44b0,5f5cf90b-db21-47c1-bc95-5a641e12fe21,member
4fcd7e6c-fd42-4fe6-93db-5c30fb60d229,7abb39aa-55c4-4116-9b60-6d10c43d8882,officer
c38d71ac-51c5-46a7-8d01-3754d31cb261,12de9031-ed03-4325-b5e4-7c884ce4a546,member
f3fa8617-7a1b-49b5-9999-a1b96bb2f0d5,e2769ad5-3ce3-4ed2-940f-1e7850286c49,member
a45ac9e1-37f3-44dd-a3d6-57aabbcf731e,17d75077-489c-4aa3-bb3b-d2eea50c7bcc,member
10748d85-53a5-4528-bf66-5c8bce820fb6,dd08ca9d-2b7e-4421-9b50-f1411867654a,officer
b399b17a-05f7-4428-8154-5aa5d00e43d1,7e911955-e63a-4391-9e54-15c05290eb4e,officer
b94ecb77-26e6-48b8-9225-53d13ad2d178,ca0ddc9c-9614-4897-90e5-10954960bf79,member
a710e498-24b8-4b0b-850e-9a49fc6a4967,00429573-7da7-41c1-9a9c-50efecbca723,officer
d612657d-56e7-4271-b605-ca346bf1c27a,3a9aeae6-95ea-4292-b5dc-2653249a3398,member
04f3e214-0831-4839-86ed-980001a7eff6,ab81f33d-f8ca-4d21-ac59-d7a45984eb61,member
a465e5d6-512b-49f6-807c-74703ce25d33,beb77faf-33f0-499e-aad8-10e1e3153c13,member
5edd7693-30f0-4a23-9e2f-e78cc3c00b13,94491c9a-ccb4-426e-b89c-c63322295146,officer
221e436d-acfa-437d-8b13-0a04aa10da82,3d9542eb-0e7b-430b-a23d-a533ca5c8bf1,member
c76d0cda-ee10-430b-8d07-239527071712,e8e38f40-7316-42e2-9199-b155ed684824,member
4ae9aff5-0060-404d-848d-af88a9cbee9f,16d252ee-fea5-4b37-a59a-2b3b9c39f613,member
0a50356d-dff8-4307-82a1-3d19ef09f016,51114727-90fb-4020-a730-b9c7f3665a53,member
42e9829c-4630-4ecc-9cdc-b4919a5dbee3,f09e5dbb-a858-4f8e-b220-3341a501d431,officer
43c94e8f-aa4e-496a-b94a-c125c24de601,d96d5f2d-51e1-4d31-b342-6bf9c1dd9767,member
31ef3517-a268-4f0e-9217-10fe8545b737,b7e9ff48-4de5-4344-9624-a505bfb2f2f9,member
30007b17-0483-448d-9462-59d9dd406525,5212d81b-8a34-432c-87d9-d7525aeb45df,member
27e9288e-021f-4bfc-9604-921e182b8e61,571e4e92-f4a2-4524-ad25-a8c0b568fcc0,member
71cde334-27a7-4f2c-9753-eacd7775679f,a86d44be-f6e2-4a59-a026-04e6247ec8f5,member
37c74dbc-935d-4f05-ae78-8603076af217,e9e37693-7bac-4486-900f-1ec5af18296a,officer
edd9877a-9035-4e04-b40e-e79b3242a187,331327b8-14eb-47a5-9550-656df62435aa,member
99b38311-d6ea-41a2-91c4-6fca592f72f9,a277a4e9-31a4-4e97-9ced-d80b3825b68b,member
55f12072-95ba-481d-87d7-2e9cac7a8b20,c4e6cb9c-e064-4339-9502-68e80637b3b2,member
78945072-de4a-454f-b95d-8399bdf91e56,5f5cf90b-db21-47c1-bc95-5a641e12fe21,member
3ea81172-f2c3-426a-ae98-117ae259b697,12de9031-ed03-4325-b5e4-7c884ce4a546,member
b67b9c7f-105d-437d-9382-476600d41f63,e2769ad5-3ce3-4ed2-940f-1e7850286c49,member
0d60d0cd-a923-4a4a-b34d-0c3c9ac0bb10,17d75077-489c-4aa3-bb3b-d2eea50c7bcc,member
eff22eb7-e6f9-462d-9e0a-bd32ee46237c,35b4ca09-c7d6-484e-b492-4618b64d5acc,leader
a91d3640-f7b1-4f36-9d1f-68b3b8db1b27,ceaa94e0-82d2-4b8a-ad9c-cbd8fda76029,leader
45f0e55c-d8fa-40c7-9bef-f10b3f99b6fe,d88391a1-055c-4574-897d-82e536c8c711,leader
7167b6db-5523-4588-a605-93e89265ffbd,6ae4948f-2beb-41aa-a6cc-f0923116630d,officer
b8dcc0e7-b1b4-48a6-87a0-d9acc25f5965,561bdce1-838b-4b04-aeea-9fcfe6a33026,leader
82626a48-453c-489a-ba74-528b8677a80e,5bf30f6d-2780-4728-af02-9ccc046c23f9,leader
2b877a2e-94f7-407f-814d-face0abc3b32,958737ce-0955-4761-9caa-aee8fc1235f7,leader
62857207-4908-420d-9884-884ee1acd2ef,64fe9a2d-4d65-4170-b06b-33fd5c447087,leader
1d0340fb-960d-4079-aa06-4f343e7e892f,8c8e8568-4078-4031-acfa-f2c6b3f39fe6,leader
2a5ae65f-26b5-4d25-8117-0710300c5784,7c1e0159-3ae9-4f90-bc55-d4a2901d50d2,leader
d0247f07-c1d8-4755-bf27-a0db48645156,c8572cc5-67ec-43f8-b33e-9791e5a08322,leader
5021eb2d-f377-4285-bb95-bbf3a1c4cc7a,f4e9074e-4643-4da3-a950-8b6dffab4ecf,leader
9d9431bc-2fe6-47b1-8248-ca584f28efec,1cc5ad78-958b-4667-880c-917b949fd5f2,leader
1145089f-2a05-41ee-8b1e-b044f1c66f61,db641596-9bbf-43ac-8fb7-3f154fc4256b,leader
eacfc5a3-316c-4bf7-9d1e-fd52948c10cd,64314be5-c59a-4ce6-b29c-d334d71953e9,officer
43ad8268-e02a-4dc9-8ef3-ac1a574f4fd5,11e6aab3-744d-4f21-b8ed-65aeb3286fa3,leader
1011f794-aee0-4929-8a6b-29386af18360,2c4547a7-3b4a-4d80-ae68-4ae793aee13c,leader
817fefe8-08cd-4858-b3b9-827bd1ca25c1,7c3d4af4-0bf9-4a50-bff9-e3e147e1be47,leader
dbd08a0e-e9de-47cd-8ef8-6b68268c66a6,b5db15e6-9a02-4966-87c8-d340752e426a,leader
8299aa65-4932-45f2-92a0-b73a07dbfe33,2bdaf1c4-7558-4a29-9018-a9015de9365d,leader
e0dae560-a12c-4d02-b786-a30943dc9337,054aebc9-b51b-4980-8b65-20af43de982f,leader
99a00c3e-5113-4de7-805b-fe0d1869a44d,34896dbe-bf69-4fb4-a3cd-ea0cdd5c1adb,leader
efbadb82-8460-4f31-890a-6e618a3dcd97,39a3f8f0-fcd5-4e1c-9934-21fd58235108,leader
97566b1a-06c4-41e6-8b0c-31f8faf5db77,13788cbb-5f34-41e1-b436-8e0e7179e46e,leader
2325bbfb-9cf4-4101-843f-24df4ad8400e,03651b8d-3ef8-401d-b57c-bbeff0f0cb18,leader
caf9573f-b73a-4122-b2f0-3a0af0044ec8,035243eb-598a-44b6-8e52-36582e906255,officer
bb22f0bd-d5cc-4313-bf4a-6ded0521c6c9,7f51220a-4b43-4e3a-9c0b-f0f36d4e134f,leader
99652d44-4553-46b3-809f-56e44640411e,df075e28-4e7e-44fe-b31c-80b4867848ab,leader
6d1f0d85-5dab-4fa4-8838-4ea35fef17dc,bec19f9d-94e3-45ed-8b15-d0c7a0404e97,leader
ff0d3b95-b5b4-41bf-94ec-7b337d280220,03dad06a-1bae-44a6-a1ba-8ef8c38d7459,leader
9f82ada6-8287-4385-b00a-b528e91260f1,e8e58e31-d96c-4b53-9aef-e04863bf9eef,leader
80d572aa-0c73-438d-ad31-17251995b325,ee7376ef-46fb-4cbd-bb03-7f9b34605354,leader
e92c3d51-a46e-48f8-9b5d-663e3f29a15a,9f169d4c-7e15-41f6-9bad-f742205e0640,leader
ab3599c0-04f3-471b-ba14-39766ff9790b,656e2275-a80f-4507-a640-6e1e7a202264,leader
073c38a0-ed85-4c99-ab54-583d614b7c90,6b590041-65eb-46b6-8230-2976e7cd9fc4,leader
e2e71a6f-4df8-4c15-9e4a-65390e385209,35b4ca09-c7d6-484e-b492-4618b64d5acc,officer
876d2edd-a7b4-48a8-b6f4-0b96ebdff029,968fcb25-5936-4bb7-b679-679fe822d119,officer
7f142d2a-b365-479b-87ef-3f63acec0269,ceaa94e0-82d2-4b8a-ad9c-cbd8fda76029,officer
40c45f0b-e4de-4303-8788-e3dda656fcd2,d88391a1-055c-4574-897d-82e536c8c711,officer
c02caae6-256b-4976-bf61-db406954eb31,561bdce1-838b-4b04-aeea-9fcfe6a33026,officer
ab63b15e-9620-4cf1-a532-48b8585a3811,5bf30f6d-2780-4728-af02-9ccc046c23f9,officer
ede7e128-859f-45f8-9f16-6487e7f388ff,958737ce-0955-4761-9caa-aee8fc1235f7,officer
bf0e2576-87c5-4c10-bbb4-be482c19338a,64fe9a2d-4d65-4170-b06b-33fd5c447087,officer
adea2ece-7332-4170-a68a-8a97570873b9,8c8e8568-4078-4031-acfa-f2c6b3f39fe6,officer
98195d7d-160d-4d82-8ecb-336f9deb68f7,7c1e0159-3ae9-4f90-bc55-d4a2901d50d2,officer
f9278060-ee25-4a7d-a41e-4b3ffce5e356,c8572cc5-67ec-43f8-b33e-9791e5a08322,officer
750eefed-309e-4eb5-a598-fd727f29ef21,f4e9074e-4643-4da3-a950-8b6dffab4ecf,officer
c80dae79-a989-4a93-beae-535953e30443,728159f9-8741-429d-a2ef-a07a1bbf1720,leader
ce411acf-5a2d-4392-98b1-99928c910b09,62a2608b-93b5-4efe-800f-4c27ff82813d,officer
37c214e4-a870-4712-bc19-bd02087ef767,1cc5ad78-958b-4667-880c-917b949fd5f2,officer
ca6763c8-8d3a-4523-a604-c7fb4d0ea5c9,db641596-9bbf-43ac-8fb7-3f154fc4256b,officer
212c79fc-8a1e-4932-ad59-3eb532d2b783,11e6aab3-744d-4f21-b8ed-65aeb3286fa3,officer
f39115f8-544b-4445-a47d-295bf0469e78,2c4547a7-3b4a-4d80-ae68-4ae793aee13c,officer
27d0f3a2-4803-4b3c-8a1c-4b24077ae4db,7c3d4af4-0bf9-4a50-bff9-e3e147e1be47,officer
5921640d-29e2-42cd-a8ef-2c01effa2b8b,b5db15e6-9a02-4966-87c8-d340752e426a,officer
0e8e2674-5e24-4e4d-b734-19f27ac92393,2bdaf1c4-7558-4a29-9018-a9015de9365d,officer
79212657-6541-4580-ba71-f2db86024851,054aebc9-b51b-4980-8b65-20af43de982f,officer
b17c3234-41f3-4417-83d2-b9d72c956298,34896dbe-bf69-4fb4-a3cd-ea0cdd5c1adb,officer
fe41f63e-f12e-47b6-a35e-ab218fcfba5f,39a3f8f0-fcd5-4e1c-9934-21fd58235108,officer
39b2f483-19b6-43ac-97d1-20d3584ff606,3ef336f2-82a6-4b66-9470-d4638e8bd837,officer
567825dc-8c8b-446d-a73b-0735432c5e85,13788cbb-5f34-41e1-b436-8e0e7179e46e,officer
9da8b981-3133-4913-b22d-9d8eec2f931c,03651b8d-3ef8-401d-b57c-bbeff0f0cb18,officer
5a5651d1-c5ee-41da-b12a-b199a105783b,7f51220a-4b43-4e3a-9c0b-f0f36d4e134f,officer
8a5545f5-b79b-467f-a91f-ca749d94b2b0,df075e28-4e7e-44fe-b31c-80b4867848ab,officer
3c568fc2-c709-462c-b91f-a43127645123,bec19f9d-94e3-45ed-8b15-d0c7a0404e97,officer
62e00a5c-4dca-4138-b565-3926bdadaff1,03dad06a-1bae-44a6-a1ba-8ef8c38d7459,officer
c9bcd98e-1c6d-4947-a567-48ab4491befd,e8e58e31-d96c-4b53-9aef-e04863bf9eef,officer
bd65d110-797a-4169-b07c-338ee9589c7d,ee7376ef-46fb-4cbd-bb03-7f9b34605354,officer
4c64bb5b-c848-4a5a-86bb-e61fac6998b2,9f169d4c-7e15-41f6-9bad-f742205e0640,officer
05422557-a057-48e0-9123-a107b08a7b8c,656e2275-a80f-4507-a640-6e1e7a202264,officer
1118ce93-5e71-4d4e-9444-1c7b957ec6ea,a63281b2-37e7-4dc8-9d9d-c5cbe694488b,officer
c91e90f7-9339-4676-a39c-9355c4ee8e23,6b590041-65eb-46b6-8230-2976e7cd9fc4,officer
19c92437-d231-4584-92f1-6aec9ac01cf0,35b4ca09-c7d6-484e-b492-4618b64d5acc,officer
a1964a47-1583-4b40-9eb8-10bb7ca1bd70,ceaa94e0-82d2-4b8a-ad9c-cbd8fda76029,officer
973ffacd-8e17-4f6a-b9bb-19156e4bfffa,d88391a1-055c-4574-897d-82e536c8c711,officer
4207c72a-8f94-4ad5-a4b7-ecf6ac3222d3,561bdce1-838b-4b04-aeea-9fcfe6a33026,officer
4f9c2be9-177a-4765-b96e-78ba27483656,5bf30f6d-2780-4728-af02-9ccc046c23f9,officer
7f925427-bff2-49fc-9cd1-041bfd184780,958737ce-0955-4761-9caa-aee8fc1235f7,officer
84272373-3d53-4053-9fa3-4c60be196ebd,64fe9a2d-4d65-4170-b06b-33fd5c447087,officer
c14003da-014e-40ab-b360-816f589336f7,8c8e8568-4078-4031-acfa-f2c6b3f39fe6,officer
65dcad2a-5399-4f87-a87b-12a3626fa2b6,7c1e0159-3ae9-4f90-bc55-d4a2901d50d2,officer
71e95eba-4d27-40e4-af21-0ab0cf50f9c0,41b807d0-52df-4fd8-8a29-64507744323c,officer
50082112-9b95-440b-b981-b76fa6cec829,c8572cc5-67ec-43f8-b33e-9791e5a08322,officer
8c2b9035-e89f-4ae1-bc08-d591aa0f0b9b,f4e9074e-4643-4da3-a950-8b6dffab4ecf,officer
0df2345e-2953-4635-8765-f63b7b84da2e,1cc5ad78-958b-4667-880c-917b949fd5f2,officer
a85f0202-35ca-4d6f-a18c-397aaa515320,db641596-9bbf-43ac-8fb7-3f154fc4256b,officer
1a81dda5-ead4-41ff-b0f7-db7dcf84b185,11e6aab3-744d-4f21-b8ed-65aeb3286fa3,officer
9b6b8abd-0b98-489e-82d6-23522236074a,2c4547a7-3b4a-4d80-ae68-4ae793aee13c,officer
58f508d0-48a5-4da7-97fe-1ec555045ca3,7c3d4af4-0bf9-4a50-bff9-e3e147e1be47,officer
77bd8442-6c12-47c3-9ea8-ba37aced6276,b5db15e6-9a02-4966-87c8-d340752e426a,officer
415a3615-429b-4be9-be7f-bfe7258cbed3,2bdaf1c4-7558-4a29-9018-a9015de9365d,officer
42a87300-1881-4c3f-b3c7-2c376b7ec972,054aebc9-b51b-4980-8b65-20af43de982f,officer
a3f91b97-d597-47ec-a4ee-8d83376df97b,f89718f1-32dd-4503-811f-93bc94ba95c7,officer
d1da1c5b-6ee9-4aaf-a870-8bc845cfcc18,34896dbe-bf69-4fb4-a3cd-ea0cdd5c1adb,officer
91f5548e-0e52-4d94-afb8-6d43a49aa956,39a3f8f0-fcd5-4e1c-9934-21fd58235108,officer
5ad6d441-bd4d-460d-93ab-4c444342af58,13788cbb-5f34-41e1-b436-8e0e7179e46e,officer
3c2eeca8-d274-4fec-919e-caa4540bfd9c,03651b8d-3ef8-401d-b57c-bbeff0f0cb18,officer
fdf3a2c5-aa92-4dd7-9765-e626e781d02e,7f51220a-4b43-4e3a-9c0b-f0f36d4e134f,officer
843831ba-bbe7-47da-b7f1-62c7ca226cb6,df075e28-4e7e-44fe-b31c-80b4867848ab,officer
08ff216e-338c-4a84-a3ea-a38dd00427a9,bec19f9d-94e3-45ed-8b15-d0c7a0404e97,officer
a246fa5a-887c-464a-806c-448f3eb3e75f,03dad06a-1bae-44a6-a1ba-8ef8c38d7459,officer
a5c8cbd3-0ee3-45c0-b7a1-4eefac9140fe,e8e58e31-d96c-4b53-9aef-e04863bf9eef,officer
37973913-45da-4e77-8649-e8ee795063ed,ee7376ef-46fb-4cbd-bb03-7f9b34605354,officer
2c1a0ea8-f0f9-430b-82c4-487635d03153,d4d79ea8-60e3-4620-9c08-2237c7725bd4,officer
2f1a45e1-98bc-4f32-a259-668580609000,9f169d4c-7e15-41f6-9bad-f742205e0640,officer
a2718eb7-daa0-4434-8136-4506be22029c,656e2275-a80f-4507-a640-6e1e7a202264,officer
59684e58-f5a2-48e6-aa81-70927de726b7,6b590041-65eb-46b6-8230-2976e7cd9fc4,officer
14dcfb3c-fe60-4273-98f1-a8750451fd1a,35b4ca09-c7d6-484e-b492-4618b64d5acc,officer
f839ef1f-a015-4838-b364-a84a84deb1d0,ceaa94e0-82d2-4b8a-ad9c-cbd8fda76029,member
ca60304a-1c21-4cef-a0de-104f2be1063c,d88391a1-055c-4574-897d-82e536c8c711,officer
58c07e41-5516-43ba-a224-ee3eee14b3b8,561bdce1-838b-4b04-aeea-9fcfe6a33026,member
ce2b0d40-54ac-4659-a035-1e0aa817cd92,5bf30f6d-2780-4728-af02-9ccc046c23f9,member
4a8e8eb7-be18-4016-ac38-920711b996e4,958737ce-0955-4761-9caa-aee8fc1235f7,member
51a7bc99-74fc-4adb-a98f-7e6410128777,64fe9a2d-4d65-4170-b06b-33fd5c447087,member
bb424c62-37dd-4f25-8a11-13dead85e886,c630a3f0-53de-4f27-a429-b0e4cbbfc63b,officer
3473cad4-336e-4499-a5af-0342536ed981,8c8e8568-4078-4031-acfa-f2c6b3f39fe6,member
d4cc2c7b-88d7-409c-b09a-b866c6546d5d,7c1e0159-3ae9-4f90-bc55-d4a2901d50d2,member
4d79d485-e640-48ef-b8d3-23eb82b69cb3,c8572cc5-67ec-43f8-b33e-9791e5a08322,member
de56b4e2-9ad2-4ccc-b69a-ed4f88b67751,f4e9074e-4643-4da3-a950-8b6dffab4ecf,member
d28f807b-e69c-44bb-b70a-701fce316202,1cc5ad78-958b-4667-880c-917b949fd5f2,member
e9dc9f1f-edd5-4bda-b1fa-cb6ddf5e5612,db641596-9bbf-43ac-8fb7-3f154fc4256b,member
8d502ef2-095d-4c5e-a6a8-2406e8a67ea8,11e6aab3-744d-4f21-b8ed-65aeb3286fa3,member
747a58d0-fc30-45f4-a44b-950960a4a63b,2c4547a7-3b4a-4d80-ae68-4ae793aee13c,member
eeb1f3b7-e588-49b9-b09c-9a5a2145d32d,7c3d4af4-0bf9-4a50-bff9-e3e147e1be47,member
38cb4928-ff55-414e-85bb-277d98487e96,b5db15e6-9a02-4966-87c8-d340752e426a,member
cef8ec21-9c4a-473c-a5e7-33321f3a5eb8,8c0e2188-00c3-4d53-af42-a8204ea46f29,officer
9720a54c-fa2e-4606-81d6-5855f34125aa,2bdaf1c4-7558-4a29-9018-a9015de9365d,member
d3424acc-316d-42c4-894f-7b1dfa074c26,054aebc9-b51b-4980-8b65-20af43de982f,member
35660ef0-2192-4705-bc6b-21c4da3fd609,34896dbe-bf69-4fb4-a3cd-ea0cdd5c1adb,member
ac2447d0-f7a9-43ed-84af-629900397c39,39a3f8f0-fcd5-4e1c-9934-21fd58235108,member
71863c64-bc0b-44f8-b8e6-fdac29a35401,13788cbb-5f34-41e1-b436-8e0e7179e46e,member
7b687d09-3eb1-4915-973d-3ebf1ed6419b,03651b8d-3ef8-401d-b57c-bbeff0f0cb18,member
6da86b69-f5a8-436d-9c89-0bb445b66d64,7f51220a-4b43-4e3a-9c0b-f0f36d4e134f,member
30ed239f-919d-4fa8-a91d-8db53af5407b,df075e28-4e7e-44fe-b31c-80b4867848ab,officer
a1a0d0fa-f312-431e-b69b-1c7c0691b8be,bec19f9d-94e3-45ed-8b15-d0c7a0404e97,member
c2bbaf8d-0b36-411c-9623-cc5935fea2a4,03dad06a-1bae-44a6-a1ba-8ef8c38d7459,member
1104db55-b774-4b3e-80c0-13a06d0e45a5,a71b789e-90af-48a2-9524-164a03d72d2d,officer
d6954eeb-cef8-4f75-90a5-0cae4f2f5e8a,e8e58e31-d96c-4b53-9aef-e04863bf9eef,member
2b96b5eb-4be7-493d-a0d7-6cc5d2456678,ee7376ef-46fb-4cbd-bb03-7f9b34605354,member
9c91f81d-51f6-4c61-b26f-c9aaa1f6969e,9f169d4c-7e15-41f6-9bad-f742205e0640,member
c9bf9689-1d3f-4455-a1a8-631eab9359de,656e2275-a80f-4507-a640-6e1e7a202264,member
adcaa29d-b0b1-44e0-8de9-1876621078d1,6b590041-65eb-46b6-8230-2976e7cd9fc4,officer
ad4437b7-f939-4b1c-a5e9-3c5484d6033f,35b4ca09-c7d6-484e-b492-4618b64d5acc,member
f6c0bad8-01ce-4ef5-b3ec-93715db3dedd,ceaa94e0-82d2-4b8a-ad9c-cbd8fda76029,officer
a39a8fae-c417-4ad3-8fa5-b232554eb1a1,d88391a1-055c-4574-897d-82e536c8c711,officer
52a4e7bc-69dd-4bec-8b94-2af82b2c0dc5,561bdce1-838b-4b04-aeea-9fcfe6a33026,member
787b1b71-6559-4fae-8e87-61b1ca718c4f,5bf30f6d-2780-4728-af02-9ccc046c23f9,officer
4e434ed6-712c-4b9e-b3ca-1ea3f7ef825f,4adace96-e5a3-4975-a436-6a8594b5ef57,officer
52e0ff41-6ad2-4e2f-941c-7d9f6607b4b9,958737ce-0955-4761-9caa-aee8fc1235f7,officer
20d366c9-c64b-4f50-85b3-ae457f2ead57,64fe9a2d-4d65-4170-b06b-33fd5c447087,member
6375930e-a986-4cfa-a718-c4610177b26a,8c8e8568-4078-4031-acfa-f2c6b3f39fe6,member
a1498635-b32c-42b4-a21d-5622a3ccf039,7c1e0159-3ae9-4f90-bc55-d4a2901d50d2,officer
824597a6-990e-400b-9262-283b14929c28,c8572cc5-67ec-43f8-b33e-9791e5a08322,member
38999327-e377-4947-af51-d0410b107a46,f4e9074e-4643-4da3-a950-8b6dffab4ecf,member
4af963fe-d5a6-4b6d-99dc-8fd0bb2543fe,3019b187-0380-4fe3-834f-c567a2171ad4,leader
cf8f3e92-1145-4eb5-b7a0-fb77b2bbe5f5,d6bdfd0c-bf2a-4d06-b61b-5f5d6dada979,leader
7919b130-d5ac-4918-9fc0-4725d8213fca,93b00b00-41ee-4414-958a-e41b66b07165,leader
dd348500-1ba9-49d5-ae74-91d596dd830e,65b4cfd6-8e66-412e-8c24-7568bb8c548b,leader
5f3e2aca-97fb-4f31-8001-b4154b4b48f8,32e49687-f5fa-4947-b1b3-8af30f475bbb,leader
60e55eea-355f-4d6a-8bf7-716aca909858,8f877871-ec92-46cb-84bb-f62101332a57,officer
ccc500d8-9e8a-49be-90b5-a78d5644b633,f52a1d15-4ee0-4090-a34b-3d2157229b28,leader
8d549fcf-71b3-4451-b037-7dd51fd8a34e,fa03fdb4-ccc2-416d-b6d4-458e952b55f0,leader
3d5e9e2b-9c5b-4671-bd41-23e38eb9f86d,f2831c0c-46ae-41ca-adf8-13155116e4d5,leader
2fb302c3-08d8-4e40-83cf-27408e5953aa,3b5819aa-3940-4374-a0ab-e4a8e6189d1f,leader
873631ad-0cac-4c93-985f-8ddb85227320,8ef0fedb-7bf7-41b1-a630-f27bf9096db4,leader
bdea781e-142e-4f56-acba-1789aeecdc29,d5969bac-0bed-40e5-8dbf-2db14416be5b,leader
eed927e9-475b-49d3-8bd0-ad238d17e6b3,74966664-b981-4e80-801c-62c6075123e2,leader
d756f0b5-5779-4068-a62b-16292903a0dc,d9187c69-1cbe-4f55-903e-5e4e9424b28f,leader
85d4160c-bf0b-4c3b-b3ab-983705795028,e55589d3-afa6-4c39-a447-a50a2293fe51,leader
5baf2c14-65a0-49f0-a31b-f9e88276e36e,c7060682-ba9c-42a5-9dd9-93b439df09d6,leader
8d076422-a2fd-4795-b89a-c64bc479cf9b,331cc41b-03bc-4159-9a16-a57774080803,officer
6ea1a088-50d7-408b-a2b2-b8fa09716e10,7a33de13-4a9c-48b4-93d5-6cb0797b771a,leader
67d8205e-e6dd-4a12-aff2-fadac83138c6,d14dc193-4ae0-4f43-b3f9-3e3b37b66f5d,leader
7b62893a-ca7d-4e5a-a041-73f67071a0a0,e70907e4-061e-4dfd-a492-06668b3d1d68,leader
b9372d78-25be-4316-93ac-c958b019616c,b3a5f931-5019-43e7-9327-adfd24c1baa7,leader
b9f11b41-8b58-4710-9a7f-33c4208843b0,a610646b-b793-42cc-83f9-22fb514e499e,leader
011bd906-44a6-4e5c-97df-96eafd4a6204,c755206f-95ed-4418-be94-f963b9d57dfe,leader
2501c648-087b-4c22-aab0-978cc566f222,db1355d3-90e3-4484-af52-a2f7736e8932,leader
43a64eec-72f4-4a1c-958e-737e244c888e,0683efd8-dda1-487a-b319-200867e70006,leader
3d3463dc-6ba8-4c39-94aa-0d3bdae62e47,461c78ca-a4ed-4b32-bbb0-08b4413475d5,leader
91e9c9b7-7b19-4db0-aff4-3eea6c52aec3,4cca6302-9de4-4afc-b042-84d3ac625f11,leader
73e33c41-709c-4aff-b4b2-4137f39abaac,aeec9a99-faa9-4490-8f2d-35d1a3dd11a9,officer
a55818cf-9932-4c2f-8674-032a596f3f23,32caf159-3fa0-412a-b3e5-83dfd7b339b2,leader
21eff0e7-8f4f-4413-b907-324e5a279afd,bd5a240b-72c2-4ba5-a757-267050b17b11,leader
cdf02c89-0af8-475b-aee7-29fe111bafe6,aef3017c-cfc1-4125-9185-f75d64ad9f01,leader
2fea1500-09f7-4a04-b05d-692a4e408a2e,f64cc140-a095-49fe-9c00-72b5ce7d2537,leader
34fe2f13-82f5-4c1d-b718-da7e00232e09,e0e78d15-92cd-4887-b54b-044c9028c076,leader
e9565cfd-ef3e-4563-b0e8-d8e38156eeb4,6ab6ea8e-1569-4c91-a27a-1ddb268c09f9,leader
e56ffa3d-290f-4135-a4ce-fc7f10090453,ecbc79da-0b75-4e25-8674-336311df0861,leader
51f12d1d-d3f5-485d-8a7c-a1590a97d37d,7395e545-329e-4a86-8c44-27375bfe8974,leader
e8888934-e2e4-4033-8b9d-d15c824457bc,66dd209f-bd41-4e38-a737-1949ba617d6b,leader
bb481289-57f6-44da-9f64-b523b8d98b51,5bb2faab-51b4-4e19-a4f6-5364bf0d67e6,leader
7a0467cc-6d96-4640-9bf7-fcc8a5f7b489,788e8427-3f17-44cf-8341-cb34635dd50e,officer
8dba38dc-e79a-402b-b43a-f54e0d0d0bb7,021bcc70-92e8-4625-95fc-7b19174b29e8,leader
6d085df8-6095-4b7e-afad-9be090b3a1fe,dc67fce7-dc1b-4594-b2a8-d6bdae1e0ecc,leader
4e4ee3b9-dfab-4bc6-8734-8f4ffeec6809,6f540ed7-dc02-4616-b1b9-1969b073e603,leader
a77524df-6985-4ff5-b6a5-70d0cd398597,3019b187-0380-4fe3-834f-c567a2171ad4,officer
06c712c8-af0e-406b-a329-508e9b93b3b3,d6bdfd0c-bf2a-4d06-b61b-5f5d6dada979,officer
b410e098-c0e5-4008-839c-f0fadc2c7a1f,93b00b00-41ee-4414-958a-e41b66b07165,officer
9d5c53a0-efde-41aa-8504-d92815448cbc,65b4cfd6-8e66-412e-8c24-7568bb8c548b,officer
801fa562-7bc9-4f6c-b7b7-d554b0ad361f,f52a1d15-4ee0-4090-a34b-3d2157229b28,officer
9983d1d7-9f1c-40e7-9ab3-816b3c7243ac,fa03fdb4-ccc2-416d-b6d4-458e952b55f0,officer
3f9d4557-31bc-4dfb-95b9-4c8e6976c3a6,f2831c0c-46ae-41ca-adf8-13155116e4d5,officer
801392fe-e77b-4d22-b2ae-4c14865ca1c6,cf6c81fc-db91-4436-97d0-aaf5e2963218,officer
29b835f8-04b7-4e95-aa7f-59d1163992e2,3b5819aa-3940-4374-a0ab-e4a8e6189d1f,officer
68f16294-038b-4e95-bb8b-f5e0166f1e89,8ef0fedb-7bf7-41b1-a630-f27bf9096db4,officer
eaff9ea9-ba29-421f-a8f5-7d6f7e242c78,d5969bac-0bed-40e5-8dbf-2db14416be5b,officer
a7bd452b-8955-4019-891d-2e6eda49b8b0,74966664-b981-4e80-801c-62c6075123e2,officer
bcf284bc-a081-41a2-8199-8e28d18bde04,d9187c69-1cbe-4f55-903e-5e4e9424b28f,officer
9da3d3e4-3d1f-4689-9f60-c14959afa1e0,e55589d3-afa6-4c39-a447-a50a2293fe51,officer
d5c427e8-a8b5-4255-9594-bd789476d62a,c7060682-ba9c-42a5-9dd9-93b439df09d6,officer
c6b64991-f707-4ab5-a5cd-837a3de981d4,7a33de13-4a9c-48b4-93d5-6cb0797b771a,officer
ee2d6eb8-a360-405b-896f-1a60847bd09e,d14dc193-4ae0-4f43-b3f9-3e3b37b66f5d,officer
fc5f8e03-188e-4298-a3f6-aa2aeefce0e4,e70907e4-061e-4dfd-a492-06668b3d1d68,officer
65be18dd-7081-42fc-a828-39a9757a1a54,9e51b37a-49d8-4127-b6ba-65da834c98c5,officer
c9a99a0f-da42-46da-87a2-2274947510e6,b3a5f931-5019-43e7-9327-adfd24c1baa7,officer
560daa1f-b4d1-4afc-b3bd-30da08d07eb2,a610646b-b793-42cc-83f9-22fb514e499e,officer
0170d20e-cc31-4985-b3d3-f80452fd9004,c755206f-95ed-4418-be94-f963b9d57dfe,officer
07746c39-d196-4bd2-9c1a-d6331f8ed954,db1355d3-90e3-4484-af52-a2f7736e8932,officer
00bf3625-8043-4dc8-94a8-08200e437001,0683efd8-dda1-487a-b319-200867e70006,officer
a5a632c1-ce1d-4071-92f8-223028ee5dbe,461c78ca-a4ed-4b32-bbb0-08b4413475d5,officer
674e6335-a2ab-4ce0-a864-ee0c4767abbe,4cca6302-9de4-4afc-b042-84d3ac625f11,officer
d3479837-1b5a-45e2-949b-a35f1c909a66,32caf159-3fa0-412a-b3e5-83dfd7b339b2,officer
f7623a7a-3fa0-494c-bcf8-733870345a3a,bd5a240b-72c2-4ba5-a757-267050b17b11,officer
c038b820-45dd-4fa5-aa8f-da1a96ad7424,aef3017c-cfc1-4125-9185-f75d64ad9f01,officer
c55d4169-ca98-4a5b-a201-e37da3520f89,f484a796-6105-4969-9044-2f548b28bc28,officer
3982ac21-609e-4fdf-ad78-6ffd732b258a,f64cc140-a095-49fe-9c00-72b5ce7d2537,officer
2a8727a3-57ee-4941-bb88-2e3d700963b4,e0e78d15-92cd-4887-b54b-044c9028c076,officer
fe3964f7-963a-46e5-acac-1de87cd5ea17,6ab6ea8e-1569-4c91-a27a-1ddb268c09f9,officer
31219aae-c4db-48c1-82a6-4ba359b33c61,ecbc79da-0b75-4e25-8674-336311df0861,officer
a60a6d6d-7cce-4358-9656-3065ca7e5da4,7395e545-329e-4a86-8c44-27375bfe8974,officer
edfa63f7-1e0d-431d-93c0-9ab3520b10b0,66dd209f-bd41-4e38-a737-1949ba617d6b,officer
ad4e2591-fe73-40dd-98b1-e53271c487bf,5bb2faab-51b4-4e19-a4f6-5364bf0d67e6,officer
47ca6f5b-96b4-4271-8569-a3d9ea1a56f9,021bcc70-92e8-4625-95fc-7b19174b29e8,officer
8f7e1d45-f79a-4833-ba57-4831adc9ea02,dc67fce7-dc1b-4594-b2a8-d6bdae1e0ecc,officer
b001ef14-b855-4cf0-9e8b-15e83e816518,6f540ed7-dc02-4616-b1b9-1969b073e603,officer
27f4ef52-10ff-49b2-aba6-8965adf8a11a,fbb930aa-eeb0-43fe-bed5-9049b551cf7f,officer
11a0d655-e7ec-4d2a-b4ed-5d2377d4c57f,3019b187-0380-4fe3-834f-c567a2171ad4,officer
e9c82442-eab1-42b1-ae8b-d2fd6e78e7c6,d6bdfd0c-bf2a-4d06-b61b-5f5d6dada979,officer
126ead84-244e-4c1b-a406-6c1398fae8c8,93b00b00-41ee-4414-958a-e41b66b07165,officer
47927602-c968-452e-bfd0-f960c5f9cf3d,65b4cfd6-8e66-412e-8c24-7568bb8c548b,officer
a661d5c3-fb61-4274-96e8-393d1ff757f1,f52a1d15-4ee0-4090-a34b-3d2157229b28,officer
beb4dc3a-14f9-4221-8ba4-fffc744b63f9,fa03fdb4-ccc2-416d-b6d4-458e952b55f0,officer
0084539d-ea09-47cb-88d7-ff384818e9e5,f2831c0c-46ae-41ca-adf8-13155116e4d5,officer
41571f6c-c667-44eb-816b-13457ed4fe6c,3b5819aa-3940-4374-a0ab-e4a8e6189d1f,officer
8d020621-d3bb-48fc-b6c0-db61d1489d7a,8ef0fedb-7bf7-41b1-a630-f27bf9096db4,officer
eda67a70-342b-4544-a15f-b9cba123afac,d5969bac-0bed-40e5-8dbf-2db14416be5b,officer
3e9ecf0e-1182-48e0-93d2-0526bd2fe801,8a2a6c14-8341-4588-840d-42724ef96875,officer
5ac9f380-21b5-4ab1-973e-60e76ee5a751,74966664-b981-4e80-801c-62c6075123e2,officer
07ad1413-4f67-4da2-8369-1a0ec88e236e,d9187c69-1cbe-4f55-903e-5e4e9424b28f,officer
5c3c1475-ba3d-4b2d-b5da-eb3da6763a6b,e55589d3-afa6-4c39-a447-a50a2293fe51,officer
e8d9932c-84c0-4a24-a63c-a4a42c496719,c7060682-ba9c-42a5-9dd9-93b439df09d6,officer
7afb644a-fd39-4b3d-8d80-d42f2fa2406a,7a33de13-4a9c-48b4-93d5-6cb0797b771a,officer
c13af7f4-5eca-47d6-94bc-5033edabcf1e,d14dc193-4ae0-4f43-b3f9-3e3b37b66f5d,officer
55b1656a-2b27-4f36-88b8-83fcaf3ce701,e70907e4-061e-4dfd-a492-06668b3d1d68,officer
3dd1f834-601a-44b0-a592-ed599afb4f80,b3a5f931-5019-43e7-9327-adfd24c1baa7,officer
15d7970c-ebad-4146-9492-664c9b1d9d45,a610646b-b793-42cc-83f9-22fb514e499e,officer
cfb53efd-dd88-44c5-8601-6f498b670a25,c755206f-95ed-4418-be94-f963b9d57dfe,officer
fa8aca17-1934-46cc-a3cc-07f2b6ad8cf9,1944b2e2-7a8f-49c4-8f43-bb1dd3558b8d,officer
446c94fc-5249-40b8-9b89-781599a6a3de,db1355d3-90e3-4484-af52-a2f7736e8932,officer
13e22b89-88eb-41bc-ac6d-0c56a7e60f10,0683efd8-dda1-487a-b319-200867e70006,officer
ced2a718-d9d9-4091-9a74-17799be264d5,461c78ca-a4ed-4b32-bbb0-08b4413475d5,officer
d7ff7076-b261-4ac8-a074-2b6ef3e1bbe4,4cca6302-9de4-4afc-b042-84d3ac625f11,officer
997cfc9a-86e9-44de-984f-34259070491a,32caf159-3fa0-412a-b3e5-83dfd7b339b2,officer
a5e3d528-cf0f-4704-84a0-1082fd372210,bd5a240b-72c2-4ba5-a757-267050b17b11,officer
26ad78bd-87ce-4afb-b1fa-fabcaa949b73,aef3017c-cfc1-4125-9185-f75d64ad9f01,officer
121adcfa-b3bb-445d-87e0-a7daa80d7321,f64cc140-a095-49fe-9c00-72b5ce7d2537,officer
a7abf141-ac65-43f1-a44f-c11a5fc427b8,e0e78d15-92cd-4887-b54b-044c9028c076,officer
9a8f9255-a2a5-41d6-8f44-724eafd76714,6ab6ea8e-1569-4c91-a27a-1ddb268c09f9,officer
27104e29-5500-4349-b78b-e4baaf43377b,49e00d70-34bc-40c3-86ca-c15a6e20af23,leader
60ad9f29-489e-4666-84b3-fff9a88358de,d69942b1-2dcc-45bb-98cf-b42976f6dae1,officer
848213c9-ad4e-4eb5-b943-8211146f427e,ecbc79da-0b75-4e25-8674-336311df0861,officer
3786989a-bca2-42ad-913e-4ae11bdb2b44,7395e545-329e-4a86-8c44-27375bfe8974,officer
77f22187-c9b5-4217-a1e3-90f9e6579e22,66dd209f-bd41-4e38-a737-1949ba617d6b,officer
ef04e811-da97-4550-ab65-3a05ff7d86c5,5bb2faab-51b4-4e19-a4f6-5364bf0d67e6,officer
89170f7a-1089-4c7a-9693-8713eacb085e,021bcc70-92e8-4625-95fc-7b19174b29e8,officer
cfeaf23d-c2f5-4fa3-a6c5-a9e32a6b4757,dc67fce7-dc1b-4594-b2a8-d6bdae1e0ecc,officer
594ffd58-e456-46d1-81d5-88ec1d041aac,6f540ed7-dc02-4616-b1b9-1969b073e603,officer
ef0af78b-c237-47c4-ab1d-34d8d0710264,3019b187-0380-4fe3-834f-c567a2171ad4,member
951f341a-92af-43bb-b82d-26d8109d8ef6,d6bdfd0c-bf2a-4d06-b61b-5f5d6dada979,member
1c2cc153-13f4-4e10-98b6-b8da089298d2,93b00b00-41ee-4414-958a-e41b66b07165,member
cdd9ff72-16ff-422e-9f92-f863d68d8dd7,d0fb1573-9d3c-457c-a5bb-143774c0f681,officer
26c60642-3aa6-4de8-9e3b-c1000c0efc54,65b4cfd6-8e66-412e-8c24-7568bb8c548b,member
03b23ba3-718f-4342-a35e-c487a4f0818a,f52a1d15-4ee0-4090-a34b-3d2157229b28,member
f2525d7e-50c1-4850-996e-aec7f5cd328c,fa03fdb4-ccc2-416d-b6d4-458e952b55f0,member
18241655-e180-48ae-a902-5c573fb4a814,f2831c0c-46ae-41ca-adf8-13155116e4d5,member
201bffcf-457a-4f08-b6ce-f8a57d97452f,3b5819aa-3940-4374-a0ab-e4a8e6189d1f,member
340a4d2f-0c60-4600-9782-f92c29d47612,8ef0fedb-7bf7-41b1-a630-f27bf9096db4,officer
8f7e01d3-e10f-48a3-9792-239b12a7cf39,d5969bac-0bed-40e5-8dbf-2db14416be5b,member
54126308-7e53-4439-aa3b-8844dbf1c960,74966664-b981-4e80-801c-62c6075123e2,member
6b88dc2e-4d48-45a6-9d41-676af88ef3ae,d9187c69-1cbe-4f55-903e-5e4e9424b28f,member
fc74ee6c-2ad6-458e-90e1-58114faed3c5,e55589d3-afa6-4c39-a447-a50a2293fe51,member
dbd08b5c-5a95-467d-b2d7-8be22a2cfd52,4f7aef35-3b07-4e83-b399-9077c82c762c,officer
7eb29f53-0103-499e-b3a2-3add83b1fd40,c7060682-ba9c-42a5-9dd9-93b439df09d6,officer
11bdbe2a-3f48-411d-9949-5e082aca529f,7a33de13-4a9c-48b4-93d5-6cb0797b771a,member
3d597b2c-699c-4e0f-bfcc-ecc9fa0ea2f3,d14dc193-4ae0-4f43-b3f9-3e3b37b66f5d,member
e2c1ae7d-9a44-47e4-b3c0-7ec267502c59,e70907e4-061e-4dfd-a492-06668b3d1d68,member
df688e83-562b-47ee-9098-ed85c65d9b74,b3a5f931-5019-43e7-9327-adfd24c1baa7,member
30414f0d-9af4-41eb-b155-baebef621edd,a610646b-b793-42cc-83f9-22fb514e499e,member
0e694e40-1ebd-4db5-916b-cd35955cbdd6,c755206f-95ed-4418-be94-f963b9d57dfe,member
d786fe33-cbd4-4b34-92bb-e717b9c1e737,db1355d3-90e3-4484-af52-a2f7736e8932,member
fe9dd173-1055-490d-996b-337bb03867a3,0683efd8-dda1-487a-b319-200867e70006,officer
43889296-28da-4624-ae14-8c4916755c43,461c78ca-a4ed-4b32-bbb0-08b4413475d5,member
051b0bc6-689c-44ba-b027-010cddfdfc90,e672f977-cbf6-4fb0-99bf-08f7bc502aa4,officer
aa9683ba-bcbd-4676-a3f3-88cbcdecbf05,4cca6302-9de4-4afc-b042-84d3ac625f11,member
6364c98a-1730-4687-9d18-53231721b8c1,32caf159-3fa0-412a-b3e5-83dfd7b339b2,member
61afae6e-e8ef-4d33-a5a3-a5c78de228bc,bd5a240b-72c2-4ba5-a757-267050b17b11,officer
2cec8552-0c94-4f1e-a1c1-7c18c08bea6c,aef3017c-cfc1-4125-9185-f75d64ad9f01,member
0e43bee0-f0bb-430b-b311-c89508fd8ec6,f64cc140-a095-49fe-9c00-72b5ce7d2537,officer
6403077c-beab-45ff-a8f1-47a7500ae791,e0e78d15-92cd-4887-b54b-044c9028c076,member
2b7882bb-0edc-4304-94d5-8735d42391b0,6ab6ea8e-1569-4c91-a27a-1ddb268c09f9,member
a2d770c7-eeb5-4fdc-af1a-07a8e4a1f0ad,ecbc79da-0b75-4e25-8674-336311df0861,member
dac28994-e0d1-4b6f-a433-e129108b9b62,7395e545-329e-4a86-8c44-27375bfe8974,member
7ebf3444-f599-4287-8cc1-4d9632fff18b,66dd209f-bd41-4e38-a737-1949ba617d6b,member
8568e30a-26ff-4515-98ec-6e27c4f5435d,a71d83f9-6eeb-4b78-8736-12c23ead735b,officer
803b3a85-c290-40fb-a8dd-135065cef325,5bb2faab-51b4-4e19-a4f6-5364bf0d67e6,member
d5657864-2595-4c00-90f7-7321450a4543,021bcc70-92e8-4625-95fc-7b19174b29e8,member
a10b238c-fcc1-40c4-a238-95930de2b6aa,dc67fce7-dc1b-4594-b2a8-d6bdae1e0ecc,member
770dcaee-b452-403c-ba75-a5f2a9721f71,6f540ed7-dc02-4616-b1b9-1969b073e603,member
92e97e79-76da-4af5-acd4-024b6c708011,3019b187-0380-4fe3-834f-c567a2171ad4,member
2b34507d-45d8-4bc7-bd36-8e5fd0d938ad,d6bdfd0c-bf2a-4d06-b61b-5f5d6dada979,officer
fcf5b98d-c5ae-47d6-8405-8206dcb5772d,157ed812-6397-4e8c-bb95-63a55e556b39,leader
1e0138b1-5a2e-48c2-bf92-031a61d58efe,09d56fde-5aa3-4e6c-885e-62eb5dd889f9,leader
bed3041b-7a9d-4bba-b3e2-bdb6460d1fc3,a654f375-a88c-49b5-b8fb-0d5ce0aa9fe0,leader
2eb2a797-bc71-488b-a9c4-bc9581dd9eaf,868f7667-cec6-481b-b3b8-68873c54d9d2,leader
19b26865-42ae-4760-966c-0564042882f5,40d41b8c-0cc1-4d5a-88cb-5e2aa8d9a625,officer
82374168-7c5f-4933-a176-75b0c2ffb1f1,21ca5c13-507d-460c-a716-8face60ae0ce,leader
fe3e38d2-8ba6-4324-bc9d-415d82747196,155001b3-23f8-4451-9fab-f557cd02148f,leader
d83e0683-94ee-451d-8f0e-00e8e6e11e0e,6d706fc5-1e0b-409c-89ce-3f8ce74d9c3d,leader
a7bf8df4-54f4-4a2f-993c-06aec60bd236,7d924f6d-b703-4fdd-b3d6-bb1fa287ccfc,leader
433c4d97-167c-4939-af4e-5bf36221af12,d9b4e583-15ad-43b1-aa46-e683c0fff62f,leader
e8457b5d-1bc2-4e62-96f3-baa0a1e704c8,6234bed6-54fe-43bc-899e-5d82bce8b504,leader
b367134a-51db-4afe-b811-03b7d2741779,dfdcdbe6-9855-49b5-be9e-43c9f518ad0d,leader
3c44bde4-b9ef-4e32-9fb0-7d1904a5073a,e963187d-59c4-4e51-8de8-f42dac2095b3,leader
b1d3f992-6e16-4302-8e64-598410f7fa79,d0d50549-2048-4bb0-9cdc-1bde1770ba39,leader
ef136b07-75a0-4389-9fb3-a13080b8c865,cbb75d38-606e-4166-829f-e38c2c2b6cd6,leader
1ed78f49-6afb-4182-966f-305cd91588eb,7abb39aa-55c4-4116-9b60-6d10c43d8882,officer
b3f5ca54-960f-489d-949b-2905d4325b39,26689a22-d91f-47a0-ba4b-eb48981ef405,leader
065b0bad-f1f1-451b-a868-1b31e00a6da8,6d90a4b9-a931-479a-8a8a-9f03230a5458,leader
fb39ae4e-f1e6-496e-9729-ec0212f0e36e,83865513-cd69-4bda-9160-80918dc2dbe7,leader
57a9bcde-090f-491e-a203-eaeedca80b64,495f6fe7-a269-4a80-b273-b83147076e05,leader
30320676-891f-4176-98da-3a2460405a7e,b6037751-88f8-4ca0-9ec1-e6ef063867fd,leader
5bd6ac8d-852e-4da1-b63c-153faa6231c9,c180b40a-1bac-431e-81e5-bd14dbfcc25c,leader
69e684e4-9c0e-46e6-ba23-4ad8892878f6,198d5c63-a7cc-461c-93a0-a1c6c24228d4,leader
201cdd11-0ed5-4b02-a8ea-d90d20dc674b,5b7b3b3b-c607-4f94-9f67-7de2c888b29e,leader
930dfb2b-5df1-4a9a-adfa-ddb18aebf816,dd7fe7cb-cfb8-4055-928b-87ada99d59bc,leader
01f89ca9-338c-4978-8db3-9e1ff0cb6818,f9e0db9c-e52e-46cb-b1ab-dfa692853f95,leader
971a70bc-1cbd-45fd-91af-9559e8ca21d5,94491c9a-ccb4-426e-b89c-c63322295146,officer
ac31713d-5891-45e5-99e1-d854fa75e8b2,276e178b-7678-4ae9-b762-2c278f0ad410,leader
1f2ee18c-81f9-46f1-a80f-2b36b3cf7bae,bc3905e2-a977-403a-a134-22c3c4a92717,leader
d184fb50-5c2c-4fe6-83dd-5c18a2a426d7,9d1b82fe-4c5e-4586-bfc3-b16f81f5513d,leader
a64f04e9-a5a1-44ea-8a54-0372bb260116,75bb63f7-eb0f-4f5c-a13c-79b06b0ef37e,leader
902beadd-afd0-42fe-8404-6dbced749ef0,e47d6981-f6b1-4ad9-8b7b-ce98829dd48a,leader
2a5fa2bf-9c04-4bd2-bce2-591256831e18,06863d34-ca87-47de-b0b2-036c1990a677,leader
85ddddf5-5ada-4a2d-87c3-eedf7f66241b,6e281a3c-e8d4-4bf1-befc-065ddc881a70,leader
1a0ddd34-f18d-4bb4-b87e-f904780ebce9,365af4dc-0207-4f22-8247-2c72eee0e368,leader
ffda69b9-e57c-4bff-9568-ffdc42816483,157ed812-6397-4e8c-bb95-63a55e556b39,officer
1a201eba-5a6a-4962-9e2b-32c4768497b8,09d56fde-5aa3-4e6c-885e-62eb5dd889f9,officer
8af094d9-e9a8-4131-ba17-5ffdbbef7762,e9e37693-7bac-4486-900f-1ec5af18296a,officer
b4f171d6-18ad-4e12-84cb-2c524d19a8dc,a654f375-a88c-49b5-b8fb-0d5ce0aa9fe0,officer
009a7235-b6ed-46cf-a9fd-66eed182161e,868f7667-cec6-481b-b3b8-68873c54d9d2,officer
65910178-cc94-49d3-aa36-3b0073470053,21ca5c13-507d-460c-a716-8face60ae0ce,officer
2dd4f2e6-b8db-46c5-bf53-102875bae273,155001b3-23f8-4451-9fab-f557cd02148f,officer
9a92d956-f791-4301-ab02-abf2aabdb261,6d706fc5-1e0b-409c-89ce-3f8ce74d9c3d,officer
77912778-46b0-4713-9b23-db4c680777ef,7d924f6d-b703-4fdd-b3d6-bb1fa287ccfc,officer
081d5161-6237-49ca-adb0-8c7e00f8e9a1,d9b4e583-15ad-43b1-aa46-e683c0fff62f,officer
a9717d03-af22-43cc-8b37-bd3666525db0,6234bed6-54fe-43bc-899e-5d82bce8b504,officer
637aea72-7625-48d7-86e9-ac5af4ce5ea8,dfdcdbe6-9855-49b5-be9e-43c9f518ad0d,officer
257aa437-8b1b-46e4-a568-17dee3c854fe,e963187d-59c4-4e51-8de8-f42dac2095b3,officer
f7ba9039-a3d5-46ac-8da6-60ed4282102f,6ae4948f-2beb-41aa-a6cc-f0923116630d,officer
84b16987-90ad-4e61-b797-536623c81b2d,d0d50549-2048-4bb0-9cdc-1bde1770ba39,officer
1fd9a2b2-f03e-4c5f-bbfc-71472403026e,cbb75d38-606e-4166-829f-e38c2c2b6cd6,officer
2a937b6f-f845-4325-8a31-a228a9941618,26689a22-d91f-47a0-ba4b-eb48981ef405,officer
0e7bfb81-fcf9-4a39-8b31-3b7b7cb2d0f6,6d90a4b9-a931-479a-8a8a-9f03230a5458,officer
ab9e289d-de0c-4907-a2c2-e58c5254c9b3,83865513-cd69-4bda-9160-80918dc2dbe7,officer
4d231d46-c188-49b8-9120-76566baef01f,495f6fe7-a269-4a80-b273-b83147076e05,officer
aa4791e1-e73a-4f95-8dd2-1e372da91f5f,b6037751-88f8-4ca0-9ec1-e6ef063867fd,officer
af95611c-1bd5-4f9e-b276-8c8053aeab9d,c180b40a-1bac-431e-81e5-bd14dbfcc25c,officer
e6f8aed6-0591-4a47-aafe-576a5d1ec153,198d5c63-a7cc-461c-93a0-a1c6c24228d4,officer
1f772abb-6570-4d14-bf75-2c8010854cc0,5b7b3b3b-c607-4f94-9f67-7de2c888b29e,officer
