characterId,itemId,expiryTime
db8f6b7c-1bc6-4f54-b529-75b5a84a1eaf,0fd3f5f1-58b4-472e-8f7e-b5d90a667913,2025-06-01 14:21:54
18dc8e39-c3a2-45fa-b737-a10239531f0f,529a5dec-755e-4620-947e-0b884d7cba82,2025-06-01 12:49:49
c5034085-6cbd-415c-a59e-5489201633f1,aa256690-ebf0-4c25-b232-820ee0a50ed8,2025-06-01 12:49:34
bd53a82c-2d59-4421-a3e9-680f68235607,1e98bcb9-4340-4769-9f06-cd52a8ece242,2025-06-01 13:02:11
c59abe2f-2200-4420-9d17-461f156edf5a,3e208872-3a68-4bf0-ba98-dd3f9e7b19ee,2025-06-01 12:58:02
b1d3f992-6e16-4302-8e64-598410f7fa79,f9453ffe-2407-442a-ad3a-7fbc7229b70d,2025-06-01 14:20:42
0a4e7c6c-04a3-44c6-bab1-99a56b9e9d4d,495e05fe-c902-405e-9820-9e5ffe664d0f,2025-06-01 13:29:49
c14ce3ec-307b-4c3e-92cc-ce195463a129,9aa09fee-c165-4259-8153-7bdd2b95fd82,2025-06-01 13:18:09
f3a99ecc-98d6-4039-8809-d187060ff7eb,86c4e236-3870-4c25-a264-0563552a041d,2025-06-01 13:13:20
27d0f3a2-4803-4b3c-8a1c-4b24077ae4db,6404f6be-177f-42e1-b8ef-d921a58be6ca,2025-06-01 13:44:44
61afae6e-e8ef-4d33-a5a3-a5c78de228bc,52b299ca-910e-4a1d-a2cb-20e7d07e50e2,2025-06-01 15:07:24
55b6ef3d-93bc-4a00-8c1e-52de85de9073,34b157a1-0e1b-4b47-83c8-dee8ed890ccc,2025-06-01 13:01:52
bad018f1-50ae-45c6-921f-2b0edbe206e6,f79eb589-b643-4032-a2cb-fbb5c7580795,2025-06-01 13:08:14
1cc20c7f-ce75-4c8a-900e-e8f912a86d67,94d02c41-74b0-43a0-8f32-b12185f36692,2025-06-01 12:56:53
9fa9ce3d-a9ec-42f5-9f0a-f91879a5a746,384f014b-f356-4e3e-a496-53a8a5ff77df,2025-06-01 17:03:18
837ab0e0-28cd-4c8d-b71f-b667c0f6772e,aa8e9bc4-d797-4062-b0c9-286b57211754,2025-06-01 14:13:20
04a16eb1-f1c5-4e2b-8257-90e2e71d14ea,3e2dd4ea-05d7-4cb1-ba71-75f25b73425f,2025-06-01 12:56:32
8c366881-1685-4a52-a235-98fdce9e5165,d8cc46b9-56e9-42b9-9d82-5d7b4217950f,2025-06-01 13:00:09
0e55a1ef-3241-49cf-a029-dd86bc2b7db5,34b157a1-0e1b-4b47-83c8-dee8ed890ccc,2025-06-01 12:50:41
eb25745c-8118-4cd0-8d80-83bb98695471,86c4e236-3870-4c25-a264-0563552a041d,2025-06-01 12:46:36
2e848245-eadf-49ce-b19f-c3b0e8d170a8,495e05fe-c902-405e-9820-9e5ffe664d0f,2025-06-01 14:08:24
4670ac9b-59a4-4480-ba63-f9c47fe2e183,66c3b531-f79c-497c-86af-9c2003f019a4,2025-06-01 14:02:37
f6a1f786-4c22-4239-8911-85c7e286932a,6051d03f-61cc-47eb-a08f-4d3ddcb42e4d,2025-06-01 13:23:20
f8eab94d-1b9a-4cae-a437-8d6c919572ad,b59867d1-5e23-4913-9289-38aa93cdde2b,2025-06-01 15:05:28
a8a47c05-d403-4410-b5d4-d0e597956db3,2cce8b23-c916-4e85-95cd-e531a7d588d3,2025-06-01 12:46:49
b3b984ed-63d4-4fb5-b563-c45648eb7ef2,1f547725-5b54-4820-9014-073af64adeab,2025-06-01 13:03:38
2eb2a797-bc71-488b-a9c4-bc9581dd9eaf,87136a80-48dc-4395-9553-d606dfa025c7,2025-06-01 13:50:47
8b07cb8e-cf6e-4c9a-b998-bac00b13d340,9e511160-68b4-4b42-8d21-c53ca08e59ca,2025-06-01 13:50:53
5a5a9a40-9140-4380-a6b8-b44cf32cd1a7,e26214ee-5b11-49f7-a61c-3a6b12cac236,2025-06-01 14:18:20
dfd8cb84-9a1e-488f-9dea-636ed34b2d31,41355efe-596f-407d-ae53-3f13e7917f8f,2025-06-01 12:49:01
c56c5eb9-560a-45c7-95c6-a8353bd46ed4,e0e0dded-8eeb-4f4d-b8c6-6b155a1056e5,2025-06-01 13:08:31
4e434ed6-712c-4b9e-b3ca-1ea3f7ef825f,c77cc163-2e69-4f52-87e9-e5680aedecdc,2025-06-01 13:03:07
85adc2f3-2bd1-47e8-ad65-5753e9ddbae9,286da99b-e4c2-47ca-8c27-29f120ce34f6,2025-06-01 14:25:12
68cea406-4ab2-4198-94f7-3486e2745982,286da99b-e4c2-47ca-8c27-29f120ce34f6,2025-06-01 13:59:24
b7e28b59-48da-4213-902d-ca48126ab103,24bf661a-5dca-453f-8635-e1610e37cd6f,2025-06-01 12:52:20
ca60304a-1c21-4cef-a0de-104f2be1063c,a733375e-9d7d-4717-b521-a567f9bafb4c,2025-06-01 12:53:59
1e3e2004-a642-4275-a3fc-6f640a84e20c,c8cfef3f-db13-4d9b-8168-fea9f8e115d3,2025-06-01 12:49:47
e9dc9f1f-edd5-4bda-b1fa-cb6ddf5e5612,cb2adea2-1f1f-4fd3-8685-8b7078930052,2025-06-01 16:06:07
b88eba89-bd91-4d92-adaa-6c8c8fb90889,a462f46d-315b-46e8-9e0e-c0af512d1bc9,2025-06-01 14:00:00
6417c184-4e77-44d8-ad34-256c1b47c905,28cac081-6b49-4cdc-96d7-ad39d6020d50,2025-06-01 14:35:54
bc9afeca-20ff-4092-91dd-b06d5c2c7a6c,4b1daa12-65dc-44ab-9cdf-dc8a81495bb5,2025-06-01 13:05:59
4dee09ab-ac0a-4bb1-a973-252c39fce312,a462f46d-315b-46e8-9e0e-c0af512d1bc9,2025-06-01 13:27:55
739509bd-b829-4b01-88a1-37b1b6910fe2,aa256690-ebf0-4c25-b232-820ee0a50ed8,2025-06-01 12:50:45
3c895545-4f2c-4ba8-89ea-ec502fcba5f4,c4611704-dc76-4711-898f-7a94585c7030,2025-06-01 13:25:17
810952a9-1097-4fbc-a741-557dafc76ed4,c09f4945-a62a-4cf3-b079-bcb022dd88dd,2025-06-01 13:10:35
2833e33a-cce4-4e23-b466-cac28848bdb0,e2148fff-722b-446f-b422-ecd567409a61,2025-06-01 12:53:44
fa267d94-ce78-4127-8e31-e0edc7854a20,1a82ecc1-19b6-4d7f-af90-f34236734668,2025-06-01 12:56:16
fbe0760e-fe0a-4362-a404-06b61cb67920,69f86150-6269-47c1-9a0f-a8a28ecb3aa9,2025-06-01 14:26:24
ae1d2a78-5f36-4190-b346-dc14dcf2b2bb,41355efe-596f-407d-ae53-3f13e7917f8f,2025-06-01 12:47:43
6d085df8-6095-4b7e-afad-9be090b3a1fe,0443954e-2483-4851-8bb6-06e7d5e56498,2025-06-01 14:07:55
d7ff7076-b261-4ac8-a074-2b6ef3e1bbe4,5538e726-5a2f-4947-b664-807cf813a330,2025-06-01 13:22:44
056e4090-04d9-41d5-9a98-4985d6bcfeb8,24bf661a-5dca-453f-8635-e1610e37cd6f,2025-06-01 13:37:21
1c9c5832-d466-41dc-893b-5cbb73b24a4a,9da05340-c6ec-4f27-9d3d-760a8c7e98f4,2025-06-01 12:49:11
ef136b07-75a0-4389-9fb3-a13080b8c865,2cce8b23-c916-4e85-95cd-e531a7d588d3,2025-06-01 12:46:59
db991f16-bc8c-4d27-8472-8786a838235a,5e906e78-6a5b-465e-b556-3a7b39e5727e,2025-06-01 13:03:23
6d26abcc-3bb1-42d7-8bd6-9bf08f7db967,3e2dd4ea-05d7-4cb1-ba71-75f25b73425f,2025-06-01 12:56:54
6f9dea0c-1cfc-42f9-b08d-a47078512e67,9aa09fee-c165-4259-8153-7bdd2b95fd82,2025-06-01 12:57:15
64ce1e66-83b8-4184-9603-ab1e114d2097,6d19f7d4-eeef-4073-90b2-c13247537dd6,2025-06-01 13:16:08
50ce9a02-f9e1-4c72-8073-6255a0dc1858,9da05340-c6ec-4f27-9d3d-760a8c7e98f4,2025-06-01 14:40:22
612adb39-9d3f-4d55-8b57-e2c51441c523,4b1daa12-65dc-44ab-9cdf-dc8a81495bb5,2025-06-01 13:02:15
c9a99a0f-da42-46da-87a2-2274947510e6,1bd734a2-990d-4cec-89df-2a0346e73e0c,2025-06-01 12:49:21
4f9c2be9-177a-4765-b96e-78ba27483656,2d77734e-259e-4377-87f5-2e17a3ad85cd,2025-06-01 13:16:36
c18802ca-0e62-4341-b2a8-fac43ef316be,86c4e236-3870-4c25-a264-0563552a041d,2025-06-01 13:19:31
98195d7d-160d-4d82-8ecb-336f9deb68f7,da3d9a2b-6cc2-4392-912d-e8c84afe3eba,2025-06-01 16:00:44
ba4f3dec-63e5-49c9-b2b5-13bdd3fcbc22,e0e0dded-8eeb-4f4d-b8c6-6b155a1056e5,2025-06-01 12:58:35
aaece4e5-8e54-447c-abc7-0bc7c738861b,d16fa1ac-439a-46e8-8f7f-248ccea87627,2025-06-01 13:08:29
bc992cce-1cf4-4b03-8e0c-db24f06b4ed1,0b920274-b972-4cc1-af32-096dafdd7730,2025-06-01 12:57:39
8350376e-9230-485f-a309-e372d4dad13f,631229ef-5ccd-4662-8f8d-45ff00fb1f92,2025-06-01 12:47:13
201cdd11-0ed5-4b02-a8ea-d90d20dc674b,94d02c41-74b0-43a0-8f32-b12185f36692,2025-06-01 12:52:25
33629a3b-ed32-49ab-804d-094979e7af14,64bec424-1ca0-4689-9e05-5cb90dd5fc0a,2025-06-01 12:49:08
4a6f7488-c727-4efe-9c83-880117a8e22d,69f86150-6269-47c1-9a0f-a8a28ecb3aa9,2025-06-01 13:57:31
7247c125-be60-4c83-bf67-d614f162d93e,e2148fff-722b-446f-b422-ecd567409a61,2025-06-01 12:56:46
a93c5b68-30f8-4066-9b94-e8a3f367a523,5167ab81-1777-4fa2-bd8d-6ef9ceb7f201,2025-06-01 13:09:45
a5837df1-df03-401a-b8a8-3343943be23e,c8cfef3f-db13-4d9b-8168-fea9f8e115d3,2025-06-01 14:08:35
1d2f37c6-016a-44cf-8c0a-9d6cba1c99b9,eefd5f89-c446-491d-9b32-3936e899f0cb,2025-06-01 13:09:47
450584ab-5a73-42d0-bea3-bcf7e2265777,64bec424-1ca0-4689-9e05-5cb90dd5fc0a,2025-06-01 13:27:10
d6d590ec-e8ba-48ff-83df-1b8a206f28d9,c4611704-dc76-4711-898f-7a94585c7030,2025-06-01 13:12:38
b60b80fc-6d3c-4426-8be9-7779569ad62b,b58933d9-6482-4705-ade9-5e4161b359fb,2025-06-01 13:05:12
b7feb115-b7b0-4745-9be0-f035a1492073,c77cc163-2e69-4f52-87e9-e5680aedecdc,2025-06-01 13:00:00
961a0422-abb2-4e75-8311-9adb241f9063,c09f4945-a62a-4cf3-b079-bcb022dd88dd,2025-06-01 13:16:32
58f508d0-48a5-4da7-97fe-1ec555045ca3,9aa09fee-c165-4259-8153-7bdd2b95fd82,2025-06-01 12:50:50
b858ec56-3ba8-40eb-8d81-5c6efff165f8,03403f99-4594-42fd-8db3-a993a81d5355,2025-06-01 15:38:29
f39115f8-544b-4445-a47d-295bf0469e78,f4cae2ed-2ab8-4345-9839-a026bc4ea567,2025-06-01 12:48:42
6c383ecc-9ff8-44ae-94bf-ca8554895bb5,631229ef-5ccd-4662-8f8d-45ff00fb1f92,2025-06-01 12:58:44
f098fcaa-0aeb-47dc-9e7d-bbf4aeb77976,aa256690-ebf0-4c25-b232-820ee0a50ed8,2025-06-01 12:53:45
90c3c6df-da5c-43e7-87cc-d93170b2bd06,3e2dd4ea-05d7-4cb1-ba71-75f25b73425f,2025-06-01 12:56:35
a6075fe5-942b-49c4-b9a3-acfb76de1a2f,f4cae2ed-2ab8-4345-9839-a026bc4ea567,2025-06-01 13:05:56
3a528713-a7dc-442c-b7be-b4c2c1b11238,8986ab06-022d-4721-9a7c-28f7bbad1ff3,2025-06-01 13:10:37
fa69f162-d561-466c-bc15-b2f30cb92d54,e2148fff-722b-446f-b422-ecd567409a61,2025-06-01 12:49:10
1628cafc-23a0-470c-8291-3cc3e7c78bc9,355a3a23-3b08-445c-9135-73b1d3a55bbd,2025-06-01 15:57:35
696b6579-b671-400c-ad28-efa891be969b,34b157a1-0e1b-4b47-83c8-dee8ed890ccc,2025-06-01 12:52:33
84a3f1be-efca-4e90-bd85-cc0e56df5914,e7d322fe-3d55-4fec-a312-9714237e3c22,2025-06-01 13:36:14
0e8c2391-7e4a-423e-b291-de1362739031,84fb32d5-8269-466c-897f-a56b90332b1c,2025-06-01 15:43:48
0f62f312-5f55-443e-91de-17b3576f3b77,a98056a4-a6c3-4de3-b77b-eb396daeb788,2025-06-01 13:12:06
ef13561b-e5da-4c81-88ef-c051de6d6cf6,0ac8da38-c462-4513-8303-a70f2802745c,2025-06-01 14:06:43
831a4d19-c200-407c-8836-4ada57eb590c,6d19f7d4-eeef-4073-90b2-c13247537dd6,2025-06-01 12:54:24
ecf5ca23-760b-4a81-b6cc-f431e24ae79e,4b1daa12-65dc-44ab-9cdf-dc8a81495bb5,2025-06-01 14:19:03
029a7c0d-73dd-45e8-a934-c42a2bf23380,2a5e596b-47c5-4744-964b-0f39df075ac0,2025-06-01 13:51:57
02e650fa-eeb8-4032-81f5-888e88571727,9aa09fee-c165-4259-8153-7bdd2b95fd82,2025-06-01 13:47:19
2501c648-087b-4c22-aab0-978cc566f222,1e98bcb9-4340-4769-9f06-cd52a8ece242,2025-06-01 13:08:19
1b137402-b6ce-467c-bc14-3aad56e16d31,6404f6be-177f-42e1-b8ef-d921a58be6ca,2025-06-01 13:36:01
7bec2be9-cb28-4f95-98df-58627b0ba6fd,1178a705-ce26-4166-9558-5d07851cbe29,2025-06-01 13:43:15
7cb7b1c4-367a-45d7-8c9d-125e1522843d,80b814a3-aa50-46fd-b84e-2751758f0c2d,2025-06-01 13:07:09
76fd62ac-662a-4020-8966-06211a14179c,1f547725-5b54-4820-9014-073af64adeab,2025-06-01 12:47:10
2a5fa2bf-9c04-4bd2-bce2-591256831e18,69f86150-6269-47c1-9a0f-a8a28ecb3aa9,2025-06-01 13:17:16
b1026b32-5278-4fc4-9e37-45b82958a314,22c5f375-6ef6-41b9-b8ee-489feedf6ab5,2025-06-01 13:14:12
1f8e5411-47b5-4366-b8b4-fcf019195c61,1fb363cb-fc9a-4228-bfa6-2004cc000f9c,2025-06-01 13:20:50
3a147fee-2473-4252-b1e6-c95202f94b38,9bb50b15-bfc4-4089-a5b3-73ef003265cf,2025-06-01 12:53:39
9e8e6c95-faf9-42ee-9a01-380b2fae1a8c,80b814a3-aa50-46fd-b84e-2751758f0c2d,2025-06-01 12:49:02
c109c728-7577-4dc2-939e-9ac6f78e50f4,f79eb589-b643-4032-a2cb-fbb5c7580795,2025-06-01 13:06:03
273d2226-a69f-4f97-bbb5-98e222703ae6,1bd734a2-990d-4cec-89df-2a0346e73e0c,2025-06-01 12:50:08
db719540-fe88-4e7e-b540-529ae3704729,1178a705-ce26-4166-9558-5d07851cbe29,2025-06-01 13:31:47
94e4f8ad-415d-4eee-b584-c589ab8e5f15,4db456fe-903a-4860-afcb-5b87c995aa4d,2025-06-01 14:44:46
a575c815-92a7-41a2-98ec-0d0249ac70cd,72299144-7f45-427d-b5ba-def1f43dc6bf,2025-06-01 13:36:40
6f030ad1-2446-4d89-a299-814d7a2f96bb,e4ca55d0-6d46-4380-b6f6-22b1800fb978,2025-06-01 13:05:21
efc2e2d2-8e30-4a9e-90dc-34219e406cae,384ce50b-01e8-48ae-882d-10f1d287db55,2025-06-01 14:07:35
86f5fdd1-6de3-4eb7-b5a0-9860a6346350,e7d322fe-3d55-4fec-a312-9714237e3c22,2025-06-01 15:20:12
e56ffa3d-290f-4135-a4ce-fc7f10090453,8986ab06-022d-4721-9a7c-28f7bbad1ff3,2025-06-01 13:25:48
a94144b8-a6cd-49c5-9c7c-f5a08ae9e2e5,5538e726-5a2f-4947-b664-807cf813a330,2025-06-01 12:49:05
2325822e-032d-4685-927c-0f67753bca1d,cc1ee70c-f611-417e-a839-96f02d7485b7,2025-06-01 12:53:56
1adb159c-db70-4c87-b965-87daabf9ece0,1884f9e2-6a02-421f-8ad6-586a1830f19f,2025-06-01 12:51:26
b7f74702-be6a-4707-9a70-7558a16a7588,d16fa1ac-439a-46e8-8f7f-248ccea87627,2025-06-01 13:05:06
9b6b8abd-0b98-489e-82d6-23522236074a,38a38794-11d3-498f-922f-efc5497e4265,2025-06-01 13:05:08
00bf3625-8043-4dc8-94a8-08200e437001,9bb50b15-bfc4-4089-a5b3-73ef003265cf,2025-06-01 15:16:32
d184fb50-5c2c-4fe6-83dd-5c18a2a426d7,2cce8b23-c916-4e85-95cd-e531a7d588d3,2025-06-01 12:48:01
ad4437b7-f939-4b1c-a5e9-3c5484d6033f,d7b8b4e0-b55e-4d54-802c-214cf99bd4c2,2025-06-01 13:27:59
0dfe08fa-95c2-46f4-81ac-8fd229416ab4,6e915e52-2050-42c8-a921-ed484b9733b7,2025-06-01 14:48:14
abfd2eb7-d497-4de4-97e7-405a08e9e4da,da3d9a2b-6cc2-4392-912d-e8c84afe3eba,2025-06-01 14:00:57
0a344fbb-001b-49ef-9845-3550e6b41da0,da0d2e58-8a60-4912-8c2e-f7bc485c4184,2025-06-01 12:48:28
9cacff4c-58dd-4c16-a9f0-d95b0fae2470,495e05fe-c902-405e-9820-9e5ffe664d0f,2025-06-01 12:57:41
7279038d-9aa5-42b0-a5dd-1ca79c6f7ee6,f79eb589-b643-4032-a2cb-fbb5c7580795,2025-06-01 13:13:35
6a4a8744-e750-43a6-a31e-afe380a6ba3b,669f107a-7760-4164-a541-5d08cdf23b48,2025-06-01 13:17:49
9e7ab1be-d3f9-49a9-82c3-42f849d86325,c9208d90-11a5-4359-903a-110a9932c3c4,2025-06-01 12:46:45
131532a3-f730-4b23-a046-d9b4b5287729,72299144-7f45-427d-b5ba-def1f43dc6bf,2025-06-01 14:02:37
8214dfd6-48ee-4fed-be4b-b23ec58f8494,1ea10f97-1b77-4c55-860f-ec5b264241ed,2025-06-01 13:04:46
f9278060-ee25-4a7d-a41e-4b3ffce5e356,3e208872-3a68-4bf0-ba98-dd3f9e7b19ee,2025-06-01 12:56:51
91f0224b-1d8d-49aa-b174-fb7037644924,621183f5-cec5-4631-9667-3f6a2483176a,2025-06-01 14:06:15
b399b17a-05f7-4428-8154-5aa5d00e43d1,44164694-294f-4d9a-ba4c-07ab82a8bad7,2025-06-01 13:55:31
6071fc50-6ba2-487c-998d-95d5c19c999e,da0d2e58-8a60-4912-8c2e-f7bc485c4184,2025-06-01 12:48:55
7cae08ed-0e8d-41e6-ad0f-87f75856e215,3de39576-115b-4594-bccb-4e9da2989205,2025-06-01 16:15:54
0a8a7ff2-e997-4618-889c-2fb81111f870,d7b8b4e0-b55e-4d54-802c-214cf99bd4c2,2025-06-01 15:09:28
80c40d92-156d-4591-a49b-19a108f2c261,28cac081-6b49-4cdc-96d7-ad39d6020d50,2025-06-01 13:54:06
a6a0bfd5-0d95-4150-b2bb-d182e3267459,737550bf-7af1-4ada-b9eb-c02bbd5e3f31,2025-06-01 15:46:00
3982ac21-609e-4fdf-ad78-6ffd732b258a,0ac8da38-c462-4513-8303-a70f2802745c,2025-06-01 12:53:11
b368318e-012b-4055-9573-7de06700247c,1f547725-5b54-4820-9014-073af64adeab,2025-06-01 13:23:23
88ff17d4-b815-47cc-9e5c-78ff4e11620e,42fae98a-f912-4586-a946-53b2223442de,2025-06-01 13:50:03
f7bedf21-e0da-479a-8000-9a447d645d34,d8cc46b9-56e9-42b9-9d82-5d7b4217950f,2025-06-01 13:54:13
9d47788b-3049-45e7-9750-eaedd4bfce02,38a38794-11d3-498f-922f-efc5497e4265,2025-06-01 13:04:56
99b38311-d6ea-41a2-91c4-6fca592f72f9,a290e85b-0d85-4f3b-ac7c-9e05bce4b617,2025-06-01 12:59:32
0b1f869f-8d4f-4877-a935-0e36c2747340,fb49883f-6990-4c73-8640-09935809f934,2025-06-01 14:02:25
62197d2f-4619-42d4-8665-5a0897eb64e2,b58933d9-6482-4705-ade9-5e4161b359fb,2025-06-01 13:20:43
a5ce8815-5aaf-40f9-8647-c2d2e3345ab1,3e2dd4ea-05d7-4cb1-ba71-75f25b73425f,2025-06-01 12:56:06
a4b58c42-4e70-494d-8b45-e38d41628416,5e906e78-6a5b-465e-b556-3a7b39e5727e,2025-06-01 13:40:24
d781d511-559f-46d0-891a-4637c5d2ae25,2cce8b23-c916-4e85-95cd-e531a7d588d3,2025-06-01 12:46:41
5e3eccfd-809c-4e2e-b565-e72000db3912,e7d322fe-3d55-4fec-a312-9714237e3c22,2025-06-01 12:56:09
081d5161-6237-49ca-adb0-8c7e00f8e9a1,ca756d00-d101-441e-af09-b1cd3090786a,2025-06-01 15:05:42
c5c0980c-5e60-4aed-b802-1c3c97b2c1cc,d7b8b4e0-b55e-4d54-802c-214cf99bd4c2,2025-06-01 14:30:26
e0dae560-a12c-4d02-b786-a30943dc9337,2cce8b23-c916-4e85-95cd-e531a7d588d3,2025-06-01 12:48:07
01c7b51c-2064-4129-8a51-9a8d7493ddc3,03157aec-5309-4014-b96d-46507e3af9ba,2025-06-01 14:57:34
52e0ff41-6ad2-4e2f-941c-7d9f6607b4b9,03403f99-4594-42fd-8db3-a993a81d5355,2025-06-01 16:08:17
a902ed1e-12d9-43e4-b37c-62533d9c6972,1e9629ae-c64a-445e-a785-17952770aca7,2025-06-01 13:04:01
6db75dd2-49d2-4360-9d61-7db2e8295dff,63203cfe-c8c3-40cd-953c-aa2db95f157f,2025-06-01 14:03:28
4afd3aa7-a19b-41cb-87a0-a39e76103c44,3265092d-1ff5-4e5b-8e7d-8a6c677051ce,2025-06-01 14:30:26
5fc3064a-70fc-47a3-9272-e280cebac6a8,80b814a3-aa50-46fd-b84e-2751758f0c2d,2025-06-01 12:50:55
05cfecde-9f4f-4640-bf55-e8aa94e4cd5b,1884f9e2-6a02-421f-8ad6-586a1830f19f,2025-06-01 12:58:19
f7932526-0539-4e97-a919-d213e1a1e9bd,8986ab06-022d-4721-9a7c-28f7bbad1ff3,2025-06-01 13:40:07
9c709e74-6547-4ed1-bce1-9d8460c4879d,0b920274-b972-4cc1-af32-096dafdd7730,2025-06-01 12:53:10
812c11d5-e127-4c1b-ba80-a1d880d3463e,1884f9e2-6a02-421f-8ad6-586a1830f19f,2025-06-01 13:25:55
37b9e389-351c-426c-b27a-1e4ea8c7a497,c9208d90-11a5-4359-903a-110a9932c3c4,2025-06-01 12:49:45
14990415-db62-4e06-b133-69e051cd1740,d846ce64-93b0-478c-8f76-88696e75fa82,2025-06-01 15:01:07
9a2748da-1136-4acd-a7f8-a13190d2eaa2,cc320736-001b-4d42-b5c9-9779f104f531,2025-06-01 13:43:26
baa30319-895f-4cb9-af5c-b403cda19267,28cac081-6b49-4cdc-96d7-ad39d6020d50,2025-06-01 13:30:02
87810c45-a97e-4d69-9cbb-ec408704d09c,1fb363cb-fc9a-4228-bfa6-2004cc000f9c,2025-06-01 12:59:39
145e83bb-be23-49b5-b57a-6aba6d59a899,a85aa546-674f-43d9-a0e2-e2d2086ea7d2,2025-06-01 12:59:46
60bd84d6-7890-448a-9c09-73d560b03920,9da05340-c6ec-4f27-9d3d-760a8c7e98f4,2025-06-01 15:03:13
70c0bf82-efbf-4c31-a593-e33b32396474,3e2dd4ea-05d7-4cb1-ba71-75f25b73425f,2025-06-01 12:47:59
52a4e7bc-69dd-4bec-8b94-2af82b2c0dc5,da0d2e58-8a60-4912-8c2e-f7bc485c4184,2025-06-01 13:00:45
ce411acf-5a2d-4392-98b1-99928c910b09,a733375e-9d7d-4717-b521-a567f9bafb4c,2025-06-01 12:51:58
17e3f92a-fa8e-48bd-aeec-e784fdef7059,b59867d1-5e23-4913-9289-38aa93cdde2b,2025-06-01 13:22:25
5a52cec5-4467-4879-b349-8c9f8ee842e1,da0d2e58-8a60-4912-8c2e-f7bc485c4184,2025-06-01 13:08:39
8568e30a-26ff-4515-98ec-6e27c4f5435d,e9a1acca-629c-4dfd-9d6d-28f3ac1e7eb6,2025-06-01 13:30:48
024d062c-3659-437b-90cf-502f720e5ec3,d846ce64-93b0-478c-8f76-88696e75fa82,2025-06-01 15:11:10
8cedd789-1096-4b7c-a557-3dab1a226413,72299144-7f45-427d-b5ba-def1f43dc6bf,2025-06-01 12:57:18
0fb23bc7-308c-439f-8aea-5a6f54dd1591,69f86150-6269-47c1-9a0f-a8a28ecb3aa9,2025-06-01 13:37:44
a6316355-1964-468d-ab40-89945a031db2,0443954e-2483-4851-8bb6-06e7d5e56498,2025-06-01 13:34:18
340a4d2f-0c60-4600-9782-f92c29d47612,c4611704-dc76-4711-898f-7a94585c7030,2025-06-01 13:21:54
b20ea122-1325-438d-a1fe-995d2fb8f43b,4b1daa12-65dc-44ab-9cdf-dc8a81495bb5,2025-06-01 14:35:16
d1da1c5b-6ee9-4aaf-a870-8bc845cfcc18,03403f99-4594-42fd-8db3-a993a81d5355,2025-06-01 15:21:04
d0803778-0488-42f6-a9f2-830ebe8aebb3,a733375e-9d7d-4717-b521-a567f9bafb4c,2025-06-01 12:58:07
ecf88239-2aba-41e4-aa7b-47c58ce38c84,b443fde6-c6a0-43b1-b316-928d09397634,2025-06-01 16:57:08
7afb644a-fd39-4b3d-8d80-d42f2fa2406a,80b814a3-aa50-46fd-b84e-2751758f0c2d,2025-06-01 13:02:30
1a88d4e0-b0ca-4e2c-be23-ac6d413a2c06,2a5e596b-47c5-4744-964b-0f39df075ac0,2025-06-01 13:22:43
a661d5c3-fb61-4274-96e8-393d1ff757f1,03157aec-5309-4014-b96d-46507e3af9ba,2025-06-01 14:22:09
d4cc2c7b-88d7-409c-b09a-b866c6546d5d,1ea10f97-1b77-4c55-860f-ec5b264241ed,2025-06-01 12:57:31
598453bd-6dc4-4467-9143-cf0162225168,72299144-7f45-427d-b5ba-def1f43dc6bf,2025-06-01 13:54:52
2b520edb-c566-44df-ac5b-34d7d6b628e9,0ac8da38-c462-4513-8303-a70f2802745c,2025-06-01 14:17:02
2fea1500-09f7-4a04-b05d-692a4e408a2e,94d02c41-74b0-43a0-8f32-b12185f36692,2025-06-01 12:57:44
6046a826-14d5-44fa-92e7-4c9be44e38e8,cb2adea2-1f1f-4fd3-8685-8b7078930052,2025-06-01 17:35:09
d3533fdc-d324-4d9c-9bb3-7d689d204507,e26214ee-5b11-49f7-a61c-3a6b12cac236,2025-06-01 13:41:40
e25c6ea2-2729-4c6f-ba98-b44513dd91f3,45c78082-82e1-4b6a-b352-2de8175d9492,2025-06-01 14:47:23
07faf2f2-d8c4-43d6-8b1e-918043195785,41355efe-596f-407d-ae53-3f13e7917f8f,2025-06-01 12:47:06
ab9e289d-de0c-4907-a2c2-e58c5254c9b3,ddd811ba-7d3e-46ba-9b14-b24ee52efd4e,2025-06-01 13:04:46
6ea1a088-50d7-408b-a2b2-b8fa09716e10,f6b87911-6cf3-4508-8092-12a0f9ce6842,2025-06-01 13:51:19
8af094d9-e9a8-4131-ba17-5ffdbbef7762,1a470f31-7dbc-411f-a050-9f0fcf429e0b,2025-06-01 13:32:57
e9d6680a-3251-4da8-b8ce-b5ed57a086c2,c09f4945-a62a-4cf3-b079-bcb022dd88dd,2025-06-01 12:58:43
bbf6f9c5-e176-4139-abbe-bf92c4537baf,e7d322fe-3d55-4fec-a312-9714237e3c22,2025-06-01 14:26:42
a8f310b1-311c-4ee7-88d5-4014db4990dc,e9a1acca-629c-4dfd-9d6d-28f3ac1e7eb6,2025-06-01 13:03:13
550d2e19-c002-47a3-bf21-7e29885b3ede,6051d03f-61cc-47eb-a08f-4d3ddcb42e4d,2025-06-01 14:27:05
5b2d7234-4e81-41cc-87c4-e954003fb340,42fae98a-f912-4586-a946-53b2223442de,2025-06-01 13:41:12
cd4cfc13-84f8-43e4-842b-0a977611b890,5167ab81-1777-4fa2-bd8d-6ef9ceb7f201,2025-06-01 12:47:41
50b54c83-1c52-4fb4-9dcb-7fafc424cefa,69f86150-6269-47c1-9a0f-a8a28ecb3aa9,2025-06-01 13:11:20
69516b7a-3216-43fa-9764-64948c49fb46,0443954e-2483-4851-8bb6-06e7d5e56498,2025-06-01 14:02:42
bd929a43-a65e-4602-88fe-8197c495fb6c,e4ca55d0-6d46-4380-b6f6-22b1800fb978,2025-06-01 13:06:02
45708821-bd2a-4984-8799-843e5c8509a0,cc1ee70c-f611-417e-a839-96f02d7485b7,2025-06-01 12:55:40
b76cdac6-81cb-40f8-9167-03580af00d2d,03157aec-5309-4014-b96d-46507e3af9ba,2025-06-01 14:07:48
c810227e-e0d7-4b84-9a5c-c892d8d0b3db,f9453ffe-2407-442a-ad3a-7fbc7229b70d,2025-06-01 13:39:36
7424f629-0549-4171-929e-125ec5e7cb86,1884f9e2-6a02-421f-8ad6-586a1830f19f,2025-06-01 13:40:50
e6bb2386-a333-4f4a-9c2b-22a935bf6dd1,6d19f7d4-eeef-4073-90b2-c13247537dd6,2025-06-01 13:05:13
a118b084-0160-48a0-86c6-b42c5d608920,3e208872-3a68-4bf0-ba98-dd3f9e7b19ee,2025-06-01 12:57:37
bb424c62-37dd-4f25-8a11-13dead85e886,3e2dd4ea-05d7-4cb1-ba71-75f25b73425f,2025-06-01 12:53:23
ccd672ae-4679-49ea-9381-d386dc8173c3,8986ab06-022d-4721-9a7c-28f7bbad1ff3,2025-06-01 12:49:51
801e9a4c-9d44-4699-9518-485cf33050ea,a290e85b-0d85-4f3b-ac7c-9e05bce4b617,2025-06-01 13:29:58
5b94a680-d864-4c5f-a484-51184380298e,aa256690-ebf0-4c25-b232-820ee0a50ed8,2025-06-01 12:54:11
8aea17ce-3246-44f7-8a38-e27c2e8321a4,fda15702-8f93-4196-99a8-63c04cc01227,2025-06-01 12:52:28
317dbe2f-9c20-48b3-89be-33fcd8fe80a7,384f014b-f356-4e3e-a496-53a8a5ff77df,2025-06-01 13:12:34
41571f6c-c667-44eb-816b-13457ed4fe6c,a733375e-9d7d-4717-b521-a567f9bafb4c,2025-06-01 13:02:25
0bbde514-fa83-4157-a967-c84e3d8d9acc,22c5f375-6ef6-41b9-b8ee-489feedf6ab5,2025-06-01 13:16:56
319834f6-e478-4eb2-9dfb-76fbd6a93ca7,e9a1acca-629c-4dfd-9d6d-28f3ac1e7eb6,2025-06-01 14:37:15
4d60ae49-b6ef-42da-9f83-2be2a3aace45,c77cc163-2e69-4f52-87e9-e5680aedecdc,2025-06-01 13:02:00
190fe1ab-35e8-43d5-8f5a-e647691c571f,5167ab81-1777-4fa2-bd8d-6ef9ceb7f201,2025-06-01 12:56:59
7d7ac347-901e-49da-a4ee-f7fa763a10a4,e26214ee-5b11-49f7-a61c-3a6b12cac236,2025-06-01 13:19:29
a0fd5f90-6eb8-41b7-92b8-30815e00efac,34b157a1-0e1b-4b47-83c8-dee8ed890ccc,2025-06-01 13:05:00
211fda2d-95b0-403e-a31d-f2b95422373d,a965ab84-1f20-4946-b2d9-7cd4ee178902,2025-06-01 15:41:36
0f4438c8-5388-4c25-a8a9-b83ced529085,6e915e52-2050-42c8-a921-ed484b9733b7,2025-06-01 14:10:39
5e7f68bf-8e68-4cf8-917f-83fd737b23de,dcd4cc02-a21f-484c-aa3a-70411e35002b,2025-06-01 13:04:15
d0b5b642-3eae-454e-a95e-4dec8217d690,62b56c89-efc5-4c6f-a447-b3e2b20fbed5,2025-06-01 14:34:15
27104e29-5500-4349-b78b-e4baaf43377b,7b46c097-c79d-4330-8d2b-dcd652c2949d,2025-06-01 14:58:36
a7da415c-b331-44b1-8c77-452334be171f,4b1daa12-65dc-44ab-9cdf-dc8a81495bb5,2025-06-01 12:59:17
55ee123b-78de-4143-a854-7ea7056bf7ac,cc1ee70c-f611-417e-a839-96f02d7485b7,2025-06-01 12:47:08
dc6511bd-f547-46a1-9101-874cd8263950,ca756d00-d101-441e-af09-b1cd3090786a,2025-06-01 13:12:15
1c053dba-37df-4270-8203-5b98eaf817d4,eeb31ce2-7b45-42c5-a010-7c3b2841b691,2025-06-01 13:50:55
1a582786-9790-4ff2-a5be-a67a979c24c5,cccfa349-b8fb-4a04-8b92-b486722aadf3,2025-06-01 12:53:45
964fae14-a8da-486e-be43-ed9e52f14e4c,0b920274-b972-4cc1-af32-096dafdd7730,2025-06-01 13:06:52
715713f2-41db-4d97-ada7-21c027d7b497,1884f9e2-6a02-421f-8ad6-586a1830f19f,2025-06-01 13:02:52
9696d616-2961-4e8b-8bf8-1c32765bc20e,0b920274-b972-4cc1-af32-096dafdd7730,2025-06-01 13:12:36
f26eb8c5-8df9-4098-8ab6-cc97d5ccc160,cccfa349-b8fb-4a04-8b92-b486722aadf3,2025-06-01 15:16:26
1b3b3178-b6c3-4deb-a279-b30de4c05fe3,f56ae789-40fa-448f-a9f1-01fd496459b3,2025-06-01 13:51:21
2f1a45e1-98bc-4f32-a259-668580609000,a85aa546-674f-43d9-a0e2-e2d2086ea7d2,2025-06-01 13:27:03
628b65c8-ac1f-42fe-82ab-c60a5d4c562e,1e98bcb9-4340-4769-9f06-cd52a8ece242,2025-06-01 13:55:39
b6aab006-fd4d-412a-9b3d-a7b61dc5163d,737550bf-7af1-4ada-b9eb-c02bbd5e3f31,2025-06-01 16:18:51
c038b820-45dd-4fa5-aa8f-da1a96ad7424,1bd734a2-990d-4cec-89df-2a0346e73e0c,2025-06-01 12:54:25
8b7bbb8f-ccde-4b7a-b7d7-3ef2932a098a,d7b8b4e0-b55e-4d54-802c-214cf99bd4c2,2025-06-01 12:54:22
3e9ecf0e-1182-48e0-93d2-0526bd2fe801,3de39576-115b-4594-bccb-4e9da2989205,2025-06-01 14:57:17
ffc3ed2d-672b-4c55-8777-27a2e495b2df,621183f5-cec5-4631-9667-3f6a2483176a,2025-06-01 15:46:47
704e5df5-371b-426e-985e-64b25f749593,dcd4cc02-a21f-484c-aa3a-70411e35002b,2025-06-01 12:50:57
cbdd94c1-3c1a-4d56-a5ac-7a9d4614f74f,69f86150-6269-47c1-9a0f-a8a28ecb3aa9,2025-06-01 13:25:08
3de1cd29-3068-4658-8f52-0572bb741ddc,64bec424-1ca0-4689-9e05-5cb90dd5fc0a,2025-06-01 13:26:43
38659e12-4d76-41c1-b3f0-2c93dc017471,7366e751-f5cc-4f63-bb0f-058de431aa26,2025-06-01 13:49:06
9cf1c5a9-03a9-4314-ac90-9bd5a520cc29,a290e85b-0d85-4f3b-ac7c-9e05bce4b617,2025-06-01 12:47:05
de67ebae-2d37-41c3-80ce-9db53c58f631,94d02c41-74b0-43a0-8f32-b12185f36692,2025-06-01 12:55:10
2816c816-da1c-419b-9519-e81d833abb79,835ff689-2df7-4728-a495-97ba332ae01f,2025-06-01 13:21:03
5493de7b-88c7-4505-98e1-96ef9ca42bb6,f79eb589-b643-4032-a2cb-fbb5c7580795,2025-06-01 13:41:43
830ae549-abf1-4a38-944a-2fe6369dade2,d7b8b4e0-b55e-4d54-802c-214cf99bd4c2,2025-06-01 13:46:55
885630f0-e74e-4fa9-abf4-141025e722ec,1e98bcb9-4340-4769-9f06-cd52a8ece242,2025-06-01 13:15:02
54126308-7e53-4439-aa3b-8844dbf1c960,69f86150-6269-47c1-9a0f-a8a28ecb3aa9,2025-06-01 14:19:22
ca6763c8-8d3a-4523-a604-c7fb4d0ea5c9,a98056a4-a6c3-4de3-b77b-eb396daeb788,2025-06-01 12:57:14
14e07cc6-386d-4867-b04b-c8eb94df92b6,0d6f44b4-3039-446d-aa40-a714077e815a,2025-06-01 14:03:08
f1838f82-5ae5-42d9-87fe-7b1495c4b025,e7c2eddc-458e-49b8-8982-4c679a1cf08e,2025-06-01 13:33:57
9c35429f-2b83-49f1-8740-3cab5e441303,2a5e596b-47c5-4744-964b-0f39df075ac0,2025-06-01 13:45:14
30414f0d-9af4-41eb-b155-baebef621edd,36f86f9e-eb9c-441e-bd95-75ac77fa8120,2025-06-01 15:32:37
f7e1349d-ceb5-47e0-acf5-15453ed6cfad,f4cae2ed-2ab8-4345-9839-a026bc4ea567,2025-06-01 12:50:45
9dcc1935-b1a1-4750-9210-c83d640aa0d1,9aa09fee-c165-4259-8153-7bdd2b95fd82,2025-06-01 13:24:36
ad4e2591-fe73-40dd-98b1-e53271c487bf,e4ca55d0-6d46-4380-b6f6-22b1800fb978,2025-06-01 12:49:38
615c6872-7e4c-40bd-952b-e9aab3eed8f3,86c4e236-3870-4c25-a264-0563552a041d,2025-06-01 13:25:53
051b0bc6-689c-44ba-b027-010cddfdfc90,e9a1acca-629c-4dfd-9d6d-28f3ac1e7eb6,2025-06-01 13:18:06
bc134f66-f9ae-4fd4-ad9e-14efd38ca473,22c5f375-6ef6-41b9-b8ee-489feedf6ab5,2025-06-01 15:29:11
5ac9f380-21b5-4ab1-973e-60e76ee5a751,a733375e-9d7d-4717-b521-a567f9bafb4c,2025-06-01 13:00:11
c9bcd98e-1c6d-4947-a567-48ab4491befd,a98056a4-a6c3-4de3-b77b-eb396daeb788,2025-06-01 13:03:25
ff9098ef-9b5f-4df8-9a83-011ef7db3da8,8986ab06-022d-4721-9a7c-28f7bbad1ff3,2025-06-01 13:57:59
cfc7e1fc-0958-4322-b320-78871c829169,94d02c41-74b0-43a0-8f32-b12185f36692,2025-06-01 12:49:21
24867406-a4bb-45ae-a64d-87db6075e659,529a5dec-755e-4620-947e-0b884d7cba82,2025-06-01 15:21:36
ab738f40-67f9-471e-bc06-7821f255261d,dcd4cc02-a21f-484c-aa3a-70411e35002b,2025-06-01 12:47:28
902beadd-afd0-42fe-8404-6dbced749ef0,e9a1acca-629c-4dfd-9d6d-28f3ac1e7eb6,2025-06-01 13:44:36
ca0a13c1-2eb4-4a68-8a95-3c5a407dc3bf,1ea10f97-1b77-4c55-860f-ec5b264241ed,2025-06-01 13:12:47
52afeb44-4ea0-47f2-b5d2-d7d26c4d5760,313d7c52-ec71-4251-b838-95859da08a12,2025-06-01 16:37:13
21899e3d-c6cf-46ed-bf99-a5a8bcee9ab6,aa256690-ebf0-4c25-b232-820ee0a50ed8,2025-06-01 12:48:41
a067a12c-7244-4a16-a606-e6743a69df1b,7366e751-f5cc-4f63-bb0f-058de431aa26,2025-06-01 13:36:46
c5169f7b-bbeb-494f-bb0e-698876da7e83,c8cfef3f-db13-4d9b-8168-fea9f8e115d3,2025-06-01 13:35:12
f11054b5-3af9-461f-a117-f011a8f7a2dc,835ff689-2df7-4728-a495-97ba332ae01f,2025-06-01 12:58:02
7eaa8065-1811-401a-8b34-9f9d6cc449a4,a290e85b-0d85-4f3b-ac7c-9e05bce4b617,2025-06-01 13:07:29
c02c6061-4c08-41f9-9d7c-5f005cacce2e,669f107a-7760-4164-a541-5d08cdf23b48,2025-06-01 13:53:30
62928215-cba6-4f60-916e-f3a638017855,8986ab06-022d-4721-9a7c-28f7bbad1ff3,2025-06-01 14:05:14
1287fc0f-6d48-4cf1-8f88-1fe2c93d4d95,ddd811ba-7d3e-46ba-9b14-b24ee52efd4e,2025-06-01 15:01:22
8e833b68-a305-4196-90ca-04f2ce435e9b,28cac081-6b49-4cdc-96d7-ad39d6020d50,2025-06-01 14:32:09
bfe36b62-2494-4b87-82f2-c8eb747a25ac,5ae29783-0f26-43ac-acb8-87c89fa6becb,2025-06-01 13:19:29
3a1b38a5-249d-4b84-9182-d73b575c0f5f,529a5dec-755e-4620-947e-0b884d7cba82,2025-06-01 12:56:23
1c50ed57-7659-40ae-a495-da074f156274,e4ca55d0-6d46-4380-b6f6-22b1800fb978,2025-06-01 13:01:06
c8a74edb-bf03-4501-b073-6689c96b52ef,3e2dd4ea-05d7-4cb1-ba71-75f25b73425f,2025-06-01 12:52:41
ce645497-b9e9-42bf-af27-4acf91866b49,5e906e78-6a5b-465e-b556-3a7b39e5727e,2025-06-01 13:36:06
0df2345e-2953-4635-8765-f63b7b84da2e,631229ef-5ccd-4662-8f8d-45ff00fb1f92,2025-06-01 13:02:59
d017cb10-74dd-41a8-85d9-dccfc40591a4,f4cae2ed-2ab8-4345-9839-a026bc4ea567,2025-06-01 12:58:23
8136cae2-0380-4f7f-8cb6-44bc27a1f009,d8c69674-42c6-4321-bf27-9687c0cebf8c,2025-06-01 14:11:55
91e9c9b7-7b19-4db0-aff4-3eea6c52aec3,c4611704-dc76-4711-898f-7a94585c7030,2025-06-01 13:30:32
71863c64-bc0b-44f8-b8e6-fdac29a35401,0443954e-2483-4851-8bb6-06e7d5e56498,2025-06-01 13:24:41
401d5b93-9f8b-4ae5-a59e-b4c3f6c1455c,2d77734e-259e-4377-87f5-2e17a3ad85cd,2025-06-01 16:10:22
eac36350-3f7f-412d-bccd-ebbb5682b4b5,da3d9a2b-6cc2-4392-912d-e8c84afe3eba,2025-06-01 13:20:33
c5629e19-76b8-46cc-84db-a72ae022fabd,1e9629ae-c64a-445e-a785-17952770aca7,2025-06-01 13:52:20
429be69d-c152-4330-b7db-e8ac61a9ab72,69f86150-6269-47c1-9a0f-a8a28ecb3aa9,2025-06-01 13:27:45
4562bfbc-3b7a-4834-9460-dc974ef6252a,02f8da86-1a40-4283-830e-d8adc05a2d83,2025-06-01 14:20:43
fc1b4e44-fbb5-4c4e-b8ac-6bb2ba9fe300,6404f6be-177f-42e1-b8ef-d921a58be6ca,2025-06-01 13:37:19
0ce22fff-3b9c-4b81-82ce-798f94a6bb85,f9453ffe-2407-442a-ad3a-7fbc7229b70d,2025-06-01 13:43:37
472a8b92-57bc-407e-9948-e6e23878ff24,2cce8b23-c916-4e85-95cd-e531a7d588d3,2025-06-01 12:47:46
eebf5961-cd07-44a9-a2e1-e29c1ff3fd7b,3e2dd4ea-05d7-4cb1-ba71-75f25b73425f,2025-06-01 12:49:40
eea2e36b-f63b-4b72-af1a-6ff9c10e7f90,38a38794-11d3-498f-922f-efc5497e4265,2025-06-01 13:46:02
2dd4f2e6-b8db-46c5-bf53-102875bae273,fb49883f-6990-4c73-8640-09935809f934,2025-06-01 14:21:01
d9a29d2d-ec53-4588-beda-d0654eae76cf,a462f46d-315b-46e8-9e0e-c0af512d1bc9,2025-06-01 13:34:22
321d384d-16af-4348-ba90-d013be9a65f4,dcd4cc02-a21f-484c-aa3a-70411e35002b,2025-06-01 12:52:09
b02f42f5-3c5e-4862-b0e4-8a8ac9bd0194,cc1ee70c-f611-417e-a839-96f02d7485b7,2025-06-01 12:51:26
72625f9c-3c3d-40ea-99ac-3b4b7b1b17a5,f4cae2ed-2ab8-4345-9839-a026bc4ea567,2025-06-01 12:52:31
87103631-ea10-47bb-97a8-d6a68653ef0a,41355efe-596f-407d-ae53-3f13e7917f8f,2025-06-01 12:46:32
dbd08a0e-e9de-47cd-8ef8-6b68268c66a6,0b920274-b972-4cc1-af32-096dafdd7730,2025-06-01 12:49:30
5baf2c14-65a0-49f0-a31b-f9e88276e36e,04caf706-0f38-49c7-8e33-ca74a0cf8497,2025-06-01 14:53:18
8cd75809-65ea-461c-b6fb-b116a7298d42,1bd734a2-990d-4cec-89df-2a0346e73e0c,2025-06-01 12:50:54
930dfb2b-5df1-4a9a-adfa-ddb18aebf816,e4ca55d0-6d46-4380-b6f6-22b1800fb978,2025-06-01 13:01:50
d048ca30-bc96-4c89-b922-468431985968,a965ab84-1f20-4946-b2d9-7cd4ee178902,2025-06-01 14:18:44
9a61a5ed-ba35-4864-a84a-861fb4b70643,d7b8b4e0-b55e-4d54-802c-214cf99bd4c2,2025-06-01 13:39:06
cb688d7b-935e-4f95-b013-0e09ab5735c3,41355efe-596f-407d-ae53-3f13e7917f8f,2025-06-01 12:47:16
d7afca17-03c4-4385-b652-38074e395567,072c5d20-4282-4d06-a14b-896eb61e4f80,2025-06-01 13:36:45
9fb32341-344e-4491-9fc1-80e70e648760,3de39576-115b-4594-bccb-4e9da2989205,2025-06-01 14:13:42
5021eb2d-f377-4285-bb95-bbf3a1c4cc7a,dcd4cc02-a21f-484c-aa3a-70411e35002b,2025-06-01 12:49:14
1ba5d8f8-d07b-495a-bd50-5c6d407412ab,72299144-7f45-427d-b5ba-def1f43dc6bf,2025-06-01 12:54:49
2dbe5319-2f01-44cf-8a42-3299c5fba2b6,41355efe-596f-407d-ae53-3f13e7917f8f,2025-06-01 12:46:57
01a06fb7-cf79-429d-b8d2-c9ad178c6d23,64bec424-1ca0-4689-9e05-5cb90dd5fc0a,2025-06-01 12:47:49
18e739bc-bc0c-426a-9d18-ee21347a2246,384f014b-f356-4e3e-a496-53a8a5ff77df,2025-06-01 13:03:02
e845701f-98d6-40a9-9aed-41108fb0a325,622f2168-e0b3-4003-bdca-0e48826c83f5,2025-06-01 13:21:40
9629c6c0-afed-4c0d-b919-94ed448dd73e,d16fa1ac-439a-46e8-8f7f-248ccea87627,2025-06-01 13:05:13
7eb29f53-0103-499e-b3a2-3add83b1fd40,95dedc51-6f47-43e8-a3df-f495ddd6d09f,2025-06-01 13:35:40
869d22c3-6e20-44a9-bf99-5a50ff4f6d51,1e98bcb9-4340-4769-9f06-cd52a8ece242,2025-06-01 13:23:46
c0933698-1df0-46e7-abac-15d1ac0d10da,669f107a-7760-4164-a541-5d08cdf23b48,2025-06-01 14:17:27
efca15e1-ffa9-4916-af3f-d2f2afd9ec63,4db456fe-903a-4860-afcb-5b87c995aa4d,2025-06-01 15:11:49
dd1f0fc6-c024-4150-9920-cce79a6adfb0,f4cae2ed-2ab8-4345-9839-a026bc4ea567,2025-06-01 12:58:45
bcb6e78e-e115-407e-9141-160990484be5,f6b87911-6cf3-4508-8092-12a0f9ce6842,2025-06-01 13:54:01
b6f7170c-d21c-40d5-b830-7c566c130ed3,2cce8b23-c916-4e85-95cd-e531a7d588d3,2025-06-01 12:48:10
6b04d79b-b786-48da-88ea-3edec50f97ff,1178a705-ce26-4166-9558-5d07851cbe29,2025-06-01 12:56:29
cdf02c89-0af8-475b-aee7-29fe111bafe6,66c3b531-f79c-497c-86af-9c2003f019a4,2025-06-01 13:36:44
eb978fc8-a428-4676-8d62-c39ccad36052,a733375e-9d7d-4717-b521-a567f9bafb4c,2025-06-01 12:46:53
4268158b-21a5-4af1-8577-e1e246db446f,dcd4cc02-a21f-484c-aa3a-70411e35002b,2025-06-01 13:20:52
9c9a752c-bb18-45d5-aebb-f0cf08bf963f,aa256690-ebf0-4c25-b232-820ee0a50ed8,2025-06-01 12:51:38
5c054ddd-76f5-461a-87d3-fb3044609a2d,621183f5-cec5-4631-9667-3f6a2483176a,2025-06-01 15:54:45
58dc6675-b4f4-489f-a63b-e08e18be776e,c44b4112-b0ee-41b7-ad4b-ab3c98a81cde,2025-06-01 12:55:30
08531f94-1169-4c49-a907-da447617b018,7366e751-f5cc-4f63-bb0f-058de431aa26,2025-06-01 13:40:31
0e22fb12-7d80-498d-be77-73fd32da6c57,1e98bcb9-4340-4769-9f06-cd52a8ece242,2025-06-01 13:35:31
e6ffc651-f552-4033-a7f6-0d5ce407bea8,3e208872-3a68-4bf0-ba98-dd3f9e7b19ee,2025-06-01 12:52:18
d65c9515-7584-4cc8-a72c-31d68f11d65f,45c78082-82e1-4b6a-b352-2de8175d9492,2025-06-01 16:55:36
fb59ffb0-3f8a-4424-be61-a289d3b7ac37,f9453ffe-2407-442a-ad3a-7fbc7229b70d,2025-06-01 14:09:57
2cec8552-0c94-4f1e-a1c1-7c18c08bea6c,c77cc163-2e69-4f52-87e9-e5680aedecdc,2025-06-01 13:00:59
319b0a32-ac33-4fb6-96ec-717e262b3146,835ff689-2df7-4728-a495-97ba332ae01f,2025-06-01 13:07:47
19b26865-42ae-4760-966c-0564042882f5,e26214ee-5b11-49f7-a61c-3a6b12cac236,2025-06-01 14:06:27
065b0bad-f1f1-451b-a868-1b31e00a6da8,c44b4112-b0ee-41b7-ad4b-ab3c98a81cde,2025-06-01 13:03:03
9720a54c-fa2e-4606-81d6-5855f34125aa,f9453ffe-2407-442a-ad3a-7fbc7229b70d,2025-06-01 14:17:24
279db47e-eb73-424e-9fcc-08f233b688d4,aa256690-ebf0-4c25-b232-820ee0a50ed8,2025-06-01 12:47:02
59f831b3-8e8f-4a1f-af63-8b2aa97213f6,fb49883f-6990-4c73-8640-09935809f934,2025-06-01 14:00:44
b67b9c7f-105d-437d-9382-476600d41f63,4b1daa12-65dc-44ab-9cdf-dc8a81495bb5,2025-06-01 13:47:33
15c9e5ae-86a3-43cc-bff1-e02603412a56,e4ca55d0-6d46-4380-b6f6-22b1800fb978,2025-06-01 13:06:16
14800873-f20a-4374-8a7b-eef788f6b348,f5a75de6-73ea-45cf-b7ca-3c0febf215cf,2025-06-01 14:04:06
7825c78e-c90a-4c34-a90e-585844c421e9,c44b4112-b0ee-41b7-ad4b-ab3c98a81cde,2025-06-01 13:15:06
55690daa-0db5-4cd2-ad2d-25e3851ea75b,1884f9e2-6a02-421f-8ad6-586a1830f19f,2025-06-01 12:52:53
70a916ff-7abd-44cc-81eb-7762586ec92a,41355efe-596f-407d-ae53-3f13e7917f8f,2025-06-01 12:46:26
7ca887a9-74eb-4d70-84c3-53479036427e,3e208872-3a68-4bf0-ba98-dd3f9e7b19ee,2025-06-01 12:50:03
d28de562-be8e-4816-9c1b-383b74a1ef40,dcd4cc02-a21f-484c-aa3a-70411e35002b,2025-06-01 13:18:47
8fb2f973-e6f8-4df2-9afc-db5f27dbc9d7,a98056a4-a6c3-4de3-b77b-eb396daeb788,2025-06-01 12:54:21
43931733-7d8e-4a6d-b9af-20dbe11a8613,7b93fe37-b7e5-40c0-92f1-58508ad5fd0c,2025-06-01 13:14:07
c9ab0dba-980a-4a8a-8cce-3be7833f7ac5,1bd734a2-990d-4cec-89df-2a0346e73e0c,2025-06-01 12:49:57
42930268-7bd7-4152-9bcb-e66eb6e67db6,60e9d58b-ed3a-456a-8d6f-3f751d5ecdf0,2025-06-01 13:44:25
035cd037-9ce8-46b3-958f-8f041dc72bfe,c77cc163-2e69-4f52-87e9-e5680aedecdc,2025-06-01 12:47:49
b3821695-0f7d-4ac1-9cdc-177d5fffb0fb,da0d2e58-8a60-4912-8c2e-f7bc485c4184,2025-06-01 13:17:05
483be835-e13f-4daf-8b0f-852b445a6076,cc320736-001b-4d42-b5c9-9779f104f531,2025-06-01 14:05:51
3b82e666-c6c6-482d-abbd-1f629e06d3bd,6a6a8654-6272-453f-9682-076c1a3c35cd,2025-06-01 14:53:40
1ab6de07-aa52-4be4-9d93-e64dda6788af,1bd734a2-990d-4cec-89df-2a0346e73e0c,2025-06-01 12:50:31
4803a879-ae4c-44ea-851c-72ad72edbf85,0159e3c1-271e-4196-a425-ad35066f9108,2025-06-01 15:34:34
cb063821-ea14-4d6f-9ad5-ffa90f162107,529a5dec-755e-4620-947e-0b884d7cba82,2025-06-01 16:09:48
d691895c-3dff-4787-a52d-9f00488887af,cc1ee70c-f611-417e-a839-96f02d7485b7,2025-06-01 12:54:24
c5d18c42-66b4-41b6-96a0-e0ff0a029651,6d19f7d4-eeef-4073-90b2-c13247537dd6,2025-06-01 12:50:01
433c4d97-167c-4939-af4e-5bf36221af12,d8cc46b9-56e9-42b9-9d82-5d7b4217950f,2025-06-01 13:21:30
d28f807b-e69c-44bb-b70a-701fce316202,04caf706-0f38-49c7-8e33-ca74a0cf8497,2025-06-01 13:05:23
4f2f5219-70fa-466a-9d36-22f7fc477117,7b46c097-c79d-4330-8d2b-dcd652c2949d,2025-06-01 14:47:26
3ac4c448-86fc-4b50-b6cb-203b83d60fa2,eeb31ce2-7b45-42c5-a010-7c3b2841b691,2025-06-01 12:53:32
df72b9ae-641e-475f-81a3-39a0184eb796,94d02c41-74b0-43a0-8f32-b12185f36692,2025-06-01 12:52:08
a39a8fae-c417-4ad3-8fa5-b232554eb1a1,02f8da86-1a40-4283-830e-d8adc05a2d83,2025-06-01 12:47:04
5d23b445-9b1c-4236-8de6-f973632def89,072c5d20-4282-4d06-a14b-896eb61e4f80,2025-06-01 13:30:39
d4a09035-7385-49e0-9d56-d7a46f2b3c10,669f107a-7760-4164-a541-5d08cdf23b48,2025-06-01 12:54:00
fe3e38d2-8ba6-4324-bc9d-415d82747196,80b814a3-aa50-46fd-b84e-2751758f0c2d,2025-06-01 13:00:46
f3ffd3e4-db4d-4b5d-bea1-246e6803de0b,a733375e-9d7d-4717-b521-a567f9bafb4c,2025-06-01 12:59:19
b669e169-d78c-46f2-a0b6-fb0767ee3c1c,1f547725-5b54-4820-9014-073af64adeab,2025-06-01 12:51:00
37c214e4-a870-4712-bc19-bd02087ef767,0d6f44b4-3039-446d-aa40-a714077e815a,2025-06-01 13:40:31
a7e01b18-74c7-4872-97ff-401e262ba244,fda15702-8f93-4196-99a8-63c04cc01227,2025-06-01 14:49:16
126ead84-244e-4c1b-a406-6c1398fae8c8,61a2d1d3-97be-4a6d-8e0e-0737aea227cd,2025-06-01 14:22:50
3c44bde4-b9ef-4e32-9fb0-7d1904a5073a,3e208872-3a68-4bf0-ba98-dd3f9e7b19ee,2025-06-01 12:49:30
1463b0af-29f0-4092-90fc-20049aa3a016,0b920274-b972-4cc1-af32-096dafdd7730,2025-06-01 12:54:17
02bd265d-2936-4bf4-b897-7000c561f82d,c77cc163-2e69-4f52-87e9-e5680aedecdc,2025-06-01 13:08:51
de36be05-3ea0-410d-a307-e75c17019d93,e4ca55d0-6d46-4380-b6f6-22b1800fb978,2025-06-01 13:04:18
3766f0dd-a70f-45ca-bd54-b1ebffff6c12,c09f4945-a62a-4cf3-b079-bcb022dd88dd,2025-06-01 13:16:28
f8271023-f7fc-46a4-a48f-9cb96627bb2e,aa8e9bc4-d797-4062-b0c9-286b57211754,2025-06-01 13:37:48
b410e098-c0e5-4008-839c-f0fadc2c7a1f,a85aa546-674f-43d9-a0e2-e2d2086ea7d2,2025-06-01 12:52:09
af28e31a-a809-42ee-83a0-00131f9f0664,cccfa349-b8fb-4a04-8b92-b486722aadf3,2025-06-01 14:51:32
9afb6504-edd8-4ba2-a8af-0d3799bbc490,f79eb589-b643-4032-a2cb-fbb5c7580795,2025-06-01 13:02:19
e25e64e4-5baf-4ee6-b9a1-fe834b581568,0b920274-b972-4cc1-af32-096dafdd7730,2025-06-01 13:01:46
071130d1-a56c-4399-b18b-1d2f8397d9cb,cc1ee70c-f611-417e-a839-96f02d7485b7,2025-06-01 13:02:11
3ea81172-f2c3-426a-ae98-117ae259b697,80b814a3-aa50-46fd-b84e-2751758f0c2d,2025-06-01 12:59:33
e6a72554-fd85-40f4-8bcf-0e1e0330ca65,9aa09fee-c165-4259-8153-7bdd2b95fd82,2025-06-01 13:08:38
e07431dc-4cdb-4310-ba1f-a096ec557a4c,a965ab84-1f20-4946-b2d9-7cd4ee178902,2025-06-01 16:41:10
79ba21ec-bb2c-4c6e-addf-1fc5588a98cc,6404f6be-177f-42e1-b8ef-d921a58be6ca,2025-06-01 13:45:02
387629cf-be51-4bf3-b384-74396a2298c0,835ff689-2df7-4728-a495-97ba332ae01f,2025-06-01 13:25:38
04a160cb-989e-49a3-8553-cb1007579a82,072c5d20-4282-4d06-a14b-896eb61e4f80,2025-06-01 13:08:50
b4bd45e3-741f-4991-98dd-668eaf6df3cb,41355efe-596f-407d-ae53-3f13e7917f8f,2025-06-01 12:46:58
31f2f3b4-5ed2-4ce7-946d-460e369e9617,36902a2f-66bb-4286-9114-8c9baa43761b,2025-06-01 12:51:03
b367134a-51db-4afe-b811-03b7d2741779,c44b4112-b0ee-41b7-ad4b-ab3c98a81cde,2025-06-01 13:08:43
3f6308e0-6799-4980-bfb2-6877df1b68be,bd381a26-47de-4fea-a096-3ab5e576d356,2025-06-01 14:00:45
3a55f93f-bea3-41f5-9182-b6a7dc419626,e2148fff-722b-446f-b422-ecd567409a61,2025-06-01 12:54:27
d3f3d7a2-e669-4f51-b4e0-7eb7157cc7d5,3cec12a2-f74e-4dd5-963a-721919edd205,2025-06-01 15:31:35
e6d7c1e5-048f-47b0-b8cd-47ac49dbc881,0443954e-2483-4851-8bb6-06e7d5e56498,2025-06-01 13:17:25
731530d6-c8d0-474a-a79a-1fc00ae54462,2cce8b23-c916-4e85-95cd-e531a7d588d3,2025-06-01 12:47:21
2ea51fe0-cf32-480b-a60f-cc75fa046c46,825ecf81-83c8-41b8-89fc-a92dff5b117d,2025-06-01 13:27:07
f793b531-5b4d-4491-bc35-ade7412e1cfb,cc1ee70c-f611-417e-a839-96f02d7485b7,2025-06-01 12:54:14
f2167cdd-0c90-4e05-ab94-6e0776b88e20,02f8da86-1a40-4283-830e-d8adc05a2d83,2025-06-01 13:54:11
cb0e2d5c-dc48-488e-9dd4-3f04cdbc09f4,b58933d9-6482-4705-ade9-5e4161b359fb,2025-06-01 12:46:40
16058663-6067-4db6-83fb-dca4916b39f6,384ce50b-01e8-48ae-882d-10f1d287db55,2025-06-01 15:43:04
cc3978b8-fd95-48ac-9259-e3605d25a2b0,9bb50b15-bfc4-4089-a5b3-73ef003265cf,2025-06-01 12:57:55
acfbd900-5abc-42e0-94db-55b79bd7698f,622f2168-e0b3-4003-bdca-0e48826c83f5,2025-06-01 16:11:46
7dc862b2-03b7-46ee-a4aa-e4ec497f668c,825ecf81-83c8-41b8-89fc-a92dff5b117d,2025-06-01 14:19:14
d7903cb4-0b64-4c89-87f2-5cb6769e1c0d,2a5e596b-47c5-4744-964b-0f39df075ac0,2025-06-01 13:18:23
a73f493a-6a5e-48b2-86b3-baf161e85096,835ff689-2df7-4728-a495-97ba332ae01f,2025-06-01 13:29:37
0a83af55-1dc9-4323-a86e-132bab8bf10e,1ea10f97-1b77-4c55-860f-ec5b264241ed,2025-06-01 12:58:42
79212657-6541-4580-ba71-f2db86024851,7b46c097-c79d-4330-8d2b-dcd652c2949d,2025-06-01 15:32:57
fbaeb8ea-9974-4210-abd4-5c46f86d06b6,f6b87911-6cf3-4508-8092-12a0f9ce6842,2025-06-01 14:05:14
a038b48f-6bd3-4bd4-892b-010d7d213f35,1bd734a2-990d-4cec-89df-2a0346e73e0c,2025-06-01 12:56:25
a961c283-9dd7-4ed9-a598-74d44aeda3d3,41355efe-596f-407d-ae53-3f13e7917f8f,2025-06-01 12:48:16
e0028a4f-5034-436e-ad92-4ff28c832e36,286da99b-e4c2-47ca-8c27-29f120ce34f6,2025-06-01 15:01:55
53ef7211-e391-4c6a-9a0e-3dc76095d899,a462f46d-315b-46e8-9e0e-c0af512d1bc9,2025-06-01 15:09:04
da297bdc-8fe7-4cd0-b73a-702cfe799cd1,62b56c89-efc5-4c6f-a447-b3e2b20fbed5,2025-06-01 15:07:15
8b4ddd6d-8e29-49d0-8b21-cf36d3c33f02,0443954e-2483-4851-8bb6-06e7d5e56498,2025-06-01 14:07:28
0ebe0aed-28a7-4d91-bafc-e3131fdba943,d8c69674-42c6-4321-bf27-9687c0cebf8c,2025-06-01 14:46:51
12d24652-3e5e-44cf-b14f-9b113a40006e,24bf661a-5dca-453f-8635-e1610e37cd6f,2025-06-01 12:49:07
b5a0a0dc-63f6-4cb3-88de-fe4d78a8bdd1,3de39576-115b-4594-bccb-4e9da2989205,2025-06-01 14:47:53
3de77652-2fbb-413f-b4dd-4e376a0bf984,4db456fe-903a-4860-afcb-5b87c995aa4d,2025-06-01 13:21:13
524e258a-a114-4027-9be6-060a6d0da7b9,42fae98a-f912-4586-a946-53b2223442de,2025-06-01 14:30:44
560daa1f-b4d1-4afc-b3bd-30da08d07eb2,0b920274-b972-4cc1-af32-096dafdd7730,2025-06-01 13:21:56
b9a0a867-97ae-4e88-bc34-f691543d5174,9aa09fee-c165-4259-8153-7bdd2b95fd82,2025-06-01 13:24:06
eec9de52-6b15-4cef-944a-00612bef9018,2cce8b23-c916-4e85-95cd-e531a7d588d3,2025-06-01 12:46:41
4c931f60-e68b-4ef9-abc1-ef7f7f680eaf,3e208872-3a68-4bf0-ba98-dd3f9e7b19ee,2025-06-01 13:03:14
6d691540-3159-4f1a-9f18-9a6ee43cb116,69f86150-6269-47c1-9a0f-a8a28ecb3aa9,2025-06-01 12:46:30
e9565cfd-ef3e-4563-b0e8-d8e38156eeb4,fbaf337f-d338-46e9-aef6-25d3970145e0,2025-06-01 15:47:44
7b16e1ab-e79e-4514-a99c-63e0a63610b5,614d9bed-d87f-460c-9684-d0dd2ee1063a,2025-06-01 16:31:43
97c43148-2db2-44a4-bc8e-97dda24461d8,2cce8b23-c916-4e85-95cd-e531a7d588d3,2025-06-01 12:48:17
6e272c4a-92ef-4fff-8b22-cba165b49539,3265092d-1ff5-4e5b-8e7d-8a6c677051ce,2025-06-01 15:20:24
f51caf71-efb8-4999-a463-8819ab1f6bfc,6e915e52-2050-42c8-a921-ed484b9733b7,2025-06-01 13:45:44
27a20600-d263-4611-9f4b-dd291e52b089,22c5f375-6ef6-41b9-b8ee-489feedf6ab5,2025-06-01 14:38:18
cff51c79-0013-4565-807d-6265e3d00146,28cac081-6b49-4cdc-96d7-ad39d6020d50,2025-06-01 13:29:25
43c94e8f-aa4e-496a-b94a-c125c24de601,1ea10f97-1b77-4c55-860f-ec5b264241ed,2025-06-01 13:18:54
812c37a2-bbf6-4890-8ca3-6045855c5f4f,cc320736-001b-4d42-b5c9-9779f104f531,2025-06-01 13:05:35
8da8319d-1526-45f1-b89f-8c064bf5c941,0159e3c1-271e-4196-a425-ad35066f9108,2025-06-01 13:41:29
4d5dc296-04bd-4fbe-af55-cf77d799a5fb,835ff689-2df7-4728-a495-97ba332ae01f,2025-06-01 13:03:03
f59a4f82-e153-40f7-a61b-14d04a1c0bc8,3e2dd4ea-05d7-4cb1-ba71-75f25b73425f,2025-06-01 12:49:36
aa6a9dd0-417c-484d-b3f9-bcf591e40a56,e0e0dded-8eeb-4f4d-b8c6-6b155a1056e5,2025-06-01 13:01:55
c80dae79-a989-4a93-beae-535953e30443,80b814a3-aa50-46fd-b84e-2751758f0c2d,2025-06-01 12:57:09
b4f171d6-18ad-4e12-84cb-2c524d19a8dc,63203cfe-c8c3-40cd-953c-aa2db95f157f,2025-06-01 14:19:39
1a81dda5-ead4-41ff-b0f7-db7dcf84b185,3e2dd4ea-05d7-4cb1-ba71-75f25b73425f,2025-06-01 12:55:29
0b38ef93-9e5e-4c8f-b3c1-7177b43e472f,9aa09fee-c165-4259-8153-7bdd2b95fd82,2025-06-01 12:57:02
8d6112f6-ed4e-49e0-80a1-1ebdb531c9af,5e906e78-6a5b-465e-b556-3a7b39e5727e,2025-06-01 13:40:42
d8ce95bb-b797-4a2a-8f9d-87af3b609029,a98056a4-a6c3-4de3-b77b-eb396daeb788,2025-06-01 13:49:45
8785c4ab-cf8b-4dd9-953a-f669fdee70c8,9e511160-68b4-4b42-8d21-c53ca08e59ca,2025-06-01 13:59:45
671543dd-c7bf-4c53-904c-2cde6ed356e8,529a5dec-755e-4620-947e-0b884d7cba82,2025-06-01 14:05:49
fa6d1dc5-a8d9-4b4a-96e7-92d19c0f7fd9,3e2dd4ea-05d7-4cb1-ba71-75f25b73425f,2025-06-01 12:48:04
6f76d230-a233-41e7-b246-52c2e7656109,2a5e596b-47c5-4744-964b-0f39df075ac0,2025-06-01 12:47:46
c6bd5dee-7ddc-4be6-adf7-39679ff41be0,3e208872-3a68-4bf0-ba98-dd3f9e7b19ee,2025-06-01 12:48:16
8a55bd80-856d-49c2-af39-ee692adce351,62b56c89-efc5-4c6f-a447-b3e2b20fbed5,2025-06-01 15:44:51
90849f5a-79e4-4667-a263-419d55a2cd21,34b157a1-0e1b-4b47-83c8-dee8ed890ccc,2025-06-01 12:56:53
f0bb4ab6-799a-4184-9af4-6bba9b951cfe,4db456fe-903a-4860-afcb-5b87c995aa4d,2025-06-01 14:18:45
bb481289-57f6-44da-9f64-b523b8d98b51,f79eb589-b643-4032-a2cb-fbb5c7580795,2025-06-01 13:25:19
3e2710c2-e97a-4cea-8b9f-5ceddc8299c9,38a38794-11d3-498f-922f-efc5497e4265,2025-06-01 13:20:57
3ba8541c-016b-415d-8ad7-8b10bf9f7294,3e208872-3a68-4bf0-ba98-dd3f9e7b19ee,2025-06-01 12:48:02
97b0a4b5-951f-4434-8f63-0bab4e653a0b,e2148fff-722b-446f-b422-ecd567409a61,2025-06-01 12:48:00
da6da1ce-5108-4f27-911d-45d2e7b2bdaa,9e511160-68b4-4b42-8d21-c53ca08e59ca,2025-06-01 13:34:22
e943e393-03d2-469c-9df1-049789c1c1ef,2d77734e-259e-4377-87f5-2e17a3ad85cd,2025-06-01 13:39:50
a9d07713-d2dc-433e-9aa7-ea79bf43b58c,e2148fff-722b-446f-b422-ecd567409a61,2025-06-01 12:55:57
fdf3a2c5-aa92-4dd7-9765-e626e781d02e,36902a2f-66bb-4286-9114-8c9baa43761b,2025-06-01 12:54:42
478bf2b8-4c8e-49d4-896e-12130a902721,7366e751-f5cc-4f63-bb0f-058de431aa26,2025-06-01 13:13:55
32b2d70c-3783-425f-8774-8b20d2acc720,a733375e-9d7d-4717-b521-a567f9bafb4c,2025-06-01 12:54:36
22fa2b83-f9f2-4d1c-a16f-a2733a1483eb,3e2dd4ea-05d7-4cb1-ba71-75f25b73425f,2025-06-01 12:51:28
7351492b-a6bb-4aef-aac7-a6fea58cbee1,c8cfef3f-db13-4d9b-8168-fea9f8e115d3,2025-06-01 12:59:57
8c923a9e-48a4-458e-a110-4bb00547fe6c,c4611704-dc76-4711-898f-7a94585c7030,2025-06-01 13:28:45
d5741e6a-285f-4a73-9374-a6d6622fa2d8,a85aa546-674f-43d9-a0e2-e2d2086ea7d2,2025-06-01 13:03:21
c46c40f7-8b33-4569-9a2a-dbf6e155a5c3,0b920274-b972-4cc1-af32-096dafdd7730,2025-06-01 12:54:44
cadd64e9-27f2-49b0-b749-2acf6f1772e5,22c5f375-6ef6-41b9-b8ee-489feedf6ab5,2025-06-01 15:35:01
0c7d7e0a-e97a-456c-8b14-11eee8579e99,2a5e596b-47c5-4744-964b-0f39df075ac0,2025-06-01 13:00:00
1a7add5d-9acd-42b2-9703-711c97095c6d,f4cae2ed-2ab8-4345-9839-a026bc4ea567,2025-06-01 12:55:14
89eafac1-50be-45b1-8954-6a5a6edbd280,825ecf81-83c8-41b8-89fc-a92dff5b117d,2025-06-01 13:04:43
59ea44fb-74f5-4754-a0c5-2f44d551efd5,86c4e236-3870-4c25-a264-0563552a041d,2025-06-01 13:19:33
7dbf7191-e2c2-401c-ad02-f376e35a6bad,c4611704-dc76-4711-898f-7a94585c7030,2025-06-01 12:54:13
26acc93a-eea9-48b7-ada7-246b17ba8f62,24bf661a-5dca-453f-8635-e1610e37cd6f,2025-06-01 13:22:36
2325bbfb-9cf4-4101-843f-24df4ad8400e,9bb50b15-bfc4-4089-a5b3-73ef003265cf,2025-06-01 13:40:08
95dab7f4-d1ac-49d9-9b75-f0bc8b5dc8fb,d846ce64-93b0-478c-8f76-88696e75fa82,2025-06-01 13:47:47
8837ed75-a852-4fbc-bc6d-c24a65b309c7,60e9d58b-ed3a-456a-8d6f-3f751d5ecdf0,2025-06-01 16:09:28
6be924d6-7255-4fb2-a9d4-a12e2d48ac27,61a2d1d3-97be-4a6d-8e0e-0737aea227cd,2025-06-01 13:15:22
3e88330b-f47d-43b0-91d6-b92de347d7f6,6d19f7d4-eeef-4073-90b2-c13247537dd6,2025-06-01 13:17:02
9420676a-5b7a-44e4-8c3a-d1bd35c1812a,cc320736-001b-4d42-b5c9-9779f104f531,2025-06-01 12:49:45
f6e368e7-9c52-4c8e-a029-08a6fae2f70e,a85aa546-674f-43d9-a0e2-e2d2086ea7d2,2025-06-01 12:53:33
987491c0-eee5-4cb2-9bba-5a0a211a8b3a,c77cc163-2e69-4f52-87e9-e5680aedecdc,2025-06-01 13:03:05
52a90d4c-1912-4743-a112-d8f5bb1f08f6,e0e0dded-8eeb-4f4d-b8c6-6b155a1056e5,2025-06-01 12:56:42
bbd9d609-220a-4fe1-8c3b-fce61a204ba5,9bb50b15-bfc4-4089-a5b3-73ef003265cf,2025-06-01 12:47:26
8f7e1d45-f79a-4833-ba57-4831adc9ea02,41355efe-596f-407d-ae53-3f13e7917f8f,2025-06-01 12:49:01
1bc20ebb-a488-42f2-91cf-abcc383fa76c,5167ab81-1777-4fa2-bd8d-6ef9ceb7f201,2025-06-01 13:07:47
8299aa65-4932-45f2-92a0-b73a07dbfe33,f4cae2ed-2ab8-4345-9839-a026bc4ea567,2025-06-01 12:57:27
f0a2168d-eb2d-4cd6-95d0-239f0ba880e4,2cce8b23-c916-4e85-95cd-e531a7d588d3,2025-06-01 12:48:16
76464034-2c9a-4f1f-b147-a07e2d332b2e,621183f5-cec5-4631-9667-3f6a2483176a,2025-06-01 14:17:01
cdd9ff72-16ff-422e-9f92-f863d68d8dd7,c77cc163-2e69-4f52-87e9-e5680aedecdc,2025-06-01 12:58:02
7cd154c5-a0af-43ab-98cd-a2bbd2cf1aa6,a85aa546-674f-43d9-a0e2-e2d2086ea7d2,2025-06-01 13:00:51
54748eb2-7c0c-48c8-b0a6-aece654ba085,c77cc163-2e69-4f52-87e9-e5680aedecdc,2025-06-01 12:47:07
42a32732-5499-48e1-aba8-0512105c58b7,072c5d20-4282-4d06-a14b-896eb61e4f80,2025-06-01 13:15:24
b6d921f5-d33d-4b30-b888-12c6eed55a42,6404f6be-177f-42e1-b8ef-d921a58be6ca,2025-06-01 13:32:11
2fb302c3-08d8-4e40-83cf-27408e5953aa,64bec424-1ca0-4689-9e05-5cb90dd5fc0a,2025-06-01 13:09:51
d3ae48b4-a4c8-4b1f-8ee8-adf0879ff74c,64bec424-1ca0-4689-9e05-5cb90dd5fc0a,2025-06-01 12:50:25
3cc1f4d6-3977-4d34-b967-983cf8d519ce,1e98bcb9-4340-4769-9f06-cd52a8ece242,2025-06-01 13:08:43
80146514-5213-4f60-95fe-9d46384568d5,c44b4112-b0ee-41b7-ad4b-ab3c98a81cde,2025-06-01 12:57:44
36ea4a79-0923-4624-9888-8073448b5fce,355a3a23-3b08-445c-9135-73b1d3a55bbd,2025-06-01 13:38:27
c2bbaf8d-0b36-411c-9623-cc5935fea2a4,69ae5244-eb11-4ee6-9e11-369979ac9b49,2025-06-01 14:23:02
997cfc9a-86e9-44de-984f-34259070491a,e7c2eddc-458e-49b8-8982-4c679a1cf08e,2025-06-01 13:48:17
80187403-1c14-45f5-a31a-fc0c40781fa8,44164694-294f-4d9a-ba4c-07ab82a8bad7,2025-06-01 13:43:26
9498d39a-7bd2-44ed-bf52-520f53d41974,69f86150-6269-47c1-9a0f-a8a28ecb3aa9,2025-06-01 14:14:46
3cfe3ace-59a2-41f7-8e47-1da160eaccf2,cc320736-001b-4d42-b5c9-9779f104f531,2025-06-01 13:07:34
ab3599c0-04f3-471b-ba14-39766ff9790b,bd381a26-47de-4fea-a096-3ab5e576d356,2025-06-01 12:50:23
c5968635-4b55-4d34-bd44-3bc9e501eab6,fb49883f-6990-4c73-8640-09935809f934,2025-06-01 13:12:17
4c3f48b8-bec1-4368-8721-5cecdb2d0c64,fbaf337f-d338-46e9-aef6-25d3970145e0,2025-06-01 14:08:19
f6aa6e82-4111-44f0-9937-daac1b9d4233,da3d9a2b-6cc2-4392-912d-e8c84afe3eba,2025-06-01 14:49:12
a12b378b-dc66-405b-b292-8f3955d1845b,e2148fff-722b-446f-b422-ecd567409a61,2025-06-01 12:59:34
ef4d7f3e-3c0e-44e4-8244-74b9d97a6ae4,6e915e52-2050-42c8-a921-ed484b9733b7,2025-06-01 14:42:25
dc155cb8-4d25-4575-af88-1e119b3be40e,9e511160-68b4-4b42-8d21-c53ca08e59ca,2025-06-01 13:13:06
4d334b86-3fca-4ff3-abad-611ee13c60d6,44164694-294f-4d9a-ba4c-07ab82a8bad7,2025-06-01 15:02:02
30066b83-2fe2-4f84-b928-50d90916ca17,d8cc46b9-56e9-42b9-9d82-5d7b4217950f,2025-06-01 13:22:33
d93cfcc4-52ee-48c4-a2a1-cd3c010890fa,b58933d9-6482-4705-ade9-5e4161b359fb,2025-06-01 12:59:42
7f5472ab-3b00-4f40-bc4a-08e9b957747a,3e208872-3a68-4bf0-ba98-dd3f9e7b19ee,2025-06-01 13:02:56
6d0a057f-3c04-49a7-80de-110bbe9776c7,aa256690-ebf0-4c25-b232-820ee0a50ed8,2025-06-01 12:48:40
c55d4169-ca98-4a5b-a201-e37da3520f89,41355efe-596f-407d-ae53-3f13e7917f8f,2025-06-01 12:46:27
d6954eeb-cef8-4f75-90a5-0cae4f2f5e8a,aa256690-ebf0-4c25-b232-820ee0a50ed8,2025-06-01 12:51:34
0ec0db7f-8d15-49bb-ba7d-5d25a557a0cb,34b157a1-0e1b-4b47-83c8-dee8ed890ccc,2025-06-01 12:46:33
dbafb482-25ba-4387-a952-388f477f9f6c,e2148fff-722b-446f-b422-ecd567409a61,2025-06-01 12:49:15
c6b64991-f707-4ab5-a5cd-837a3de981d4,4db456fe-903a-4860-afcb-5b87c995aa4d,2025-06-01 14:43:52
240e3c06-7707-4e15-99a5-763d938b6327,cc320736-001b-4d42-b5c9-9779f104f531,2025-06-01 13:32:38
e530a473-a68f-4318-bfa2-65c2f5c72939,94d02c41-74b0-43a0-8f32-b12185f36692,2025-06-01 12:56:34
fcd4916f-70ff-4b70-b951-1713aed00ae9,fbaf337f-d338-46e9-aef6-25d3970145e0,2025-06-01 14:56:46
246f559a-2869-42ad-9fcc-a2aa9415561b,e2148fff-722b-446f-b422-ecd567409a61,2025-06-01 12:48:25
b254ab63-cdda-4bfe-8179-9de13c7d0a4e,6051d03f-61cc-47eb-a08f-4d3ddcb42e4d,2025-06-01 14:16:28
7b6b73f2-159e-49fe-9538-c15d1b05f075,fda15702-8f93-4196-99a8-63c04cc01227,2025-06-01 15:21:59
0dfbd3c9-529e-4bdd-aab9-8684d4956c1d,3e2dd4ea-05d7-4cb1-ba71-75f25b73425f,2025-06-01 12:53:28
9b57dae6-55f6-4182-b861-f2e605e307ce,3e208872-3a68-4bf0-ba98-dd3f9e7b19ee,2025-06-01 12:46:41
4a8e8eb7-be18-4016-ac38-920711b996e4,86c4e236-3870-4c25-a264-0563552a041d,2025-06-01 12:50:14
ea503887-06c3-4322-a837-a6e9b222854b,41355efe-596f-407d-ae53-3f13e7917f8f,2025-06-01 12:46:28
f5916d7b-76e2-4d94-be94-da1944f8ed43,36902a2f-66bb-4286-9114-8c9baa43761b,2025-06-01 12:56:57
8effa5f8-ac2a-4f65-aaaf-4ed8ce173883,42fae98a-f912-4586-a946-53b2223442de,2025-06-01 14:30:14
2872e7e8-b023-413b-90a9-b85b92644315,bd381a26-47de-4fea-a096-3ab5e576d356,2025-06-01 15:02:14
65b8d561-f31e-45ce-ac1c-584f0dbe6bcc,f9453ffe-2407-442a-ad3a-7fbc7229b70d,2025-06-01 14:29:43
c639aab5-2106-4b58-ad79-c9825f1a31ce,e0e0dded-8eeb-4f4d-b8c6-6b155a1056e5,2025-06-01 12:49:11
76537c43-f5f7-49fc-b48d-3cc7a2bc5a14,3e2dd4ea-05d7-4cb1-ba71-75f25b73425f,2025-06-01 12:56:39
c27c0477-4afd-4f71-b1ef-4f27dd371578,835ff689-2df7-4728-a495-97ba332ae01f,2025-06-01 12:48:51
54dae116-4eaf-4650-9e89-ccfbac7f7b5c,b58933d9-6482-4705-ade9-5e4161b359fb,2025-06-01 13:06:11
43889296-28da-4624-ae14-8c4916755c43,3cec12a2-f74e-4dd5-963a-721919edd205,2025-06-01 16:35:50
01f89ca9-338c-4978-8db3-9e1ff0cb6818,1f547725-5b54-4820-9014-073af64adeab,2025-06-01 13:01:37
803b3a85-c290-40fb-a8dd-135065cef325,9bb50b15-bfc4-4089-a5b3-73ef003265cf,2025-06-01 14:05:20
db99330c-3e55-46c0-9f8d-4944d11f95f0,3e208872-3a68-4bf0-ba98-dd3f9e7b19ee,2025-06-01 12:58:45
3e83311a-6a0b-47a5-9497-9405bf470fa1,2a5e596b-47c5-4744-964b-0f39df075ac0,2025-06-01 13:25:56
07963f4e-0af5-41e1-bb27-32ea086fbb2b,e26214ee-5b11-49f7-a61c-3a6b12cac236,2025-06-01 13:12:44
42e9829c-4630-4ecc-9cdc-b4919a5dbee3,da0d2e58-8a60-4912-8c2e-f7bc485c4184,2025-06-01 13:02:15
fa4e5274-adb7-44c0-bc52-81cbe1ce0091,da0d2e58-8a60-4912-8c2e-f7bc485c4184,2025-06-01 12:57:25
5f3e2aca-97fb-4f31-8001-b4154b4b48f8,2d77734e-259e-4377-87f5-2e17a3ad85cd,2025-06-01 13:36:08
dfd860d0-5972-4639-becf-63393fa356f2,2cce8b23-c916-4e85-95cd-e531a7d588d3,2025-06-01 12:47:23
f93e36c4-a01e-4617-b42f-88d1dfc30676,86c4e236-3870-4c25-a264-0563552a041d,2025-06-01 13:48:54
baabc9ac-e74e-409e-bbd0-fd8958a0465f,825ecf81-83c8-41b8-89fc-a92dff5b117d,2025-06-01 14:35:17
b630ff1b-dad4-4ba6-8a17-a457ea1f8ba8,c77cc163-2e69-4f52-87e9-e5680aedecdc,2025-06-01 12:50:04
0143320b-99f6-4c31-9c18-dc0a57b7810c,1a470f31-7dbc-411f-a050-9f0fcf429e0b,2025-06-01 15:43:40
1011f794-aee0-4929-8a6b-29386af18360,36902a2f-66bb-4286-9114-8c9baa43761b,2025-06-01 12:55:05
eff22eb7-e6f9-462d-9e0a-bd32ee46237c,24bf661a-5dca-453f-8635-e1610e37cd6f,2025-06-01 13:21:47
e3436dea-bb03-4e0a-94dd-1c5359cc33ea,f4cae2ed-2ab8-4345-9839-a026bc4ea567,2025-06-01 12:58:00
e8d9932c-84c0-4a24-a63c-a4a42c496719,41355efe-596f-407d-ae53-3f13e7917f8f,2025-06-01 12:46:35
5a4160dc-7d20-47bf-81cc-0f213ef95d09,5538e726-5a2f-4947-b664-807cf813a330,2025-06-01 13:43:57
0b4dd1c0-8145-4a09-a13e-0ec725cc4874,5e906e78-6a5b-465e-b556-3a7b39e5727e,2025-06-01 12:50:36
444ae59f-49fc-403a-9298-e72b7263791b,384ce50b-01e8-48ae-882d-10f1d287db55,2025-06-01 16:00:27
e8f38060-0faf-4e33-8c2b-ec3b9ebb391f,1884f9e2-6a02-421f-8ad6-586a1830f19f,2025-06-01 13:29:05
5d992d81-7797-4186-819e-954d5969c164,4b1daa12-65dc-44ab-9cdf-dc8a81495bb5,2025-06-01 13:11:12
e3d18b2e-0205-4c8e-9e8d-710193d08b24,e0e0dded-8eeb-4f4d-b8c6-6b155a1056e5,2025-06-01 13:15:42
3eaa5581-ab6f-415d-aeb3-2a23840339f8,36902a2f-66bb-4286-9114-8c9baa43761b,2025-06-01 12:53:52
780f772e-a767-4993-822a-bcbd5dbb6af5,da0d2e58-8a60-4912-8c2e-f7bc485c4184,2025-06-01 12:53:49
2c552126-5d17-4052-985f-a1546087ab4f,0d6f44b4-3039-446d-aa40-a714077e815a,2025-06-01 13:01:11
17cca2d9-1f69-4ce9-8ae6-64559b633359,e2148fff-722b-446f-b422-ecd567409a61,2025-06-01 12:54:02
ab7fd527-174a-45ed-a0b2-399cafe1cd51,6051d03f-61cc-47eb-a08f-4d3ddcb42e4d,2025-06-01 14:29:29
e28b1508-de9d-461e-9a05-e18cfd65d397,0159e3c1-271e-4196-a425-ad35066f9108,2025-06-01 13:07:00
f963a27a-d27d-44cd-ab10-c1cb84f84982,0ac8da38-c462-4513-8303-a70f2802745c,2025-06-01 12:48:19
12f804cc-25e6-4b48-b93e-0f6fa63130af,072c5d20-4282-4d06-a14b-896eb61e4f80,2025-06-01 13:41:33
1c98e972-c7bf-451c-aaf6-c4a89f61715a,b58933d9-6482-4705-ade9-5e4161b359fb,2025-06-01 12:57:58
00fd94aa-eb9c-429e-bb95-30d90b55ac79,3e2dd4ea-05d7-4cb1-ba71-75f25b73425f,2025-06-01 12:46:51
25eb19f5-8fc4-42b3-8c9f-90fa8063c6f1,0443954e-2483-4851-8bb6-06e7d5e56498,2025-06-01 13:15:03
2fbaa2ee-3e09-47b0-afac-eaed407f3e12,b58933d9-6482-4705-ade9-5e4161b359fb,2025-06-01 13:18:22
2e746891-360c-4236-9a64-5dc2327f2e0a,072c5d20-4282-4d06-a14b-896eb61e4f80,2025-06-01 13:02:20
7895cafb-186c-422d-9a89-038d8cc57dc6,ca756d00-d101-441e-af09-b1cd3090786a,2025-06-01 13:28:51
9a037ae6-981f-42b5-8c30-7a58157bd542,1a82ecc1-19b6-4d7f-af90-f34236734668,2025-06-01 13:02:25
55cf302d-2dc3-467f-83d1-c6de00a4757b,69ae5244-eb11-4ee6-9e11-369979ac9b49,2025-06-01 14:09:17
0522c65a-ffdf-42cd-8298-343ef3d2fc77,e4ca55d0-6d46-4380-b6f6-22b1800fb978,2025-06-01 13:10:58
a87b9603-2048-4dc9-a819-ef73bd82a63e,f4cae2ed-2ab8-4345-9839-a026bc4ea567,2025-06-01 13:06:27
f8bfe5ec-391b-45cd-aaba-e740fd258bca,69ae5244-eb11-4ee6-9e11-369979ac9b49,2025-06-01 15:46:51
9c6a0081-904e-4b93-bb21-52b64c932456,3cec12a2-f74e-4dd5-963a-721919edd205,2025-06-01 15:13:29
c43a89e6-8afb-4a50-ab0a-cc5a7e62a492,1178a705-ce26-4166-9558-5d07851cbe29,2025-06-01 13:04:14
b2def7ef-6a9d-4abc-8496-94406e8c8637,b58933d9-6482-4705-ade9-5e4161b359fb,2025-06-01 12:55:11
11b601a9-8635-45f1-ad6e-20c45dc977de,a290e85b-0d85-4f3b-ac7c-9e05bce4b617,2025-06-01 13:48:04
f969959c-108a-4ba2-b048-c6006c13e736,a98056a4-a6c3-4de3-b77b-eb396daeb788,2025-06-01 13:47:50
d82b75e6-b9a7-489d-bf06-3ba69cd383c3,f56ae789-40fa-448f-a9f1-01fd496459b3,2025-06-01 16:08:43
8a0249cf-81d4-4324-9390-db1bf5dbd699,fbaf337f-d338-46e9-aef6-25d3970145e0,2025-06-01 14:01:18
7fa34441-65a3-48ea-88d2-46cbcb943220,52b299ca-910e-4a1d-a2cb-20e7d07e50e2,2025-06-01 14:44:42
6df46a80-6718-41ff-aa83-e2703b931e15,28cac081-6b49-4cdc-96d7-ad39d6020d50,2025-06-01 13:44:41
d2c3a2c2-fc07-48ed-92c1-734380958fce,c8cfef3f-db13-4d9b-8168-fea9f8e115d3,2025-06-01 13:27:44
2bbbd383-61c5-47c3-8b72-c7fe67fed9e0,0d6f44b4-3039-446d-aa40-a714077e815a,2025-06-01 13:40:20
e8df0366-04f7-411a-bb35-7abc22866795,64bec424-1ca0-4689-9e05-5cb90dd5fc0a,2025-06-01 12:52:30
51f12d1d-d3f5-485d-8a7c-a1590a97d37d,dcd4cc02-a21f-484c-aa3a-70411e35002b,2025-06-01 13:02:32
318f2e00-9ed5-4e2f-ad38-82d75a6cb849,529a5dec-755e-4620-947e-0b884d7cba82,2025-06-01 13:53:56
c78162f7-e6dc-468c-bf99-bdb670641d10,c4611704-dc76-4711-898f-7a94585c7030,2025-06-01 13:17:41
11f33cde-ca1a-4a20-89db-79fc8cd7bd16,5538e726-5a2f-4947-b664-807cf813a330,2025-06-01 14:11:29
df8d7f2b-5d1e-4fe2-ab99-f5e56202057b,1bd734a2-990d-4cec-89df-2a0346e73e0c,2025-06-01 12:54:07
0f99388f-2e1b-4acd-8a9a-a4a739768efe,da0d2e58-8a60-4912-8c2e-f7bc485c4184,2025-06-01 13:15:51
f11c44ea-a384-4696-838c-fe361b226770,9ca619b7-01d4-4f8a-ae54-f28a5a4fc409,2025-06-01 13:53:19
aa5090f5-9882-444f-afbb-58c354ffb143,da3d9a2b-6cc2-4392-912d-e8c84afe3eba,2025-06-01 14:27:15
fba98390-72b2-4929-9576-0ca6c3b42b43,69ae5244-eb11-4ee6-9e11-369979ac9b49,2025-06-01 13:23:05
dbbe8ca6-95a3-4a9b-8e90-f5d22df8537a,2a5e596b-47c5-4744-964b-0f39df075ac0,2025-06-01 13:18:24
5a331cc3-bddb-4884-acee-2f48cfe8a70f,0d6f44b4-3039-446d-aa40-a714077e815a,2025-06-01 13:38:32
b4075acc-0cc1-45a4-90e1-134f454f29cb,30f5d02d-dc43-4cc8-ab87-874ab0a6dfea,2025-06-01 13:31:47
04358db3-4ba4-4446-bd6f-f0790e06a276,aa256690-ebf0-4c25-b232-820ee0a50ed8,2025-06-01 12:49:16
8a829750-435b-4b62-9668-234dd25f8350,0159e3c1-271e-4196-a425-ad35066f9108,2025-06-01 13:09:48
a2d770c7-eeb5-4fdc-af1a-07a8e4a1f0ad,e2148fff-722b-446f-b422-ecd567409a61,2025-06-01 12:58:50
3d156f44-c5a8-4c60-bd17-63530f29bc91,e4ca55d0-6d46-4380-b6f6-22b1800fb978,2025-06-01 13:17:26
b55b2694-7239-4b35-9b9a-471ab0dd2d38,072c5d20-4282-4d06-a14b-896eb61e4f80,2025-06-01 13:11:46
787b1b71-6559-4fae-8e87-61b1ca718c4f,72299144-7f45-427d-b5ba-def1f43dc6bf,2025-06-01 15:50:39
dec6008b-4076-4138-a6f5-0b552174ba32,b443fde6-c6a0-43b1-b316-928d09397634,2025-06-01 17:18:57
6d1f9838-cc2d-4f21-9f35-1fe1f4fc027e,d16fa1ac-439a-46e8-8f7f-248ccea87627,2025-06-01 12:55:01
4887e01d-e3e7-4adc-a3bb-9d5008c5bed3,5ae29783-0f26-43ac-acb8-87c89fa6becb,2025-06-01 14:09:26
1fcf5ee8-fdc1-4117-9bdb-459d777f2d24,94d02c41-74b0-43a0-8f32-b12185f36692,2025-06-01 12:48:38
64f816de-7acc-43dc-be50-13d4cb90b777,c8cfef3f-db13-4d9b-8168-fea9f8e115d3,2025-06-01 15:08:47
9f36302d-e719-4128-b0b7-0e7fd3b9b95c,cc320736-001b-4d42-b5c9-9779f104f531,2025-06-01 13:18:26
b1b39135-8edc-4bac-9e12-e119422d82c1,ddd811ba-7d3e-46ba-9b14-b24ee52efd4e,2025-06-01 13:54:02
dd5bb757-e2c8-4f88-bb6d-c059c71bfd65,614d9bed-d87f-460c-9684-d0dd2ee1063a,2025-06-01 15:49:08
1c4dafd1-f5f1-4e81-98bb-a224b64384e7,b58933d9-6482-4705-ade9-5e4161b359fb,2025-06-01 13:17:15
55b62acd-a00d-4d05-ad82-246049aacceb,c3e80f23-aa02-4d49-975f-36d24148b610,2025-06-01 13:14:33
952e8211-51a6-407b-9569-1e417028c735,86c4e236-3870-4c25-a264-0563552a041d,2025-06-01 13:08:31
1ae8079b-cd6c-4845-a2e9-7e76bae918db,80b814a3-aa50-46fd-b84e-2751758f0c2d,2025-06-01 12:54:53
71f75f94-7b54-4814-ada5-e5ddb69aeee4,f79eb589-b643-4032-a2cb-fbb5c7580795,2025-06-01 12:57:44
6430ceb8-7c62-43bf-b1e7-e5b366aefd00,eefd5f89-c446-491d-9b32-3936e899f0cb,2025-06-01 14:53:28
57a9bcde-090f-491e-a203-eaeedca80b64,622f2168-e0b3-4003-bdca-0e48826c83f5,2025-06-01 14:30:40
8bcae644-6ebd-47fe-81c5-b2873f77cd3a,6051d03f-61cc-47eb-a08f-4d3ddcb42e4d,2025-06-01 14:40:34
3c385e97-325b-4252-b9ce-41bfc0c062ca,36902a2f-66bb-4286-9114-8c9baa43761b,2025-06-01 12:58:15
a78d0ed9-7f99-4c30-b5c5-18fe0f7c4fda,64bec424-1ca0-4689-9e05-5cb90dd5fc0a,2025-06-01 13:36:55
5e428dba-c76e-4916-be24-e9cd07fce57e,aa256690-ebf0-4c25-b232-820ee0a50ed8,2025-06-01 12:48:39
55f12072-95ba-481d-87d7-2e9cac7a8b20,c4611704-dc76-4711-898f-7a94585c7030,2025-06-01 12:49:23
5ee0ed2a-05fb-4fa1-825f-efa3361173e9,669f107a-7760-4164-a541-5d08cdf23b48,2025-06-01 15:20:24
2797ecb1-a570-4499-80fd-ce4bde2a3046,87136a80-48dc-4395-9553-d606dfa025c7,2025-06-01 15:10:30
13f49b67-9e35-4caf-8bf2-f8649770481e,80b814a3-aa50-46fd-b84e-2751758f0c2d,2025-06-01 13:08:03
a5a632c1-ce1d-4071-92f8-223028ee5dbe,a85aa546-674f-43d9-a0e2-e2d2086ea7d2,2025-06-01 12:52:03
2d2e23c8-608e-4da9-adfc-38d94e825ed0,825ecf81-83c8-41b8-89fc-a92dff5b117d,2025-06-01 13:23:49
728b57bc-a4ea-4705-91b6-aefd80963609,86c4e236-3870-4c25-a264-0563552a041d,2025-06-01 13:13:09
75653f98-9d72-4827-8578-0229964407f7,da3d9a2b-6cc2-4392-912d-e8c84afe3eba,2025-06-01 15:30:54
6d8dd9c8-b0c8-47e1-9c1c-acacebdf535c,3cec12a2-f74e-4dd5-963a-721919edd205,2025-06-01 14:48:58
9d658753-7cde-42d3-b313-17148d6d3d08,cccfa349-b8fb-4a04-8b92-b486722aadf3,2025-06-01 15:16:35
5fa49236-8bf6-418d-97a5-e758055cab43,34b157a1-0e1b-4b47-83c8-dee8ed890ccc,2025-06-01 13:06:12
67a2481e-28e0-4f48-bff1-c9fe9378edb8,1ea10f97-1b77-4c55-860f-ec5b264241ed,2025-06-01 13:12:19
07d96763-bd9d-4fde-a4d9-28957e6db92e,da0d2e58-8a60-4912-8c2e-f7bc485c4184,2025-06-01 13:19:38
d4a8a1d1-5de5-47b7-9703-b4894c15b759,38a38794-11d3-498f-922f-efc5497e4265,2025-06-01 16:44:50
99652d44-4553-46b3-809f-56e44640411e,1f547725-5b54-4820-9014-073af64adeab,2025-06-01 12:51:57
64b4ac57-512d-414b-a090-c1aeee0a7b24,87136a80-48dc-4395-9553-d606dfa025c7,2025-06-01 14:06:52
9c8f9ac2-1cfc-462c-990f-9871307a98fb,e7d322fe-3d55-4fec-a312-9714237e3c22,2025-06-01 14:34:34
efcb1bcc-ad68-49f4-9c85-43f63edf4f03,a733375e-9d7d-4717-b521-a567f9bafb4c,2025-06-01 12:56:46
49225aa4-58d4-4a15-bb58-b3d991612def,d8cc46b9-56e9-42b9-9d82-5d7b4217950f,2025-06-01 14:05:50
97566b1a-06c4-41e6-8b0c-31f8faf5db77,e4ca55d0-6d46-4380-b6f6-22b1800fb978,2025-06-01 12:51:33
ddecdde4-ac59-4a62-b168-757776d54ee5,c77cc163-2e69-4f52-87e9-e5680aedecdc,2025-06-01 13:05:15
e76f02e9-df23-41f3-9cef-54b953b09381,1fb363cb-fc9a-4228-bfa6-2004cc000f9c,2025-06-01 13:19:45
e82d3ba7-1286-405e-bd04-86a598161c90,c77cc163-2e69-4f52-87e9-e5680aedecdc,2025-06-01 13:03:50
034bbc4e-3bc4-4298-bf6c-5c0529d043fa,669f107a-7760-4164-a541-5d08cdf23b48,2025-06-01 13:16:21
c4f11ace-664f-4403-a8f7-32ecea8b13df,2cce8b23-c916-4e85-95cd-e531a7d588d3,2025-06-01 12:46:58
f2a83375-4171-4eb1-8200-8c91611bc5ec,614d9bed-d87f-460c-9684-d0dd2ee1063a,2025-06-01 14:53:17
3813feb7-d2e9-4cca-b683-e079901a44b0,a85aa546-674f-43d9-a0e2-e2d2086ea7d2,2025-06-01 13:17:29
3eee20a2-13cd-4c2f-9c9b-e2615e3cf8e6,5e906e78-6a5b-465e-b556-3a7b39e5727e,2025-06-01 13:23:45
257aa437-8b1b-46e4-a568-17dee3c854fe,7b46c097-c79d-4330-8d2b-dcd652c2949d,2025-06-01 13:40:39
80cc9531-ef01-4d9e-955d-e0f0b7c87183,6a59bc9a-dd68-42f6-b460-94e879bf9c16,2025-06-01 14:05:28
ea2aadc3-a6ea-4065-97d7-6a7e49dbf159,614d9bed-d87f-460c-9684-d0dd2ee1063a,2025-06-01 13:34:24
b9e6c0a7-11b9-4d1a-b4b6-8a3517ef810f,eefd5f89-c446-491d-9b32-3936e899f0cb,2025-06-01 14:12:23
38f97016-202a-480f-a882-964cb1ed44f9,f4cae2ed-2ab8-4345-9839-a026bc4ea567,2025-06-01 12:54:32
6bc42b34-d1a7-4fee-a3c0-11c5e136dcd8,a290e85b-0d85-4f3b-ac7c-9e05bce4b617,2025-06-01 14:11:29
3d866e13-9266-43f1-83ee-30d998e7eb9b,f56ae789-40fa-448f-a9f1-01fd496459b3,2025-06-01 15:59:11
b8cabd5d-ad38-4955-b98d-6a4323d461b6,aa256690-ebf0-4c25-b232-820ee0a50ed8,2025-06-01 12:51:05
6494303f-a4fb-4de1-8b30-40314ac0c497,d16fa1ac-439a-46e8-8f7f-248ccea87627,2025-06-01 13:00:38
cbd25ee7-ae0d-40f7-a6de-da6bffe126c5,28cac081-6b49-4cdc-96d7-ad39d6020d50,2025-06-01 12:54:21
