questId,characterId,goalsDone,travelEndTime
75c99f4d-1a51-4748-b560-9dff4968a5da,2adc994e-6f0b-418a-a5a6-be2c2ab9e2b3,3,2025-06-01 12:46:28
f77cff5b-d28b-4f91-bc98-c284c7bcca9e,8983dda0-c436-44d5-829e-3f4f50555f57,4,2025-06-01 12:49:19
79be6110-ec38-4afc-b459-0e2deba25d27,b1b39135-8edc-4bac-9e12-e119422d82c1,1,2025-06-01 12:50:08
6cbb68eb-303c-47e5-867d-6dff37c8add2,b630ff1b-dad4-4ba6-8a17-a457ea1f8ba8,2,2025-06-01 12:48:22
d2b7454f-202e-40b4-b072-6ac86c3afcd1,94d4d897-0fab-457c-b408-90e9c2142729,3,2025-06-01 12:51:18
2ef7b26b-3ae0-45a0-a854-4b2a70ead63a,eff22eb7-e6f9-462d-9e0a-bd32ee46237c,4,2025-06-01 12:46:57
8ee750ad-4097-469a-96b9-4421ae8e71c8,4b73250f-1fcf-4e05-bba3-fedf80b5a063,2,2025-06-01 12:46:55
05b836f2-bce3-443f-ba2f-3f60d28dde1f,5ae9f245-8b62-42bd-a169-cd76a3ee99d8,4,2025-06-01 12:54:50
cc5462f3-8ea3-45da-9bab-5555455b096a,e3436dea-bb03-4e0a-94dd-1c5359cc33ea,6,2025-06-01 12:47:47
c2cb3ffe-52a3-422c-a383-b42fe7ca0d7a,8d076422-a2fd-4795-b89a-c64bc479cf9b,1,2025-06-01 12:46:40
66d39dd6-2a42-4e62-9123-533c681792b2,f1b2e538-e0d9-49ee-907c-1d574b1438f6,3,2025-06-01 12:50:38
24f05ad3-660a-4225-a29f-28e665eedb9b,1b84d136-b406-4280-8937-456cebea2717,10,2025-06-01 12:47:55
f9c7276c-bd3b-4ac6-baaf-917b85a9c5f9,1104db55-b774-4b3e-80c0-13a06d0e45a5,9,2025-06-01 12:47:24
8c036b4d-8d4a-49c0-8d39-76ad78d96240,b07924cc-c251-4f05-8b07-a64f57cb89bf,1,2025-06-01 12:49:13
7c989baf-0f9e-4aa2-966e-57bd6e052693,9a1ceca2-25e3-45cb-b49f-fa770bbaab48,1,2025-06-01 12:47:55
96117d7a-3f5a-41f8-81fb-6eb8fda2b49a,8058f8d4-49fa-4395-86ef-9d5a67a0a7f9,1,2025-06-01 12:47:25
08616f13-9fd6-402d-aceb-e9b6a143538d,cac07d4b-508a-4c24-b646-98b93a149e74,3,2025-06-01 12:48:10
4c823985-3257-4fcd-8a53-0b8952895341,85c23c36-efc2-412a-88eb-7b92dddb6d6c,6,2025-06-01 12:50:09
f48dbdd2-667b-4783-ad8d-3d353f449fe6,2809c911-149c-4749-9d1a-522969637dc3,9,2025-06-01 12:48:12
6b158c43-534c-44f8-adcf-5bcd94f3f2d6,18241655-e180-48ae-a902-5c573fb4a814,2,2025-06-01 12:47:54
96eef4b8-bc04-47d4-be60-7f06365dcda2,1b0eac25-cccf-4a8b-80d6-c34447c67a4a,2,2025-06-01 12:48:12
0318e490-6804-472b-82aa-5ce3438b9f54,58d10e4a-6e8c-4d1d-b1af-c18273910a2b,8,2025-06-01 12:49:37
47f13d82-506b-4a8f-a5a3-ee0cb1fe31ea,4c4f6716-c460-4286-836c-4b24487d3f56,5,2025-06-01 12:49:55
75888ca6-e9be-4949-b9e6-3760e575305f,d0bc1e95-41d7-4df6-b79b-f5b61b6bbf17,8,2025-06-01 12:49:35
b6220feb-f19b-4016-8a58-fce1a8144338,19c92437-d231-4584-92f1-6aec9ac01cf0,1,2025-06-01 12:47:47
8e151f85-f7ab-4791-bd64-54300cac95b7,6f63a126-a996-4b5c-a6cb-a703adf024e6,9,2025-06-01 12:49:36
e1a87563-5b7c-45a5-bf31-4e907a829a62,780f772e-a767-4993-822a-bcbd5dbb6af5,5,2025-06-01 12:48:19
f9c7276c-bd3b-4ac6-baaf-917b85a9c5f9,2c552126-5d17-4052-985f-a1546087ab4f,1,2025-06-01 12:48:19
36f5f23d-27ee-4c75-ad87-5191fb3c77d3,77912778-46b0-4713-9b23-db4c680777ef,1,2025-06-01 12:48:22
d2b7454f-202e-40b4-b072-6ac86c3afcd1,3106d0f3-22a8-401d-8290-7f8c6967ecdd,1,2025-06-01 12:46:45
804a661b-e677-48be-a158-a1d0d70c8948,17cca2d9-1f69-4ce9-8ae6-64559b633359,8,2025-06-01 12:46:52
787f166d-975d-4d48-bae6-5a5910f2fab4,87170925-cd6a-4b61-8a09-38cd889a64ae,2,2025-06-01 12:47:33
5b6d3a44-3430-4936-854b-526acf80b8db,ab7fd527-174a-45ed-a0b2-399cafe1cd51,2,2025-06-01 12:50:32
abc8c72e-9239-4cc6-ae80-b60423d8cc64,23504c4e-7018-47a2-b890-efbd2442014e,7,2025-06-01 12:47:28
96d48abe-083c-4a70-9675-80305fd8f55f,e28b1508-de9d-461e-9a05-e18cfd65d397,1,2025-06-01 12:55:04
f7b194b3-4917-4a4a-b340-f3f61a7925c1,94e621af-ff5a-46d1-90ba-6001e43bcc26,1,2025-06-01 12:48:31
8ce7e3f5-ef35-4c8d-a620-0c33c511a37e,2b209ef8-6a50-430a-8cbd-b9c4924e923c,4,2025-06-01 12:49:32
78f63522-c5ee-4629-84f0-a0bf31d20a44,f102d442-33e2-4ea6-be36-cff79b507d07,1,2025-06-01 12:46:50
74d1e30c-4af1-4c2f-bca5-8c0156ed6e26,00fd94aa-eb9c-429e-bb95-30d90b55ac79,5,2025-06-01 12:49:57
988ad1f8-0b68-4096-a5be-ad4c0ec64342,25eb19f5-8fc4-42b3-8c9f-90fa8063c6f1,6,2025-06-01 12:52:54
cb94876d-228f-411e-9e1c-2259f6e621ef,91a5c668-2bf6-4976-ba4d-aaa699e3f545,6,2025-06-01 12:48:24
33076f50-1722-468d-bc9a-0b1495722daa,b0b038b7-72c3-49f3-8019-46bbbbe4ebe6,5,2025-06-01 12:50:30
21b8024c-44de-41d8-988c-70794e6d8a35,1a792180-c7e6-49e5-8357-ed2d3475de5e,1,2025-06-01 12:47:34
1ee0e7fc-4d76-4180-89a0-6ed4b9e71144,000458d3-d753-43bd-adaa-8b597858c371,1,2025-06-01 12:46:52
c505dec7-113c-48a1-b910-7207a5410442,90b127ed-4ed2-401f-831e-d25c33fbc005,1,2025-06-01 12:48:16
75888ca6-e9be-4949-b9e6-3760e575305f,446c94fc-5249-40b8-9b89-781599a6a3de,7,2025-06-01 12:53:29
7d17d440-8b10-4ca5-90ee-ed49b31cfe50,f4a3b34a-1091-4158-b423-7229c2b36e89,7,2025-06-01 12:48:19
f9c7276c-bd3b-4ac6-baaf-917b85a9c5f9,7895cafb-186c-422d-9a89-038d8cc57dc6,4,2025-06-01 12:48:01
f96145d3-d944-4320-9ef0-c1444a7d2d57,9a037ae6-981f-42b5-8c30-7a58157bd542,2,2025-06-01 12:47:00
45b2daaa-07fc-47c4-b7e5-499a3a2afc25,0522c65a-ffdf-42cd-8298-343ef3d2fc77,2,2025-06-01 12:46:44
b6220feb-f19b-4016-8a58-fce1a8144338,a87b9603-2048-4dc9-a819-ef73bd82a63e,1,2025-06-01 12:47:40
a3aab533-b41c-49cb-9df3-7cd6cc4a8026,361483be-d268-4913-8f56-06a27186e71f,2,2025-06-01 12:46:38
21b8024c-44de-41d8-988c-70794e6d8a35,5277aec8-0855-4a89-b6f4-6675bc79106f,2,2025-06-01 12:47:02
b3fbc593-b510-419c-b748-893e648586e5,fe41f63e-f12e-47b6-a35e-ab218fcfba5f,3,2025-06-01 12:46:27
c6777e4c-f3f3-464c-abf1-500f7d167a19,f8bfe5ec-391b-45cd-aaba-e740fd258bca,3,2025-06-01 12:47:35
d0924492-70c0-4ccb-8b2d-ebd5fd9ddd0f,ba02548c-838a-4ef9-bff6-c349415b5365,2,2025-06-01 12:46:56
744cc7ad-cee4-4217-94d7-e48540f1e232,9c6a0081-904e-4b93-bb21-52b64c932456,1,2025-06-01 12:46:48
fcbe376f-8c0d-4a25-a505-d421f7df960f,5fa49236-8bf6-418d-97a5-e758055cab43,1,2025-06-01 12:46:44
1ee0e7fc-4d76-4180-89a0-6ed4b9e71144,79f02512-ee31-4ebb-af16-eab3ee5db1aa,2,2025-06-01 12:50:00
92864290-0b9b-4045-85ae-e48197ccf7d8,d82b75e6-b9a7-489d-bf06-3ba69cd383c3,1,2025-06-01 12:50:46
4ba3af36-b716-44f0-a4b3-471bfbe07911,8767846a-4b79-478f-b7a3-dfc1f8bdadfa,3,2025-06-01 12:46:40
ad517b37-a5c3-49cd-b2e4-0ebe2476f8ba,7fa34441-65a3-48ea-88d2-46cbcb943220,3,2025-06-01 12:53:45
3f04891c-f548-4855-8597-c34d09f21ce9,a1dd7d03-a494-4546-9bab-3bd20fa04dc6,4,2025-06-01 12:46:40
6032a4a4-0cc5-4e76-8238-baced755bcf9,2b34507d-45d8-4bc7-bd36-8e5fd0d938ad,3,2025-06-01 12:55:13
36a6f5d2-0e9d-49d5-ae5b-4124badd0427,4dffdce7-a854-4bd3-b944-d89e4aa4d32f,10,2025-06-01 12:47:40
c6777e4c-f3f3-464c-abf1-500f7d167a19,53941995-3c84-4927-9bc5-78d64d08688e,2,2025-06-01 12:54:47
5523b27c-d97b-48d2-a596-cbb1b391aee3,5297f708-2821-4638-aed5-706ccd876a53,1,2025-06-01 12:50:49
ed6275d1-2b58-4f72-80e1-e63975385581,889d54e8-3cac-4ca0-bdda-f44a31af5bc2,4,2025-06-01 12:48:17
804a661b-e677-48be-a158-a1d0d70c8948,a24a984f-0325-4937-8c9c-48919b49d84a,10,2025-06-01 12:49:54
79be6110-ec38-4afc-b459-0e2deba25d27,8d368093-34d2-40e4-b213-b185b0b6a82e,6,2025-06-01 12:53:16
f961a819-5bd1-47d3-8c87-b3333eec898f,e4987369-7138-4afc-ad8d-20e6ad2880b4,1,2025-06-01 12:47:59
f77cff5b-d28b-4f91-bc98-c284c7bcca9e,2bbbd383-61c5-47c3-8b72-c7fe67fed9e0,1,2025-06-01 12:48:08
0d64867b-8842-4167-a656-b04a5a0334ac,e8df0366-04f7-411a-bb35-7abc22866795,3,2025-06-01 12:50:46
852c9d1c-aae8-4566-bff4-ae1121680fb1,4a56b2cc-9493-4d9c-bb31-d0864012af26,4,2025-06-01 12:52:28
995f7ac2-0dfb-4783-b7ba-df2ff6e8fa05,c2114e42-b65a-4585-a21e-176c1f609567,2,2025-06-01 12:46:30
8744188f-7f2e-4630-a347-22b4f27111b3,5e21383b-6e8b-4e4f-918e-3878b0194ab6,3,2025-06-01 12:51:53
8c036b4d-8d4a-49c0-8d39-76ad78d96240,26c60642-3aa6-4de8-9e3b-c1000c0efc54,1,2025-06-01 12:52:31
54e04874-bcf2-4889-8e52-b5e09085c495,21ce4d2d-52d5-4556-aedd-5baab6ae8386,5,2025-06-01 12:49:59
02d44934-5f26-4485-b9d7-7b0eeadbdc39,ccb7135d-4f42-4e1e-865a-9ea4d899b9ee,3,2025-06-01 12:46:43
ed6275d1-2b58-4f72-80e1-e63975385581,de2e2bda-2b1b-4398-96c7-cb544f5f16d5,1,2025-06-01 12:47:15
a570c445-5c1d-4aef-b7cf-eee17546daa5,e78418bc-7d66-447e-9c2f-2984882fc9c8,2,2025-06-01 12:46:42
9f5cf36d-99cf-4516-b78d-6ccc1301e9c9,0f99388f-2e1b-4acd-8a9a-a4a739768efe,1,2025-06-01 12:46:37
988ad1f8-0b68-4096-a5be-ad4c0ec64342,7d2eaaec-4212-45ee-9c0f-04990c58568e,8,2025-06-01 12:52:21
d0924492-70c0-4ccb-8b2d-ebd5fd9ddd0f,55b1656a-2b27-4f36-88b8-83fcaf3ce701,3,2025-06-01 12:47:55
6c912ef5-bdbd-4bba-9f76-45b5b19af2b2,aa5090f5-9882-444f-afbb-58c354ffb143,1,2025-06-01 12:54:07
48e48e79-e795-407a-a31d-843a9468961c,fba98390-72b2-4929-9576-0ca6c3b42b43,5,2025-06-01 12:48:46
cb94876d-228f-411e-9e1c-2259f6e621ef,6fee0b18-fff2-44a1-813c-6ce9968302df,5,2025-06-01 12:46:38
9add181b-9e4e-411a-9d10-6feb7372f84f,6da86b69-f5a8-436d-9c89-0bb445b66d64,2,2025-06-01 12:46:27
74d1e30c-4af1-4c2f-bca5-8c0156ed6e26,8adaa8f7-6c52-4924-b528-b211e09dfd88,1,2025-06-01 12:55:21
8075a89e-3b5c-4754-88bc-1d047c4f5a14,5a331cc3-bddb-4884-acee-2f48cfe8a70f,1,2025-06-01 12:47:21
787f166d-975d-4d48-bae6-5a5910f2fab4,d24c7eca-f30f-4f5d-823c-b81c52738588,2,2025-06-01 12:46:44
d268ba08-c996-42f7-ba57-00f6b488b67a,b0539c70-2c69-4cf6-ac8e-f4e7ac1e3054,1,2025-06-01 12:46:36
02263ecf-409c-46b7-b4a8-f1c4ce7b818c,a2d770c7-eeb5-4fdc-af1a-07a8e4a1f0ad,7,2025-06-01 12:47:01
8e151f85-f7ab-4791-bd64-54300cac95b7,12fc74e5-d8a2-4fc3-be52-39b9a097880b,9,2025-06-01 12:52:25
165343af-437e-49f3-8005-3a121d87f407,8ffc6450-7efa-46a2-b893-c2e2c8eb838c,4,2025-06-01 12:47:08
e1a87563-5b7c-45a5-bf31-4e907a829a62,787b1b71-6559-4fae-8e87-61b1ca718c4f,8,2025-06-01 12:46:34
517eda1a-4378-45c7-8183-a13390f2df59,f5fcdfd9-f476-401c-94d1-53821e03f75e,2,2025-06-01 12:49:15
96d48abe-083c-4a70-9675-80305fd8f55f,dec6008b-4076-4138-a6f5-0b552174ba32,1,2025-06-01 12:52:10
96eef4b8-bc04-47d4-be60-7f06365dcda2,6d1f9838-cc2d-4f21-9f35-1fe1f4fc027e,2,2025-06-01 12:50:14
45b2daaa-07fc-47c4-b7e5-499a3a2afc25,aa5186d4-b21a-4c2d-b8bb-a8e3fcea39fc,2,2025-06-01 12:48:26
711fa63c-b4b1-4911-8eff-a32036eeac57,4887e01d-e3e7-4adc-a3bb-9d5008c5bed3,1,2025-06-01 12:50:13
5936e4cb-31d5-4249-94e9-cb8b47363d96,67a2481e-28e0-4f48-bff1-c9fe9378edb8,2,2025-06-01 12:46:41
a19cec2e-30db-4a51-a7dd-650b26d77dbd,b8dcc0e7-b1b4-48a6-87a0-d9acc25f5965,2,2025-06-01 12:49:58
0b717939-c4ae-4e92-9fe3-5611e1e139c7,5c621a5e-7bcf-4205-986e-3ce5c0c0b55f,2,2025-06-01 12:46:29
21b8024c-44de-41d8-988c-70794e6d8a35,cb9bddd5-614b-4790-8620-a3720f6bb116,3,2025-06-01 12:47:14
1bf7f464-1780-4605-8807-1f134dd27d7c,426fbec1-cd74-4a61-8833-ad16fe142b7b,1,2025-06-01 12:46:37
804a661b-e677-48be-a158-a1d0d70c8948,3ebde76f-588e-4b00-a5d3-2863ce8e0319,9,2025-06-01 12:47:06
75c99f4d-1a51-4748-b560-9dff4968a5da,2e34840e-337a-4c69-8719-5f2d650f351a,5,2025-06-01 12:46:44
58747ea3-09a4-4cec-adee-95248a1d1063,1fcf5ee8-fdc1-4117-9bdb-459d777f2d24,1,2025-06-01 12:49:32
74d1e30c-4af1-4c2f-bca5-8c0156ed6e26,397d2cb3-496a-444f-a92f-b7999bb69521,2,2025-06-01 12:51:54
787f166d-975d-4d48-bae6-5a5910f2fab4,c481634a-c3f7-4109-b494-d5684d430ad2,4,2025-06-01 12:48:59
54e04874-bcf2-4889-8e52-b5e09085c495,1a0ddd34-f18d-4bb4-b87e-f904780ebce9,7,2025-06-01 12:50:58
3ed08042-a64a-400c-b4f1-cfb03dff38b1,53c1b8e8-090c-4015-b167-1a9f2622befe,2,2025-06-01 12:47:48
c94e2bf5-d6ee-4fb1-8c2a-dd969e7ba75c,8864c5b0-a2be-4554-b63d-adb8b55914fe,5,2025-06-01 12:49:36
1ee0e7fc-4d76-4180-89a0-6ed4b9e71144,9f36302d-e719-4128-b0b7-0e7fd3b9b95c,2,2025-06-01 12:48:03
f7b194b3-4917-4a4a-b340-f3f61a7925c1,b50f7b17-be72-4bf2-a85e-c1b6f952e58b,4,2025-06-01 12:50:10
4b2960c6-6898-4b6b-bd37-fc93d41221f4,dd5bb757-e2c8-4f88-bb6d-c059c71bfd65,1,2025-06-01 12:50:38
4284f7dc-b1b6-453a-b95b-f538d86df698,ac333751-683d-4b77-a30c-56b05b4d41b7,6,2025-06-01 12:54:20
8b9e2591-a20a-430c-ba14-8175a621dce0,b9e6139a-f58f-4471-ab8a-d85f830c5c73,9,2025-06-01 12:51:01
96d48abe-083c-4a70-9675-80305fd8f55f,952e8211-51a6-407b-9569-1e417028c735,1,2025-06-01 12:55:42
5b6d3a44-3430-4936-854b-526acf80b8db,71f75f94-7b54-4814-ada5-e5ddb69aeee4,1,2025-06-01 12:52:39
6acba6d6-fac7-4397-91c1-fb250ff57896,4efb0300-94e0-490a-b0e0-526c0ddcad66,3,2025-06-01 12:47:31
9db9de1b-ac0e-480d-b65d-9998a5af4431,feb81e0e-4730-4cd7-85a5-8b8decbe7fa8,1,2025-06-01 12:50:55
c5938ee5-31c4-49f6-8b4b-8904df027fb3,da6f7846-92e5-43f2-93b5-ec03b5e4774f,1,2025-06-01 12:48:02
4b2960c6-6898-4b6b-bd37-fc93d41221f4,ef255369-14dd-42c5-9395-badb0b0b85f0,1,2025-06-01 12:52:33
e90b94c0-4697-4e55-8d70-d315c0e5c2b9,6e0815b5-3ce6-4b55-a624-aa008976ff5c,1,2025-06-01 12:53:24
8c036b4d-8d4a-49c0-8d39-76ad78d96240,5c726f6e-a131-4e92-9a88-910ed889249b,1,2025-06-01 12:47:12
2ab22637-b466-48d9-81e4-5ebb890cad70,a77524df-6985-4ff5-b6a5-70d0cd398597,5,2025-06-01 12:47:14
a3aab533-b41c-49cb-9df3-7cd6cc4a8026,5e428dba-c76e-4916-be24-e9cd07fce57e,1,2025-06-01 12:46:29
8ce7e3f5-ef35-4c8d-a620-0c33c511a37e,5ee0ed2a-05fb-4fa1-825f-efa3361173e9,4,2025-06-01 12:47:31
e7db63cf-b65a-4efc-a56b-7356996ec145,fb97a327-f2ba-47b6-916a-ab17c8a384de,3,2025-06-01 12:47:12
c7e92dd6-179b-444e-91f8-cdb5b02af371,4a03bb9b-48ab-4b1e-aed4-3055131ae4de,4,2025-06-01 12:46:42
7d17d440-8b10-4ca5-90ee-ed49b31cfe50,6375930e-a986-4cfa-a718-c4610177b26a,3,2025-06-01 12:46:40
c94e2bf5-d6ee-4fb1-8c2a-dd969e7ba75c,a5a632c1-ce1d-4071-92f8-223028ee5dbe,2,2025-06-01 12:46:50
0b717939-c4ae-4e92-9fe3-5611e1e139c7,2a87c4c9-5809-407c-b335-388a57232fda,3,2025-06-01 12:46:57
e66f6abb-bc38-4f37-bf78-60902ee30591,64b4ac57-512d-414b-a090-c1aeee0a7b24,1,2025-06-01 12:47:18
066d8bb1-1257-4f72-aeed-ff5adcaf47e4,5ad6d441-bd4d-460d-93ab-4c444342af58,1,2025-06-01 12:46:49
995f7ac2-0dfb-4783-b7ba-df2ff6e8fa05,803ee319-4672-4de2-9e88-af5bff7692de,2,2025-06-01 12:46:36
3b90a327-1a43-47d1-83cb-2d85f27edea3,410ac92b-f209-4aad-99f1-8984dccdf23a,5,2025-06-01 12:48:13
2ab22637-b466-48d9-81e4-5ebb890cad70,49225aa4-58d4-4a15-bb58-b3d991612def,5,2025-06-01 12:48:24
b7d157d7-e727-48ab-bbd0-1e1386eff382,b07b2fdd-7b8b-4c1e-8d6e-eeb292212c29,2,2025-06-01 12:49:15
7dbd3316-8ac6-4bea-8100-ec393caabb1e,128dd42d-48ab-4e4f-98ba-091f0803b10b,1,2025-06-01 12:47:31
4be49d6c-56e6-4c85-b919-4f2d185d1b2a,ddecdde4-ac59-4a62-b168-757776d54ee5,4,2025-06-01 12:52:23
6563d906-7894-4132-90bb-b81a634d2d4e,6364c98a-1730-4687-9d18-53231721b8c1,1,2025-06-01 12:47:34
58747ea3-09a4-4cec-adee-95248a1d1063,e76f02e9-df23-41f3-9cef-54b953b09381,2,2025-06-01 12:46:43
804a661b-e677-48be-a158-a1d0d70c8948,4e41a994-5bfa-430f-a59f-f765e651e511,5,2025-06-01 12:48:39
297fad06-9f2b-4539-a2d8-87629b769dc6,bff930d5-e8de-479b-a6e1-e6207fe642a3,3,2025-06-01 12:53:11
d268ba08-c996-42f7-ba57-00f6b488b67a,4fcd7e6c-fd42-4fe6-93db-5c30fb60d229,5,2025-06-01 12:46:27
5b6d3a44-3430-4936-854b-526acf80b8db,d3479837-1b5a-45e2-949b-a35f1c909a66,3,2025-06-01 12:52:20
a98d385f-aecd-40b6-8d38-717d5ab8181c,f2a83375-4171-4eb1-8200-8c91611bc5ec,3,2025-06-01 12:48:42
380986b1-30dd-4bf0-999f-6b6901a5802b,441da61e-50c0-48c9-8d05-cc61eb383320,2,2025-06-01 12:50:53
9012d99e-1604-44e7-b65c-aadbd6cca464,ea2aadc3-a6ea-4065-97d7-6a7e49dbf159,4,2025-06-01 12:48:00
24f05ad3-660a-4225-a29f-28e665eedb9b,b9e6c0a7-11b9-4d1a-b4b6-8a3517ef810f,4,2025-06-01 12:48:02
486939e9-74a3-446c-83b7-cbb0e5051c92,3ea6dba9-2b61-4366-ae5f-52cc5cca0252,2,2025-06-01 12:46:57
e194469f-68ab-404b-8c19-87c7fa58c1da,05b0753f-ff93-4d45-b1ea-ded6f6116b90,3,2025-06-01 12:47:41
557747a2-0e56-4dbf-9d13-1ab441ee8c0f,38f97016-202a-480f-a882-964cb1ed44f9,4,2025-06-01 12:47:25
fcbe376f-8c0d-4a25-a505-d421f7df960f,3c2ccfbe-4fd8-4079-8fc4-66e3cc9a564a,2,2025-06-01 12:51:13
f48dbdd2-667b-4783-ad8d-3d353f449fe6,6bc42b34-d1a7-4fee-a3c0-11c5e136dcd8,3,2025-06-01 12:48:03
a3aab533-b41c-49cb-9df3-7cd6cc4a8026,bee42282-2054-4863-9fb0-e0cc4f5b839a,1,2025-06-01 12:46:47
297fad06-9f2b-4539-a2d8-87629b769dc6,c8e61b19-ebcb-495c-b466-6deb270bfcb2,3,2025-06-01 12:46:53
22ebd6a0-0822-454d-8867-f2eae37c8cf2,860c78aa-0d52-45f3-800f-853e2a8565d7,1,2025-06-01 12:47:38
b3fbc593-b510-419c-b748-893e648586e5,1a6432e1-e0f8-45d0-a5ad-7969cfa07521,2,2025-06-01 12:48:17
96eef4b8-bc04-47d4-be60-7f06365dcda2,1f7d7f55-b24e-4265-bae0-8155bada97b3,5,2025-06-01 12:48:47
5936e4cb-31d5-4249-94e9-cb8b47363d96,fe3964f7-963a-46e5-acac-1de87cd5ea17,1,2025-06-01 12:47:04
b6220feb-f19b-4016-8a58-fce1a8144338,6494303f-a4fb-4de1-8b30-40314ac0c497,1,2025-06-01 12:47:10
08616f13-9fd6-402d-aceb-e9b6a143538d,8abb877d-053e-4ea0-981c-4b53b1a9dc3d,4,2025-06-01 12:49:26
852c9d1c-aae8-4566-bff4-ae1121680fb1,9ef6acf4-d7dd-41c3-821e-9cbaef7185da,5,2025-06-01 12:54:23
b7762a85-7cad-4046-a3dc-533e8593cdc1,d5a96667-7ca3-4633-b1d7-a6c173721393,8,2025-06-01 12:48:28
36a6f5d2-0e9d-49d5-ae5b-4124badd0427,c59abe2f-2200-4420-9d17-461f156edf5a,6,2025-06-01 12:47:51
f48dbdd2-667b-4783-ad8d-3d353f449fe6,22ec3f94-9ddf-45c8-a8ce-91c0b84852ea,4,2025-06-01 12:48:23
47f13d82-506b-4a8f-a5a3-ee0cb1fe31ea,b3f5ca54-960f-489d-949b-2905d4325b39,6,2025-06-01 12:49:30
4590e13d-bb86-45e8-bd4b-4821a81ae9eb,1fd9a2b2-f03e-4c5f-bbfc-71472403026e,1,2025-06-01 12:48:20
a570c445-5c1d-4aef-b7cf-eee17546daa5,2a937b6f-f845-4325-8a31-a228a9941618,2,2025-06-01 12:50:48
f7b194b3-4917-4a4a-b340-f3f61a7925c1,9655303f-21d6-4e95-af25-6c66133b7e2d,3,2025-06-01 12:48:55
74d1e30c-4af1-4c2f-bca5-8c0156ed6e26,9e1f8157-dfa5-4e55-8928-c7a18436472f,6,2025-06-01 12:47:21
36f5f23d-27ee-4c75-ad87-5191fb3c77d3,2898fed8-ab0e-4933-a1c8-e15b5b5defb9,1,2025-06-01 12:47:26
8b9e2591-a20a-430c-ba14-8175a621dce0,c71b331b-4ae8-4544-b2fb-42b940a8c2a9,9,2025-06-01 12:51:28
abc8c72e-9239-4cc6-ae80-b60423d8cc64,c14ce3ec-307b-4c3e-92cc-ce195463a129,5,2025-06-01 12:47:35
f96145d3-d944-4320-9ef0-c1444a7d2d57,19b6f94a-f385-4beb-bcf3-6adb6587248a,1,2025-06-01 12:46:55
be56fbac-6869-4420-a693-43f371f8e341,a6e31c29-1a3c-4eb3-8dd2-3f122024ade5,6,2025-06-01 12:47:34
36472a12-3bc5-47e4-be8c-5ccbf9d2467e,61afae6e-e8ef-4d33-a5a3-a5c78de228bc,1,2025-06-01 12:46:39
b7d157d7-e727-48ab-bbd0-1e1386eff382,55b6ef3d-93bc-4a00-8c1e-52de85de9073,3,2025-06-01 12:49:46
a793d812-e511-4ce2-80df-07d03b82fd60,1cc20c7f-ce75-4c8a-900e-e8f912a86d67,1,2025-06-01 12:49:03
6b158c43-534c-44f8-adcf-5bcd94f3f2d6,132cab15-1fd6-4b14-9882-5caf61697b79,1,2025-06-01 12:53:56
3c494cc7-d65b-4d7b-bfd5-6d19ecd37cf7,e0dbfbc7-c3dd-41fc-af98-2cebd9d27c00,9,2025-06-01 12:49:15
f77cff5b-d28b-4f91-bc98-c284c7bcca9e,8c366881-1685-4a52-a235-98fdce9e5165,4,2025-06-01 12:46:45
54026c98-653d-493f-ac9f-909e789d1ecb,8a5545f5-b79b-467f-a91f-ca749d94b2b0,10,2025-06-01 12:47:36
aacb9b69-8347-4f1d-a798-3ff88fddf8f3,bc4e967a-806a-49ff-8abe-809e99ddb22f,2,2025-06-01 12:52:29
091d176d-94be-4ef7-bff9-59ed5b44ee13,e5dd7452-0a34-4982-99e7-d26964f3e0ea,3,2025-06-01 12:46:35
9012d99e-1604-44e7-b65c-aadbd6cca464,894838d1-63af-4ab6-ae63-93388b7c502d,2,2025-06-01 12:48:51
9b688a92-852d-4f37-8034-cf10aa0135ec,bf1ced51-a6e6-41c5-bf3e-2f8afef63d5b,5,2025-06-01 12:47:18
58747ea3-09a4-4cec-adee-95248a1d1063,8ae5de19-c5ee-4008-a32a-78eb98e6e45d,1,2025-06-01 12:47:30
8571d666-dda3-4e63-9e58-ce694d49f3d0,d15269f8-eba1-40f6-90d5-eb4061a8125b,4,2025-06-01 12:49:54
c594b2d1-70e7-4333-85b7-8e99fc6ae84e,92c2966a-97e8-469f-938f-724eab9f9e6b,7,2025-06-01 12:49:16
9f5cf36d-99cf-4516-b78d-6ccc1301e9c9,1145089f-2a05-41ee-8b1e-b044f1c66f61,1,2025-06-01 12:46:29
5cdb5d5b-cc8d-46a7-87c0-d636b05971b6,83bf9b9c-93d2-459b-98a2-e23641b7bb04,2,2025-06-01 12:49:53
711fa63c-b4b1-4911-8eff-a32036eeac57,e0b7eb85-d80f-4a1d-9ca2-f0b0ee0e3cc8,1,2025-06-01 12:47:27
78f63522-c5ee-4629-84f0-a0bf31d20a44,175ac7d8-3089-42ae-9500-582f87033113,1,2025-06-01 12:47:03
486939e9-74a3-446c-83b7-cbb0e5051c92,53babe74-c800-42c8-a50c-3f47852f18af,3,2025-06-01 12:47:56
e7db63cf-b65a-4efc-a56b-7356996ec145,ed75260d-97c4-49a9-acf5-f8cc5dc791e4,4,2025-06-01 12:49:23
74d1e30c-4af1-4c2f-bca5-8c0156ed6e26,9c8f9ac2-1cfc-462c-990f-9871307a98fb,3,2025-06-01 12:46:46
e7db63cf-b65a-4efc-a56b-7356996ec145,b3b984ed-63d4-4fb5-b563-c45648eb7ef2,2,2025-06-01 12:49:01
517eda1a-4378-45c7-8183-a13390f2df59,6921a24f-a53d-4a08-a93b-412484059776,1,2025-06-01 12:47:17
21b8024c-44de-41d8-988c-70794e6d8a35,2f197c00-c31f-4866-a927-42741fb77939,1,2025-06-01 12:46:39
36f5f23d-27ee-4c75-ad87-5191fb3c77d3,2eb2a797-bc71-488b-a9c4-bc9581dd9eaf,1,2025-06-01 12:49:14
36f5f23d-27ee-4c75-ad87-5191fb3c77d3,8b07cb8e-cf6e-4c9a-b998-bac00b13d340,1,2025-06-01 12:49:02
36a6f5d2-0e9d-49d5-ae5b-4124badd0427,709a98bd-b06a-42e8-9b22-567d4446ff19,10,2025-06-01 12:47:21
75888ca6-e9be-4949-b9e6-3760e575305f,dfd8cb84-9a1e-488f-9dea-636ed34b2d31,8,2025-06-01 12:51:44
711fa63c-b4b1-4911-8eff-a32036eeac57,29a973c6-5d4d-4693-9b57-73787700e251,1,2025-06-01 12:51:48
a24ec544-9b81-4b0f-8ef1-399874c07d19,749f3d85-6a58-47b5-ae6b-5a7eff573d42,3,2025-06-01 12:48:33
a19cec2e-30db-4a51-a7dd-650b26d77dbd,702a9cde-f71a-4014-ad88-3ca83ff8853f,3,2025-06-01 12:51:07
790c9c88-3b0b-4d5c-ab9b-c9053cf40abe,f44dc289-4139-4517-b081-e8329ffb764d,7,2025-06-01 12:48:27
d0924492-70c0-4ccb-8b2d-ebd5fd9ddd0f,53e4a388-dac4-4cb5-be4a-63d615b190b0,3,2025-06-01 12:47:42
02263ecf-409c-46b7-b4a8-f1c4ce7b818c,2d93360d-81e4-43d9-bf7e-b9903abd4c36,1,2025-06-01 12:46:30
8075a89e-3b5c-4754-88bc-1d047c4f5a14,934c5fe4-8707-4c2e-99b5-8d18de3c2c2c,5,2025-06-01 12:48:05
08616f13-9fd6-402d-aceb-e9b6a143538d,c56c5eb9-560a-45c7-95c6-a8353bd46ed4,3,2025-06-01 12:48:49
b7d157d7-e727-48ab-bbd0-1e1386eff382,b171d6a6-0012-45d1-be80-7eb1b6d6a6ed,1,2025-06-01 12:49:59
2ab22637-b466-48d9-81e4-5ebb890cad70,b8e3924c-afd5-45d2-82af-de51dd4afa64,10,2025-06-01 12:46:37
1b212eae-782d-46ee-b29c-7d06e0c7f83a,ce93a464-0d8e-4803-bcb0-a6c8af34a5ac,2,2025-06-01 12:46:38
aa8f8819-0e47-4d50-b78c-3a3f4ffd0fac,85adc2f3-2bd1-47e8-ad65-5753e9ddbae9,7,2025-06-01 12:47:50
f48dbdd2-667b-4783-ad8d-3d353f449fe6,ee150b3d-eca1-4726-9360-f6cffc79f638,2,2025-06-01 12:48:59
e66f6abb-bc38-4f37-bf78-60902ee30591,d06da9be-a85a-43fa-8313-760d024d26ba,4,2025-06-01 12:46:43
6b158c43-534c-44f8-adcf-5bcd94f3f2d6,3eee20a2-13cd-4c2f-9c9b-e2615e3cf8e6,2,2025-06-01 12:55:44
fcbe376f-8c0d-4a25-a505-d421f7df960f,0357c829-0399-46e1-964b-332768cf4be3,5,2025-06-01 12:46:56
16180653-deb6-4329-93e5-c6b5587d2d51,8ebd119f-a866-47e1-b8cc-f4e624f6e5aa,3,2025-06-01 12:48:34
e4878c87-bb0f-499f-953a-f9fd944d7b26,68cea406-4ab2-4198-94f7-3486e2745982,2,2025-06-01 12:46:34
8c036b4d-8d4a-49c0-8d39-76ad78d96240,bf0889bf-96dd-4283-baac-89094a9b4dbf,1,2025-06-01 12:49:48
9f5cf36d-99cf-4516-b78d-6ccc1301e9c9,8b18113d-f53d-4eb5-8bcc-1dea49c893cf,1,2025-06-01 12:46:31
3f04891c-f548-4855-8597-c34d09f21ce9,5ac154e4-c0e6-4ed0-9ae6-c47eb7d513e2,1,2025-06-01 12:46:57
16180653-deb6-4329-93e5-c6b5587d2d51,a26c7828-648d-4351-9290-5cf5cb53d7c0,3,2025-06-01 12:48:45
e4878c87-bb0f-499f-953a-f9fd944d7b26,312d160a-8d83-4ce6-b6a5-c817c72503ba,1,2025-06-01 12:46:32
75c99f4d-1a51-4748-b560-9dff4968a5da,1e3e2004-a642-4275-a3fc-6f640a84e20c,8,2025-06-01 12:46:43
54026c98-653d-493f-ac9f-909e789d1ecb,14de697b-c508-4b7e-81b1-a0d4cf7f7b34,4,2025-06-01 12:48:27
8fc1bb02-632c-4b1f-bd8f-1816cbcf62da,8b73d79b-2062-4f6b-9ebb-cddc498fa575,4,2025-06-01 12:48:47
e90b94c0-4697-4e55-8d70-d315c0e5c2b9,d501f146-57fe-4720-88f8-95ec6a18ee03,8,2025-06-01 12:48:53
e194469f-68ab-404b-8c19-87c7fa58c1da,b52d1fd1-6695-4af6-81d8-8027cdcfa134,1,2025-06-01 12:46:55
711fa63c-b4b1-4911-8eff-a32036eeac57,a1941398-58a8-4cfe-bdce-31aed3406a08,1,2025-06-01 12:47:04
3996f52f-da76-467f-9477-c73db69c17fe,a5c84af5-4066-4e96-8ea7-539c59ed19d2,1,2025-06-01 12:46:57
186422ff-53df-40d0-99ac-a3602c0c47d4,e9dc9f1f-edd5-4bda-b1fa-cb6ddf5e5612,1,2025-06-01 12:52:49
517eda1a-4378-45c7-8183-a13390f2df59,bc9afeca-20ff-4092-91dd-b06d5c2c7a6c,1,2025-06-01 12:47:08
7eddb22c-aa0f-43f1-9def-0d3fdcce7720,c68a0c98-c240-4eca-93d5-1c1e94e6ec2a,7,2025-06-01 12:47:36
a98d385f-aecd-40b6-8d38-717d5ab8181c,4dee09ab-ac0a-4bb1-a973-252c39fce312,10,2025-06-01 12:48:54
995f7ac2-0dfb-4783-b7ba-df2ff6e8fa05,07746c39-d196-4bd2-9c1a-d6331f8ed954,1,2025-06-01 12:46:28
beea0a92-9a2c-4575-ae14-a7c19c4b979e,3c895545-4f2c-4ba8-89ea-ec502fcba5f4,4,2025-06-01 12:46:34
8c036b4d-8d4a-49c0-8d39-76ad78d96240,77f1ee7c-e2f2-4c71-b5d9-8017f72a5e42,1,2025-06-01 12:48:42
6a585529-95e8-4b3f-927e-77d553514ba7,18dc8e39-c3a2-45fa-b737-a10239531f0f,4,2025-06-01 12:50:02
6b158c43-534c-44f8-adcf-5bcd94f3f2d6,64289692-e612-4879-bde5-9d0eefc38a64,1,2025-06-01 12:53:29
f96145d3-d944-4320-9ef0-c1444a7d2d57,dc6bb7dc-587f-4729-91cc-1056ff76b288,3,2025-06-01 12:46:49
aa8f8819-0e47-4d50-b78c-3a3f4ffd0fac,b9549e10-dbb4-411b-8671-bc9e4aba2e3e,5,2025-06-01 12:49:31
f7b194b3-4917-4a4a-b340-f3f61a7925c1,5dd25d4e-8057-45ac-a86e-fd8339cd3d40,4,2025-06-01 12:46:27
08616f13-9fd6-402d-aceb-e9b6a143538d,743e6cc3-6e31-4ffe-bad3-ebf8dabd49f6,3,2025-06-01 12:49:02
cc23115d-c0ab-4897-aff8-a3e0eb83f83d,3336f36f-01e0-4231-a574-02ab2f1ad1a9,5,2025-06-01 12:49:57
f9c7276c-bd3b-4ac6-baaf-917b85a9c5f9,97aebe63-9edc-419d-b4c2-edc9b8e0a3e0,6,2025-06-01 12:50:16
e1a87563-5b7c-45a5-bf31-4e907a829a62,fa267d94-ce78-4127-8e31-e0edc7854a20,6,2025-06-01 12:46:39
a3aab533-b41c-49cb-9df3-7cd6cc4a8026,c4c51058-f2b6-4467-9e9a-397d04063ee1,2,2025-06-01 12:46:35
7b2cd430-1ead-4bee-8f4c-d948378e3cf8,39c045e1-30d0-4266-aa22-8dbe05e24b97,3,2025-06-01 12:47:49
aacb9b69-8347-4f1d-a798-3ff88fddf8f3,11f4fc92-3dd6-43fe-a53d-552e4da86cd9,2,2025-06-01 12:50:33
b7762a85-7cad-4046-a3dc-533e8593cdc1,a1498635-b32c-42b4-a21d-5622a3ccf039,10,2025-06-01 12:46:27
1bf7f464-1780-4605-8807-1f134dd27d7c,88f5c57e-4cfb-4e1a-9eec-55f58ce40d1b,4,2025-06-01 12:47:54
2ab22637-b466-48d9-81e4-5ebb890cad70,1c9c5832-d466-41dc-893b-5cbb73b24a4a,10,2025-06-01 12:46:46
787f166d-975d-4d48-bae6-5a5910f2fab4,9ee70fc5-38f2-473f-9c9f-343c96abc262,3,2025-06-01 12:48:13
c505dec7-113c-48a1-b910-7207a5410442,ef136b07-75a0-4389-9fb3-a13080b8c865,1,2025-06-01 12:50:14
d52eeae7-ff3b-4e7e-87f2-d1a63f240c36,fd4fd056-47a7-40e2-8d99-29366b525b59,4,2025-06-01 12:51:46
e90b94c0-4697-4e55-8d70-d315c0e5c2b9,c6390e4f-591d-45a2-b090-91f19a37cc64,5,2025-06-01 12:51:06
dd13b924-d41c-42df-a291-896a71facf9c,74e26685-77da-4c76-9518-6a157aa37fc1,5,2025-06-01 12:51:09
a9600835-5de4-4457-9b99-69790b1e60ca,2e002871-cc90-433a-bf1a-cdca9af0d1a2,2,2025-06-01 12:46:46
557747a2-0e56-4dbf-9d13-1ab441ee8c0f,770dcaee-b452-403c-ba75-a5f2a9721f71,3,2025-06-01 12:46:57
e1a87563-5b7c-45a5-bf31-4e907a829a62,0781ebb0-fe49-4be7-9221-017c7614722d,7,2025-06-01 12:47:16
b150c318-3f5d-4486-95b8-bbc78c9463cd,6d26abcc-3bb1-42d7-8bd6-9bf08f7db967,1,2025-06-01 12:46:49
8744188f-7f2e-4630-a347-22b4f27111b3,50ce9a02-f9e1-4c72-8073-6255a0dc1858,4,2025-06-01 12:48:10
8744188f-7f2e-4630-a347-22b4f27111b3,3d205138-6517-49ef-a5fd-ed59bda8ba58,1,2025-06-01 12:51:00
83e24830-9706-46ae-a9d5-4d4b4e8d01f8,309c2d74-f1cc-4455-8b42-85ab2f68f4a7,1,2025-06-01 12:46:42
e1a87563-5b7c-45a5-bf31-4e907a829a62,29bb141b-9ec5-4386-a8fc-15a57aae3e6d,8,2025-06-01 12:47:41
fe8e4ec6-f72a-4c5f-b8e7-6e2cbfdd44ae,c18802ca-0e62-4341-b2a8-fac43ef316be,7,2025-06-01 12:46:31
33076f50-1722-468d-bc9a-0b1495722daa,a45ac9e1-37f3-44dd-a3d6-57aabbcf731e,6,2025-06-01 12:48:43
b16a7e9f-f1de-4486-acc4-78ff411a0252,96d564bf-2e6a-4f84-872b-1fa590a143c8,1,2025-06-01 12:47:38
8075a89e-3b5c-4754-88bc-1d047c4f5a14,373b2d89-71fe-4300-9b98-d3e015357c1c,5,2025-06-01 12:47:49
e90b94c0-4697-4e55-8d70-d315c0e5c2b9,7db9c4b5-1a6d-4f62-8b69-c29602785779,3,2025-06-01 12:53:36
7dbd3316-8ac6-4bea-8100-ec393caabb1e,8c2a822f-e3e1-4425-b837-18ccf62cd16f,2,2025-06-01 12:48:18
066d8bb1-1257-4f72-aeed-ff5adcaf47e4,ba4f3dec-63e5-49c9-b2b5-13bdd3fcbc22,1,2025-06-01 12:49:06
6f9b5157-9d18-4c4c-a920-27e87cf59771,2f4bf5ff-3073-4463-92aa-c74e19080e36,1,2025-06-01 12:46:38
85ad64e9-8a5e-4c56-95fa-2969d91b131d,82374168-7c5f-4933-a176-75b0c2ffb1f1,1,2025-06-01 12:48:56
9b688a92-852d-4f37-8034-cf10aa0135ec,65b97a24-8e60-4f99-b0b2-ae254d4e228d,2,2025-06-01 12:49:28
be56fbac-6869-4420-a693-43f371f8e341,018344b6-ebe3-4b62-be72-e05314ba7270,10,2025-06-01 12:48:51
c2cb3ffe-52a3-422c-a383-b42fe7ca0d7a,d907dba4-28f5-4966-9e15-a03653c54cc1,1,2025-06-01 12:46:37
2eeda23b-0b72-49a5-9548-d51ff3f19ee2,d120fa27-0e27-4121-9684-18022cb7c202,3,2025-06-01 12:46:59
c594b2d1-70e7-4333-85b7-8e99fc6ae84e,62714ab6-3c90-480e-9789-44df8b74d63e,4,2025-06-01 12:48:17
6563d906-7894-4132-90bb-b81a634d2d4e,33629a3b-ed32-49ab-804d-094979e7af14,4,2025-06-01 12:46:34
cb94876d-228f-411e-9e1c-2259f6e621ef,4a6f7488-c727-4efe-9c83-880117a8e22d,6,2025-06-01 12:47:12
e4878c87-bb0f-499f-953a-f9fd944d7b26,bad018f1-50ae-45c6-921f-2b0edbe206e6,2,2025-06-01 12:46:43
d268ba08-c996-42f7-ba57-00f6b488b67a,a53918ef-7ce8-4240-b58d-3e24cc8c3b9d,3,2025-06-01 12:46:28
a0002e94-7616-4ee3-8233-4cabc80587ce,da97a7a4-9465-47c7-84ea-361b480e0aee,6,2025-06-01 12:47:50
02263ecf-409c-46b7-b4a8-f1c4ce7b818c,7247c125-be60-4c83-bf67-d614f162d93e,7,2025-06-01 12:49:58
fcbe376f-8c0d-4a25-a505-d421f7df960f,acb2ff3d-967d-4058-92a0-0180416dc2bc,3,2025-06-01 12:47:28
8fc1bb02-632c-4b1f-bd8f-1816cbcf62da,d04efe9d-43d2-48ae-ad09-17444f991098,3,2025-06-01 12:48:14
1ee0e7fc-4d76-4180-89a0-6ed4b9e71144,935abb25-5e75-4c52-8db6-32ba85d58f8f,4,2025-06-01 12:53:36
66d39dd6-2a42-4e62-9123-533c681792b2,1a6ef908-8d28-46e5-b3d8-a42c7ffbbf6c,8,2025-06-01 12:47:02
79be6110-ec38-4afc-b459-0e2deba25d27,a5837df1-df03-401a-b8a8-3343943be23e,4,2025-06-01 12:46:28
5b6d3a44-3430-4936-854b-526acf80b8db,9793b1fe-ca24-438f-9fbd-f65367d0537c,2,2025-06-01 12:51:37
b150c318-3f5d-4486-95b8-bbc78c9463cd,fbaaf0d7-6e29-4c5e-9ae6-ba7d08dbea01,3,2025-06-01 12:47:23
5523b27c-d97b-48d2-a596-cbb1b391aee3,4ae9aff5-0060-404d-848d-af88a9cbee9f,8,2025-06-01 12:47:19
b8f96e20-3f67-436d-9a97-743b1c44ae59,37e2faec-bcba-4ff3-93a7-7c1852cfbffe,3,2025-06-01 12:48:25
e7db63cf-b65a-4efc-a56b-7356996ec145,d17631e2-270e-4ec1-98ac-b6e8c11e9eeb,5,2025-06-01 12:50:03
08616f13-9fd6-402d-aceb-e9b6a143538d,a43add90-6748-4458-920d-a3ffe092f246,3,2025-06-01 12:46:50
6a585529-95e8-4b3f-927e-77d553514ba7,d6d590ec-e8ba-48ff-83df-1b8a206f28d9,9,2025-06-01 12:46:30
c7e92dd6-179b-444e-91f8-cdb5b02af371,d61f1452-3653-4a8b-a7da-debba2e052cb,10,2025-06-01 12:48:33
c9b4624b-c346-41d2-b8d9-4ca0dd238369,d3a0c006-f69b-467d-be40-ac20fee7554b,3,2025-06-01 12:49:55
5cdb5d5b-cc8d-46a7-87c0-d636b05971b6,1a064fc3-5438-450c-8bf5-55f68196fecd,4,2025-06-01 12:48:21
16180653-deb6-4329-93e5-c6b5587d2d51,12a3b473-992b-43f9-a7ac-53c579b2fc7f,4,2025-06-01 12:49:16
36f5f23d-27ee-4c75-ad87-5191fb3c77d3,6c383ecc-9ff8-44ae-94bf-ca8554895bb5,1,2025-06-01 12:48:19
54e04874-bcf2-4889-8e52-b5e09085c495,f098fcaa-0aeb-47dc-9e7d-bbf4aeb77976,2,2025-06-01 12:53:16
6563d906-7894-4132-90bb-b81a634d2d4e,fa8d8c55-ed38-47fe-bbf3-bc44469a5e6f,2,2025-06-01 12:46:35
3996f52f-da76-467f-9477-c73db69c17fe,d12a6797-6c30-4046-a18e-12d8802ed9ae,4,2025-06-01 12:46:51
8c036b4d-8d4a-49c0-8d39-76ad78d96240,96de4f79-5bbd-4086-a05d-705904e18e6c,1,2025-06-01 12:50:30
6cbb68eb-303c-47e5-867d-6dff37c8add2,82befbb9-1cea-4c3e-8a80-22ca11992e51,2,2025-06-01 12:47:36
f7b194b3-4917-4a4a-b340-f3f61a7925c1,1600f9bc-33fb-4eb4-94ec-270f7283a149,4,2025-06-01 12:49:07
2eeda23b-0b72-49a5-9548-d51ff3f19ee2,e29c9e75-0602-47fc-82da-0465c581a39a,3,2025-06-01 12:49:26
e66f6abb-bc38-4f37-bf78-60902ee30591,99e224e6-80c2-4f57-b925-749875f7f5ed,5,2025-06-01 12:46:30
33076f50-1722-468d-bc9a-0b1495722daa,9dc85b13-e913-45fe-95a1-bbf4a542970c,1,2025-06-01 12:50:14
f7b194b3-4917-4a4a-b340-f3f61a7925c1,fa69f162-d561-466c-bc15-b2f30cb92d54,3,2025-06-01 12:46:54
8ce7e3f5-ef35-4c8d-a620-0c33c511a37e,ae9e63e4-b636-48b2-af0c-d60449ff485c,1,2025-06-01 12:48:07
a570c445-5c1d-4aef-b7cf-eee17546daa5,eb51d4de-db8d-4e5f-9a73-fa10098995c3,3,2025-06-01 12:47:25
6c912ef5-bdbd-4bba-9f76-45b5b19af2b2,8641b690-7fe4-4633-b7b6-822f7f0dfd90,1,2025-06-01 12:53:17
2c9c7526-4dfa-46cd-af1a-a7aea91f3bbb,be898b42-14f9-4451-b45f-8d47338ada3f,5,2025-06-01 12:53:36
36472a12-3bc5-47e4-be8c-5ccbf9d2467e,b93eb4db-857e-427e-bec9-c561f07ef008,1,2025-06-01 12:46:43
4b2960c6-6898-4b6b-bd37-fc93d41221f4,114a90a3-4a6e-4d1f-8e5f-cbc6eca46b15,4,2025-06-01 12:49:04
86cd3b3c-8b8d-4b6a-92a7-c565063e3a12,951cdfd6-c3d9-4fdf-be2a-94c0fddd32c6,2,2025-06-01 12:47:06
7b2cd430-1ead-4bee-8f4c-d948378e3cf8,5129261e-7871-4d29-abc0-6821cc6d7144,8,2025-06-01 12:46:35
a793d812-e511-4ce2-80df-07d03b82fd60,5a323b35-3777-4a99-8775-6171304a4f1d,5,2025-06-01 12:54:33
d5ac9ab2-1178-4ca6-b15d-915d233518e2,1990d19c-cc07-4b35-8fb3-c1b27fb6f7df,5,2025-06-01 12:49:19
71413eaf-9b1d-4d6d-8ba9-8133c840b90c,8f7e01d3-e10f-48a3-9792-239b12a7cf39,9,2025-06-01 12:48:36
988ad1f8-0b68-4096-a5be-ad4c0ec64342,6e2c3019-6509-4f56-a0bc-4be843e609d5,2,2025-06-01 12:50:23
6a585529-95e8-4b3f-927e-77d553514ba7,84a3f1be-efca-4e90-bd85-cc0e56df5914,9,2025-06-01 12:47:30
3ed08042-a64a-400c-b4f1-cfb03dff38b1,b7e28b59-48da-4213-902d-ca48126ab103,2,2025-06-01 12:47:20
7b2cd430-1ead-4bee-8f4c-d948378e3cf8,0f62f312-5f55-443e-91de-17b3576f3b77,6,2025-06-01 12:48:16
49055dd4-19fe-4097-9e79-c9be835cb404,289ec1ed-c5fd-4d49-a00e-1c3d8d2cfc07,1,2025-06-01 12:52:14
8fc1bb02-632c-4b1f-bd8f-1816cbcf62da,ef13561b-e5da-4c81-88ef-c051de6d6cf6,1,2025-06-01 12:47:19
a3aab533-b41c-49cb-9df3-7cd6cc4a8026,363021dd-2c06-4b70-a772-6d05af547352,1,2025-06-01 12:46:33
f3117bbb-f672-4e5a-9075-508ffbf825c1,831a4d19-c200-407c-8836-4ada57eb590c,1,2025-06-01 12:47:46
85ad64e9-8a5e-4c56-95fa-2969d91b131d,ecf5ca23-760b-4a81-b6cc-f431e24ae79e,2,2025-06-01 12:51:33
24f05ad3-660a-4225-a29f-28e665eedb9b,0d10799c-8c46-484a-a268-db3bcd35b413,8,2025-06-01 12:46:47
4ba3af36-b716-44f0-a4b3-471bfbe07911,57649b3f-7070-48af-848f-366a417f02a1,1,2025-06-01 12:47:40
cc23115d-c0ab-4897-aff8-a3e0eb83f83d,1ba70ed1-8bfa-4655-9346-c48964cc7f4e,3,2025-06-01 12:47:31
f43f5434-4942-4f32-be7a-341cff1ebc97,e73ac65b-6d49-4f6e-be37-2597ff0a1204,5,2025-06-01 12:49:39
790c9c88-3b0b-4d5c-ab9b-c9053cf40abe,6080dc0b-bf6b-4115-abf1-fba296ca8977,8,2025-06-01 12:47:20
45b2daaa-07fc-47c4-b7e5-499a3a2afc25,913864a0-103f-4982-908f-74b18baa1ce4,3,2025-06-01 12:46:47
0318e490-6804-472b-82aa-5ce3438b9f54,1061b23f-fd3a-4077-8583-ca06f6686a50,9,2025-06-01 12:49:57
6a585529-95e8-4b3f-927e-77d553514ba7,a10b238c-fcc1-40c4-a238-95930de2b6aa,9,2025-06-01 12:52:38
7eddb22c-aa0f-43f1-9def-0d3fdcce7720,1b866a3d-6187-4463-93a9-0f44be9e8fa9,5,2025-06-01 12:49:22
8ee750ad-4097-469a-96b9-4421ae8e71c8,2501c648-087b-4c22-aab0-978cc566f222,1,2025-06-01 12:47:22
b16a7e9f-f1de-4486-acc4-78ff411a0252,7cb7b1c4-367a-45d7-8c9d-125e1522843d,1,2025-06-01 12:49:16
8ce7e3f5-ef35-4c8d-a620-0c33c511a37e,76fd62ac-662a-4020-8966-06211a14179c,1,2025-06-01 12:50:45
e861af0e-f383-4468-b612-ca0d25dd6b99,b1026b32-5278-4fc4-9e37-45b82958a314,4,2025-06-01 12:48:10
d0924492-70c0-4ccb-8b2d-ebd5fd9ddd0f,127e5cd2-9e52-42ea-a104-a348afc9379c,2,2025-06-01 12:47:12
e90b94c0-4697-4e55-8d70-d315c0e5c2b9,545327b6-ff57-4be0-b06f-99c7234e7806,7,2025-06-01 12:51:35
78f63522-c5ee-4629-84f0-a0bf31d20a44,1f8e5411-47b5-4366-b8b4-fcf019195c61,1,2025-06-01 12:47:04
6563d906-7894-4132-90bb-b81a634d2d4e,1f772abb-6570-4d14-bf75-2c8010854cc0,6,2025-06-01 12:46:56
9b06c1d0-9d36-4943-8dc4-b70e06af9737,2f107580-6082-4189-886a-7a7e92a42fa8,1,2025-06-01 12:46:42
5cdb5d5b-cc8d-46a7-87c0-d636b05971b6,9e8e6c95-faf9-42ee-9a01-380b2fae1a8c,4,2025-06-01 12:48:26
4be49d6c-56e6-4c85-b919-4f2d185d1b2a,c109c728-7577-4dc2-939e-9ac6f78e50f4,8,2025-06-01 12:47:30
a570c445-5c1d-4aef-b7cf-eee17546daa5,a575c815-92a7-41a2-98ec-0d0249ac70cd,2,2025-06-01 12:47:30
96eef4b8-bc04-47d4-be60-7f06365dcda2,2aaaaaa1-7128-448e-9542-0e235743549c,3,2025-06-01 12:50:41
ed6275d1-2b58-4f72-80e1-e63975385581,6f030ad1-2446-4d89-a299-814d7a2f96bb,2,2025-06-01 12:48:24
9add181b-9e4e-411a-9d10-6feb7372f84f,f18f47a4-3043-4f32-a49c-573941332e23,3,2025-06-01 12:46:38
9012d99e-1604-44e7-b65c-aadbd6cca464,0063ae76-6db3-49b4-a5f3-9e3fc475038a,5,2025-06-01 12:47:21
e861af0e-f383-4468-b612-ca0d25dd6b99,e56ffa3d-290f-4135-a4ce-fc7f10090453,6,2025-06-01 12:48:01
f413f3b0-0ce3-4780-8b03-40f9011f3eb0,b44f0bcc-e743-438f-b1a5-2498adaff8f3,3,2025-06-01 12:46:34
b6220feb-f19b-4016-8a58-fce1a8144338,8350376e-9230-485f-a309-e372d4dad13f,1,2025-06-01 12:47:25
a24ec544-9b81-4b0f-8ef1-399874c07d19,966a3a36-164c-4095-ae18-6dd1b7582b72,1,2025-06-01 12:47:14
8c036b4d-8d4a-49c0-8d39-76ad78d96240,2325822e-032d-4685-927c-0f67753bca1d,1,2025-06-01 12:52:42
852c9d1c-aae8-4566-bff4-ae1121680fb1,a7aa8739-4688-4d23-899c-95c6e9071d6d,2,2025-06-01 12:47:07
02263ecf-409c-46b7-b4a8-f1c4ce7b818c,6e6d5dc1-0745-4de8-b298-fb04312245ad,4,2025-06-01 12:46:35
380986b1-30dd-4bf0-999f-6b6901a5802b,b97dc813-e5a5-41c0-ac97-1ede32a41b14,1,2025-06-01 12:48:53
f7b194b3-4917-4a4a-b340-f3f61a7925c1,b7f74702-be6a-4707-9a70-7558a16a7588,4,2025-06-01 12:50:21
c6777e4c-f3f3-464c-abf1-500f7d167a19,49963bd5-1d97-4bfd-8b96-ae88d3e45d52,3,2025-06-01 12:49:10
4590e13d-bb86-45e8-bd4b-4821a81ae9eb,9b6b8abd-0b98-489e-82d6-23522236074a,1,2025-06-01 12:51:28
dd787dcb-eb55-4d19-9344-f0f9f61764d0,d184fb50-5c2c-4fe6-83dd-5c18a2a426d7,7,2025-06-01 12:46:56
e90b94c0-4697-4e55-8d70-d315c0e5c2b9,ad4437b7-f939-4b1c-a5e9-3c5484d6033f,10,2025-06-01 12:47:42
1b212eae-782d-46ee-b29c-7d06e0c7f83a,a75e7f96-e4af-4dc9-9dca-4288dded0340,1,2025-06-01 12:47:47
804a661b-e677-48be-a158-a1d0d70c8948,201bffcf-457a-4f08-b6ce-f8a57d97452f,6,2025-06-01 12:47:46
6a585529-95e8-4b3f-927e-77d553514ba7,abfd2eb7-d497-4de4-97e7-405a08e9e4da,1,2025-06-01 12:49:49
6563d906-7894-4132-90bb-b81a634d2d4e,873631ad-0cac-4c93-985f-8ddb85227320,7,2025-06-01 12:46:47
c2cb3ffe-52a3-422c-a383-b42fe7ca0d7a,89e3694b-ab54-4017-98cb-2004eaa77b25,5,2025-06-01 12:46:37
66d39dd6-2a42-4e62-9123-533c681792b2,66820755-9ea4-470f-a392-1650d65b0335,6,2025-06-01 12:51:03
96117d7a-3f5a-41f8-81fb-6eb8fda2b49a,e5799174-1b77-46bc-b2e1-34632faae032,4,2025-06-01 12:46:56
96eef4b8-bc04-47d4-be60-7f06365dcda2,0a344fbb-001b-49ef-9845-3550e6b41da0,4,2025-06-01 12:48:34
9f5cf36d-99cf-4516-b78d-6ccc1301e9c9,9cacff4c-58dd-4c16-a9f0-d95b0fae2470,1,2025-06-01 12:46:32
995f7ac2-0dfb-4783-b7ba-df2ff6e8fa05,7279038d-9aa5-42b0-a5dd-1ca79c6f7ee6,2,2025-06-01 12:46:32
744cc7ad-cee4-4217-94d7-e48540f1e232,74e05ac3-f826-4084-9ed5-92fab21ffd36,1,2025-06-01 12:47:14
091d176d-94be-4ef7-bff9-59ed5b44ee13,7d097bfc-b3e5-4779-b06e-7f34c0b364a7,3,2025-06-01 12:46:56
54e04874-bcf2-4889-8e52-b5e09085c495,85a25a36-d7ee-4f04-8fd0-39a24d43acba,5,2025-06-01 12:49:34
71413eaf-9b1d-4d6d-8ba9-8133c840b90c,d21fa879-e2f1-45fb-a27d-5124bffa2118,2,2025-06-01 12:48:22
abc8c72e-9239-4cc6-ae80-b60423d8cc64,56fde683-6a50-4e13-ade9-3b4161b689eb,2,2025-06-01 12:47:01
79be6110-ec38-4afc-b459-0e2deba25d27,f0e2f745-58ec-4521-8577-5cc3802282ea,5,2025-06-01 12:49:09
b7762a85-7cad-4046-a3dc-533e8593cdc1,c91e90f7-9339-4676-a39c-9355c4ee8e23,1,2025-06-01 12:48:41
71413eaf-9b1d-4d6d-8ba9-8133c840b90c,6b55a92f-72bc-43cf-806a-a529f7a38e5e,1,2025-06-01 12:47:51
8075a89e-3b5c-4754-88bc-1d047c4f5a14,9e7ab1be-d3f9-49a9-82c3-42f849d86325,2,2025-06-01 12:47:47
78f63522-c5ee-4629-84f0-a0bf31d20a44,80d572aa-0c73-438d-ad31-17251995b325,2,2025-06-01 12:47:12
b7762a85-7cad-4046-a3dc-533e8593cdc1,4e406a0b-a009-498e-829f-1b9abe4da249,5,2025-06-01 12:47:25
fde979e6-759a-40c4-b155-7a1a491502bc,75149e13-32f0-42ab-80f1-b0b259af8dd8,2,2025-06-01 12:50:18
a19cec2e-30db-4a51-a7dd-650b26d77dbd,b7feb115-b7b0-4745-9be0-f035a1492073,2,2025-06-01 12:47:14
7dbd3316-8ac6-4bea-8100-ec393caabb1e,93f0be60-55ec-4b2e-9297-d6c1b6d89b7a,2,2025-06-01 12:54:35
9012d99e-1604-44e7-b65c-aadbd6cca464,131532a3-f730-4b23-a046-d9b4b5287729,1,2025-06-01 12:47:37
04f39951-0d0d-4d8e-9be9-a5ec3782fbf9,f9278060-ee25-4a7d-a41e-4b3ffce5e356,2,2025-06-01 12:46:31
e90b94c0-4697-4e55-8d70-d315c0e5c2b9,64b10e09-1f29-4741-b670-55f2f5175a98,1,2025-06-01 12:48:03
718a0870-91ed-4fd6-9fa4-b247cf74e1e7,4cd8cde8-750f-4a3d-bcf5-276c098dbb8c,1,2025-06-01 12:49:59
5b6d3a44-3430-4936-854b-526acf80b8db,91f0224b-1d8d-49aa-b174-fb7037644924,4,2025-06-01 12:51:39
c2cb3ffe-52a3-422c-a383-b42fe7ca0d7a,6cbbe7f1-bb41-4a0b-80a2-271d45ab53e9,6,2025-06-01 12:46:29
8ff5962e-8adb-4927-9c9c-1f80695ae1f2,cf8f3e92-1145-4eb5-b7a0-fb77b2bbe5f5,2,2025-06-01 12:49:23
9add181b-9e4e-411a-9d10-6feb7372f84f,f7e05e25-99ac-424f-9d49-4791be65b906,5,2025-06-01 12:46:53
7b2cd430-1ead-4bee-8f4c-d948378e3cf8,9d745786-df5d-41eb-adcd-3eb5ab1b9408,2,2025-06-01 12:46:37
091d176d-94be-4ef7-bff9-59ed5b44ee13,a996e91e-174e-48b8-8227-2acb8584c6fe,6,2025-06-01 12:47:28
9f5cf36d-99cf-4516-b78d-6ccc1301e9c9,32c35591-5cf4-4653-8e4b-0406d31bdcd9,1,2025-06-01 12:46:37
47f13d82-506b-4a8f-a5a3-ee0cb1fe31ea,a85f0202-35ca-4d6f-a18c-397aaa515320,4,2025-06-01 12:49:50
02d44934-5f26-4485-b9d7-7b0eeadbdc39,2a1ff1ae-0ca0-4a72-b61e-56fdce92dc79,3,2025-06-01 12:52:38
418056e5-935c-42a3-8fb5-857e7e599bb8,a53d5ca1-c6f6-490d-939f-14c0aaca5fa7,6,2025-06-01 12:47:09
ed6275d1-2b58-4f72-80e1-e63975385581,fb39ae4e-f1e6-496e-9729-ec0212f0e36e,1,2025-06-01 12:46:38
6a585529-95e8-4b3f-927e-77d553514ba7,6071fc50-6ba2-487c-998d-95d5c19c999e,2,2025-06-01 12:49:54
71f96703-a810-45c3-a263-878bb825282d,80c40d92-156d-4591-a49b-19a108f2c261,4,2025-06-01 12:49:03
c6777e4c-f3f3-464c-abf1-500f7d167a19,8bc40833-fb47-4a46-9e63-1d1ff5976a6b,4,2025-06-01 12:51:13
4b2960c6-6898-4b6b-bd37-fc93d41221f4,b0e1a869-c9c3-490d-a874-52ccf47548ba,3,2025-06-01 12:47:05
33076f50-1722-468d-bc9a-0b1495722daa,3982ac21-609e-4fdf-ad78-6ffd732b258a,3,2025-06-01 12:48:26
cc23115d-c0ab-4897-aff8-a3e0eb83f83d,68e72869-22bc-408e-9efc-4219231125d2,5,2025-06-01 12:51:08
2596cb27-ce8d-40e1-8b4b-5104c08e388f,b368318e-012b-4055-9573-7de06700247c,7,2025-06-01 12:49:22
d89e45f8-41f5-4cb4-8e47-2d11dc96f16f,fc74ee6c-2ad6-458e-90e1-58114faed3c5,1,2025-06-01 12:48:09
36a6f5d2-0e9d-49d5-ae5b-4124badd0427,85ddddf5-5ada-4a2d-87c3-eedf7f66241b,3,2025-06-01 12:46:46
557747a2-0e56-4dbf-9d13-1ab441ee8c0f,99b38311-d6ea-41a2-91c4-6fca592f72f9,7,2025-06-01 12:46:32
19a235f7-86e3-4886-8a22-c4efedee5fd3,c1b819b4-b248-4508-b9ec-acfb17a327b3,1,2025-06-01 12:47:18
04f39951-0d0d-4d8e-9be9-a5ec3782fbf9,0b1f869f-8d4f-4877-a935-0e36c2747340,4,2025-06-01 12:47:23
b7762a85-7cad-4046-a3dc-533e8593cdc1,42a87300-1881-4c3f-b3c7-2c376b7ec972,4,2025-06-01 12:48:17
96eef4b8-bc04-47d4-be60-7f06365dcda2,62197d2f-4619-42d4-8665-5a0897eb64e2,4,2025-06-01 12:48:57
02263ecf-409c-46b7-b4a8-f1c4ce7b818c,6f617ebc-7b55-4ebe-8e20-85c36e52cd96,2,2025-06-01 12:51:50
bb92764d-c81d-42d4-ae49-127de898c2a2,21eff0e7-8f4f-4413-b907-324e5a279afd,1,2025-06-01 12:46:51
8150bddf-097b-460a-8203-a7d27de323ee,1628cafc-23a0-470c-8291-3cc3e7c78bc9,3,2025-06-01 12:51:20
cc23115d-c0ab-4897-aff8-a3e0eb83f83d,a4b58c42-4e70-494d-8b45-e38d41628416,7,2025-06-01 12:46:42
36472a12-3bc5-47e4-be8c-5ccbf9d2467e,482ae708-15bd-4f28-bf7d-ce3530e522fb,2,2025-06-01 12:46:32
dd787dcb-eb55-4d19-9344-f0f9f61764d0,064881f9-9d15-487d-bb54-f146735cf17b,9,2025-06-01 12:47:10
e194469f-68ab-404b-8c19-87c7fa58c1da,116e049b-9a10-43ae-90af-d576f73d9a3e,1,2025-06-01 12:48:08
8e151f85-f7ab-4791-bd64-54300cac95b7,081d5161-6237-49ca-adb0-8c7e00f8e9a1,9,2025-06-01 12:49:41
96eef4b8-bc04-47d4-be60-7f06365dcda2,e0dae560-a12c-4d02-b786-a30943dc9337,3,2025-06-01 12:48:19
3c494cc7-d65b-4d7b-bfd5-6d19ecd37cf7,b2e0d9fd-dd70-4d88-8a34-bd078c80279b,7,2025-06-01 12:51:08
2596cb27-ce8d-40e1-8b4b-5104c08e388f,40765026-9a5f-46ed-a62d-f0381d0e51af,2,2025-06-01 12:54:35
8ce7e3f5-ef35-4c8d-a620-0c33c511a37e,1c6ce6e5-fbe2-4353-99b0-8fcbd9ba39a0,2,2025-06-01 12:53:06
5b6d3a44-3430-4936-854b-526acf80b8db,0d60d0cd-a923-4a4a-b34d-0c3c9ac0bb10,3,2025-06-01 12:53:15
9db9de1b-ac0e-480d-b65d-9998a5af4431,2933976b-56de-44cd-95fa-13ac87d7f52f,6,2025-06-01 12:52:08
0d64867b-8842-4167-a656-b04a5a0334ac,1ed78f49-6afb-4182-966f-305cd91588eb,1,2025-06-01 12:53:08
6032a4a4-0cc5-4e76-8238-baced755bcf9,37e6a75f-97d1-47f7-ade3-7baefaa9e442,2,2025-06-01 12:49:16
74d1e30c-4af1-4c2f-bca5-8c0156ed6e26,cd02fe85-7dba-484b-b015-200b17421933,6,2025-06-01 12:49:08
71f96703-a810-45c3-a263-878bb825282d,6ee178d2-874a-48c9-adaa-6c154e873474,1,2025-06-01 12:53:00
6f9b5157-9d18-4c4c-a920-27e87cf59771,0a0d2fed-1f74-4b18-8191-fb40827c1e94,1,2025-06-01 12:48:17
d5ac9ab2-1178-4ca6-b15d-915d233518e2,a9717d03-af22-43cc-8b37-bd3666525db0,1,2025-06-01 12:47:20
f961a819-5bd1-47d3-8c87-b3333eec898f,c68e468d-83d3-420c-b050-dda00ec4059b,1,2025-06-01 12:48:11
f43f5434-4942-4f32-be7a-341cff1ebc97,99f5997c-3227-43cd-ac45-18e0b8c5792e,7,2025-06-01 12:52:22
69003978-3e50-4d73-abe4-798e124a4dcd,f90c0d79-dd85-4a4b-83f2-ca4c26593e5f,2,2025-06-01 12:47:31
96117d7a-3f5a-41f8-81fb-6eb8fda2b49a,f90cdb70-7ec4-4c5c-86e2-2e634e04c7c7,3,2025-06-01 12:46:46
8ff5962e-8adb-4927-9c9c-1f80695ae1f2,5857a5f2-751a-4820-8455-dbc09dd1ac9c,1,2025-06-01 12:48:14
823c0532-adcf-4419-914c-5b5b7cba6882,94e4f8ad-415d-4eee-b584-c589ab8e5f15,9,2025-06-01 12:47:35
c9b4624b-c346-41d2-b8d9-4ca0dd238369,a902ed1e-12d9-43e4-b37c-62533d9c6972,1,2025-06-01 12:47:30
8a0dca87-ccb0-4eea-a8ce-4bb2703390c0,5921640d-29e2-42cd-a8ef-2c01effa2b8b,1,2025-06-01 12:55:26
48e48e79-e795-407a-a31d-843a9468961c,dd063e92-9344-4fe5-ba4d-ae0ddb6c54ca,2,2025-06-01 12:49:34
51480bf0-02e4-44a6-9d77-8eedd6f68748,4afd3aa7-a19b-41cb-87a0-a39e76103c44,6,2025-06-01 12:48:57
4be49d6c-56e6-4c85-b919-4f2d185d1b2a,5fc3064a-70fc-47a3-9272-e280cebac6a8,4,2025-06-01 12:53:00
48af3363-ab0d-406b-a6ac-90c13747d1a7,5f451545-2af6-4830-bef0-2b61cc30bd9d,3,2025-06-01 12:51:14
48e48e79-e795-407a-a31d-843a9468961c,05cfecde-9f4f-4640-bf55-e8aa94e4cd5b,6,2025-06-01 12:50:23
c94e2bf5-d6ee-4fb1-8c2a-dd969e7ba75c,8d502ef2-095d-4c5e-a6a8-2406e8a67ea8,4,2025-06-01 12:48:40
22ebd6a0-0822-454d-8867-f2eae37c8cf2,d5c427e8-a8b5-4255-9594-bd789476d62a,2,2025-06-01 12:46:58
a3aab533-b41c-49cb-9df3-7cd6cc4a8026,0416ffeb-3c28-4ee9-a058-4e32c1abc50c,2,2025-06-01 12:46:42
6563d906-7894-4132-90bb-b81a634d2d4e,00bf3625-8043-4dc8-94a8-08200e437001,8,2025-06-01 12:47:31
5b6d3a44-3430-4936-854b-526acf80b8db,3dd1f834-601a-44b0-a592-ed599afb4f80,3,2025-06-01 12:48:03
e8b00b61-6f21-4852-b390-dac1c18f1885,ec616388-42b7-4ec6-8ccb-ff2bce3e68b7,6,2025-06-01 12:46:41
5d8f955e-e878-4991-be1c-4353c74c8a79,2cfe20bd-ea5e-4d22-8560-8c367185687d,1,2025-06-01 12:48:11
83e24830-9706-46ae-a9d5-4d4b4e8d01f8,c00d7cf6-0419-4c38-ab8a-57ffa0c31d44,1,2025-06-01 12:46:43
995f7ac2-0dfb-4783-b7ba-df2ff6e8fa05,f7932526-0539-4e97-a919-d213e1a1e9bd,1,2025-06-01 12:46:29
9db9de1b-ac0e-480d-b65d-9998a5af4431,68f16294-038b-4e95-bb8b-f5e0166f1e89,3,2025-06-01 12:52:56
8075a89e-3b5c-4754-88bc-1d047c4f5a14,5568e722-c1b8-466d-9ddd-40f4c0411840,4,2025-06-01 12:46:38
8b9e2591-a20a-430c-ba14-8175a621dce0,d53a8bfc-1a96-4c0f-b17d-136f28140d9b,2,2025-06-01 12:51:06
744cc7ad-cee4-4217-94d7-e48540f1e232,80c3426e-ba42-4258-a3dd-75a937d1564a,1,2025-06-01 12:50:19
2ab22637-b466-48d9-81e4-5ebb890cad70,de742e21-7e92-45f9-b132-3f94a2f0442c,9,2025-06-01 12:48:40
beea0a92-9a2c-4575-ae14-a7c19c4b979e,7fad60bc-33cc-4337-ad76-b2503b3d9a65,10,2025-06-01 12:47:24
beea0a92-9a2c-4575-ae14-a7c19c4b979e,75b4a2a9-a7ee-44d8-8e5a-f352a801c152,10,2025-06-01 12:47:16
f43f5434-4942-4f32-be7a-341cff1ebc97,14990415-db62-4e06-b133-69e051cd1740,1,2025-06-01 12:52:12
d0924492-70c0-4ccb-8b2d-ebd5fd9ddd0f,85050517-0805-45da-a59c-e85df6918019,2,2025-06-01 12:47:17
b7762a85-7cad-4046-a3dc-533e8593cdc1,39181c6e-29f2-434f-bc39-a0b13bd3cb65,8,2025-06-01 12:46:47
2c9c7526-4dfa-46cd-af1a-a7aea91f3bbb,60b81ec5-8669-4a71-b6fc-f02ee9ac15b5,4,2025-06-01 12:54:05
3ed08042-a64a-400c-b4f1-cfb03dff38b1,747e9a1d-f255-4b85-83f6-c5c0ba5aa2f4,1,2025-06-01 12:47:42
78f63522-c5ee-4629-84f0-a0bf31d20a44,792d675f-b80a-4317-945f-7e853a69f98b,2,2025-06-01 12:47:39
00154dfe-fc7d-49f8-bb45-268dca432172,c6e2fe01-8a70-4dd2-a755-60c4f8090b38,6,2025-06-01 12:46:32
0d64867b-8842-4167-a656-b04a5a0334ac,14659bac-f567-4ea2-b9e7-cdbfc4c6710f,3,2025-06-01 12:51:10
3996f52f-da76-467f-9477-c73db69c17fe,9a2748da-1136-4acd-a7f8-a13190d2eaa2,2,2025-06-01 12:46:35
718a0870-91ed-4fd6-9fa4-b247cf74e1e7,0f0aa93a-ce77-438e-8b0f-9e1a786e962e,3,2025-06-01 12:48:00
b96a124b-f150-4259-80dc-ed7468ccd2cd,e4825312-6108-49d9-82c4-ea0b261203d0,2,2025-06-01 12:51:12
1b212eae-782d-46ee-b29c-7d06e0c7f83a,98f741de-0996-47c7-9088-d76ec284686a,1,2025-06-01 12:52:52
8ee750ad-4097-469a-96b9-4421ae8e71c8,8ad83a90-b3c3-4ace-b4f1-5e5abc63662f,1,2025-06-01 12:47:29
96eef4b8-bc04-47d4-be60-7f06365dcda2,ca7bada3-93ad-4b71-bbda-9543bf890147,1,2025-06-01 12:47:57
d52eeae7-ff3b-4e7e-87f2-d1a63f240c36,145e83bb-be23-49b5-b57a-6aba6d59a899,5,2025-06-01 12:50:20
a0002e94-7616-4ee3-8233-4cabc80587ce,70c0bf82-efbf-4c31-a593-e33b32396474,1,2025-06-01 12:48:12
02d44934-5f26-4485-b9d7-7b0eeadbdc39,52a4e7bc-69dd-4bec-8b94-2af82b2c0dc5,3,2025-06-01 12:48:31
dd13b924-d41c-42df-a291-896a71facf9c,4080b368-eff0-4cc6-96be-5e86cd7f3f8e,2,2025-06-01 12:46:46
d8a9e9de-1c73-4ba4-a4e0-e9d0103003d7,dce9e814-dd09-43a8-90d9-b4542fafff11,5,2025-06-01 12:47:31
4b2960c6-6898-4b6b-bd37-fc93d41221f4,8568e30a-26ff-4515-98ec-6e27c4f5435d,5,2025-06-01 12:49:01
718a0870-91ed-4fd6-9fa4-b247cf74e1e7,57df73c5-9372-4347-a3e1-6179c3fe6291,1,2025-06-01 12:46:51
04f39951-0d0d-4d8e-9be9-a5ec3782fbf9,8077aa89-007f-41b4-850d-eaae27638344,5,2025-06-01 12:48:09
8c036b4d-8d4a-49c0-8d39-76ad78d96240,024d062c-3659-437b-90cf-502f720e5ec3,1,2025-06-01 12:48:25
2ab22637-b466-48d9-81e4-5ebb890cad70,7c2adba7-7750-4365-967f-832c539f8e65,7,2025-06-01 12:48:50
486939e9-74a3-446c-83b7-cbb0e5051c92,0fb23bc7-308c-439f-8aea-5a6f54dd1591,3,2025-06-01 12:47:21
dd787dcb-eb55-4d19-9344-f0f9f61764d0,fd19ee1c-1ef7-4dde-a739-41e6711c5c5c,2,2025-06-01 12:46:37
21b8024c-44de-41d8-988c-70794e6d8a35,340a4d2f-0c60-4600-9782-f92c29d47612,3,2025-06-01 12:47:33
6f9b5157-9d18-4c4c-a920-27e87cf59771,076f43fe-5501-4a31-b1c7-3faebd0bedd6,1,2025-06-01 12:49:29
18f28c45-cb59-4c07-9335-27a9743e3d4a,bed3041b-7a9d-4bba-b3e2-bdb6460d1fc3,6,2025-06-01 12:46:29
9b688a92-852d-4f37-8034-cf10aa0135ec,2961dc2c-5d53-4e8c-a9de-321f2b6c06f7,7,2025-06-01 12:51:26
6c912ef5-bdbd-4bba-9f76-45b5b19af2b2,80671dea-5068-4fca-9481-3c279a447fc6,1,2025-06-01 12:47:59
f413f3b0-0ce3-4780-8b03-40f9011f3eb0,8214dfd6-48ee-4fed-be4b-b23ec58f8494,5,2025-06-01 12:50:23
8150bddf-097b-460a-8203-a7d27de323ee,7afb644a-fd39-4b3d-8d80-d42f2fa2406a,5,2025-06-01 12:46:58
b16a7e9f-f1de-4486-acc4-78ff411a0252,40eff1e0-ee64-438a-9cc9-0ea9d25ab18d,1,2025-06-01 12:50:04
6acba6d6-fac7-4397-91c1-fb250ff57896,e9675f1d-f998-4a33-8cfc-e8b390bdca2a,3,2025-06-01 12:49:00
22ebd6a0-0822-454d-8867-f2eae37c8cf2,a661d5c3-fb61-4274-96e8-393d1ff757f1,3,2025-06-01 12:47:50
852c9d1c-aae8-4566-bff4-ae1121680fb1,8c649cca-f600-4c02-a9fa-392b038099d4,3,2025-06-01 12:55:19
a570c445-5c1d-4aef-b7cf-eee17546daa5,95e7e206-b539-4dc9-b714-55ed92719cd4,1,2025-06-01 12:52:40
ed6275d1-2b58-4f72-80e1-e63975385581,42c206e7-8e3c-4f5d-b699-f8e7cd7e8334,4,2025-06-01 12:47:29
cc23115d-c0ab-4897-aff8-a3e0eb83f83d,2b520edb-c566-44df-ac5b-34d7d6b628e9,4,2025-06-01 12:46:34
6cbb68eb-303c-47e5-867d-6dff37c8add2,62536d33-df95-4243-8c5f-f57ccd53775e,1,2025-06-01 12:46:37
a0002e94-7616-4ee3-8233-4cabc80587ce,2fea1500-09f7-4a04-b05d-692a4e408a2e,4,2025-06-01 12:47:34
b96a124b-f150-4259-80dc-ed7468ccd2cd,045e10fb-9632-4eb9-bd4e-0df859bab122,2,2025-06-01 12:47:14
517eda1a-4378-45c7-8183-a13390f2df59,4ac91425-886f-4875-b2db-d07fd3c05d81,2,2025-06-01 12:47:15
9b06c1d0-9d36-4943-8dc4-b70e06af9737,6046a826-14d5-44fa-92e7-4c9be44e38e8,3,2025-06-01 12:47:14
79be6110-ec38-4afc-b459-0e2deba25d27,3540254b-7411-47be-9b7c-5071fb80899b,9,2025-06-01 12:47:25
e194469f-68ab-404b-8c19-87c7fa58c1da,e25c6ea2-2729-4c6f-ba98-b44513dd91f3,6,2025-06-01 12:47:54
f48dbdd2-667b-4783-ad8d-3d353f449fe6,ab9e289d-de0c-4907-a2c2-e58c5254c9b3,8,2025-06-01 12:48:55
4590e13d-bb86-45e8-bd4b-4821a81ae9eb,1edeb77c-2305-4385-95cc-3e643c19a9b7,1,2025-06-01 12:49:02
6c912ef5-bdbd-4bba-9f76-45b5b19af2b2,092a8219-38e8-4a76-96b5-27320505157a,1,2025-06-01 12:47:04
78f63522-c5ee-4629-84f0-a0bf31d20a44,a0c49327-4ece-4547-87c6-b1d3fb666273,2,2025-06-01 12:47:02
b6220feb-f19b-4016-8a58-fce1a8144338,e9d6680a-3251-4da8-b8ce-b5ed57a086c2,1,2025-06-01 12:47:51
e8a59949-845e-4298-9ea1-adfe34584a95,5601adc6-d7bc-46d8-84ef-8e5fce3784ce,3,2025-06-01 12:49:21
f413f3b0-0ce3-4780-8b03-40f9011f3eb0,8c2b9035-e89f-4ae1-bc08-d591aa0f0b9b,6,2025-06-01 12:48:55
58747ea3-09a4-4cec-adee-95248a1d1063,bdf7b3ec-fde7-48f2-8947-27836b78de40,1,2025-06-01 12:50:36
988ad1f8-0b68-4096-a5be-ad4c0ec64342,663300a5-2196-46fc-b7e4-01bb2a4ea068,7,2025-06-01 12:52:57
a9600835-5de4-4457-9b99-69790b1e60ca,aa9683ba-bcbd-4676-a3f3-88cbcdecbf05,2,2025-06-01 12:46:41
5b6d3a44-3430-4936-854b-526acf80b8db,2de1507d-0bd2-4256-80d1-87d63967475e,6,2025-06-01 12:53:03
02263ecf-409c-46b7-b4a8-f1c4ce7b818c,9d541653-1cb7-4ac0-a7f1-4215b22a7622,1,2025-06-01 12:47:06
7eddb22c-aa0f-43f1-9def-0d3fdcce7720,63a422a6-c1d6-4b2d-aa26-f18660e3e978,5,2025-06-01 12:48:43
6b158c43-534c-44f8-adcf-5bcd94f3f2d6,220b0414-7b28-421b-ba42-2b5fe9e965eb,1,2025-06-01 12:51:58
744cc7ad-cee4-4217-94d7-e48540f1e232,bbf6f9c5-e176-4139-abbe-bf92c4537baf,1,2025-06-01 12:47:13
abc8c72e-9239-4cc6-ae80-b60423d8cc64,2a5ae65f-26b5-4d25-8117-0710300c5784,6,2025-06-01 12:47:04
380986b1-30dd-4bf0-999f-6b6901a5802b,550d2e19-c002-47a3-bf21-7e29885b3ede,1,2025-06-01 12:47:16
5d8f955e-e878-4991-be1c-4353c74c8a79,b7b27fb0-53ac-4c1d-b955-89d4f456f4b1,1,2025-06-01 12:47:05
418056e5-935c-42a3-8fb5-857e7e599bb8,5b2d7234-4e81-41cc-87c4-e954003fb340,8,2025-06-01 12:47:12
48af3363-ab0d-406b-a6ac-90c13747d1a7,16a19b00-cf29-4ab1-baf1-2c03b8ca2639,5,2025-06-01 12:53:08
5cdb5d5b-cc8d-46a7-87c0-d636b05971b6,03cd6810-cfaa-4504-87cf-0cf06c4a7b7c,3,2025-06-01 12:47:18
9b688a92-852d-4f37-8034-cf10aa0135ec,11a95586-71f0-4f28-a040-8de8dfcf21b4,6,2025-06-01 12:48:32
05b836f2-bce3-443f-ba2f-3f60d28dde1f,adcaa29d-b0b1-44e0-8de9-1876621078d1,3,2025-06-01 12:50:25
69003978-3e50-4d73-abe4-798e124a4dcd,10c477f0-68f5-4d8c-81dd-f0c4280e2c78,2,2025-06-01 12:47:52
7c4da5f4-3e03-4a81-82b2-6482ac914587,bd929a43-a65e-4602-88fe-8197c495fb6c,1,2025-06-01 12:48:33
6032a4a4-0cc5-4e76-8238-baced755bcf9,a2305233-beb6-423a-9f61-d6731e382289,1,2025-06-01 12:53:34
557747a2-0e56-4dbf-9d13-1ab441ee8c0f,b76cdac6-81cb-40f8-9167-03580af00d2d,8,2025-06-01 12:46:29
6c912ef5-bdbd-4bba-9f76-45b5b19af2b2,608b5009-cb1e-478e-a286-e124d1718b38,1,2025-06-01 12:50:58
58747ea3-09a4-4cec-adee-95248a1d1063,4a4d4d62-e51c-4f8b-9c91-61f631a9cb65,1,2025-06-01 12:47:30
92864290-0b9b-4045-85ae-e48197ccf7d8,6a948c38-6bf6-47c5-a8e6-6842a66051a4,2,2025-06-01 12:50:52
45b2daaa-07fc-47c4-b7e5-499a3a2afc25,ac96099d-fed9-4561-b7ed-1e34eb28f2ac,3,2025-06-01 12:47:05
05b836f2-bce3-443f-ba2f-3f60d28dde1f,7424f629-0549-4171-929e-125ec5e7cb86,5,2025-06-01 12:55:10
7b2cd430-1ead-4bee-8f4c-d948378e3cf8,b9c98838-e458-43a7-9de7-9029208e8958,8,2025-06-01 12:48:12
f413f3b0-0ce3-4780-8b03-40f9011f3eb0,2cff9436-68c8-4c8a-a485-5750bd104023,5,2025-06-01 12:48:43
4590e13d-bb86-45e8-bd4b-4821a81ae9eb,fb04569a-e5a2-44b3-91a3-49e5b022a895,1,2025-06-01 12:47:29
c94e2bf5-d6ee-4fb1-8c2a-dd969e7ba75c,3c364ab4-d847-4c37-ac92-013f47674524,1,2025-06-01 12:47:03
02d44934-5f26-4485-b9d7-7b0eeadbdc39,e5adae2c-9541-4a41-aa08-c2e056a67b5b,2,2025-06-01 12:50:19
cb94876d-228f-411e-9e1c-2259f6e621ef,a118b084-0160-48a0-86c6-b42c5d608920,6,2025-06-01 12:46:47
a3aab533-b41c-49cb-9df3-7cd6cc4a8026,a26430c8-1dc6-4c10-96ee-99f0a8071c4e,2,2025-06-01 12:46:43
ba31f64b-ae6b-4473-90be-e9cee9068aee,db8f6b7c-1bc6-4f54-b529-75b5a84a1eaf,6,2025-06-01 12:47:11
92864290-0b9b-4045-85ae-e48197ccf7d8,191d3533-fd41-44cd-945f-1ad4a5eaee43,3,2025-06-01 12:50:33
aef2af8e-7c75-4abb-b878-6d09042a536c,bb424c62-37dd-4f25-8a11-13dead85e886,2,2025-06-01 12:46:51
c594b2d1-70e7-4333-85b7-8e99fc6ae84e,52f3713a-7332-4eed-9a7c-c880d080af1f,4,2025-06-01 12:50:28
74d1e30c-4af1-4c2f-bca5-8c0156ed6e26,ccd672ae-4679-49ea-9381-d386dc8173c3,3,2025-06-01 12:52:58
fde979e6-759a-40c4-b155-7a1a491502bc,297b4c53-3d66-4c5d-be70-80912fee7ea4,1,2025-06-01 12:54:27
6032a4a4-0cc5-4e76-8238-baced755bcf9,801e9a4c-9d44-4699-9518-485cf33050ea,1,2025-06-01 12:47:54
71413eaf-9b1d-4d6d-8ba9-8133c840b90c,317dbe2f-9c20-48b3-89be-33fcd8fe80a7,10,2025-06-01 12:46:44
b6220feb-f19b-4016-8a58-fce1a8144338,41571f6c-c667-44eb-816b-13457ed4fe6c,1,2025-06-01 12:47:01
e4878c87-bb0f-499f-953a-f9fd944d7b26,ac5fe3e5-c30b-4987-9016-81e1745d75ba,1,2025-06-01 12:46:54
aa8f8819-0e47-4d50-b78c-3a3f4ffd0fac,eff79c32-31ce-448e-8298-d9d48294e006,9,2025-06-01 12:46:37
48e48e79-e795-407a-a31d-843a9468961c,0bbde514-fa83-4157-a967-c84e3d8d9acc,6,2025-06-01 12:46:40
873fcba2-a79e-4109-b5bf-c0902f75fad2,88ff17d4-b815-47cc-9e5c-78ff4e11620e,7,2025-06-01 12:47:07
1bf7f464-1780-4605-8807-1f134dd27d7c,7774aced-9428-4890-9ef0-9c3f94c06b0f,9,2025-06-01 12:50:17
2ab22637-b466-48d9-81e4-5ebb890cad70,65be18dd-7081-42fc-a828-39a9757a1a54,7,2025-06-01 12:48:12
517eda1a-4378-45c7-8183-a13390f2df59,a6872408-9953-456b-9057-c3df444123dc,1,2025-06-01 12:46:27
718a0870-91ed-4fd6-9fa4-b247cf74e1e7,6f1123db-2be1-428c-b346-41bd6ce54d96,4,2025-06-01 12:49:25
48af3363-ab0d-406b-a6ac-90c13747d1a7,319834f6-e478-4eb2-9dfb-76fbd6a93ca7,3,2025-06-01 12:49:28
2ef7b26b-3ae0-45a0-a854-4b2a70ead63a,ffa0c587-09ae-4f8c-8b63-dc9e39cb2fdc,2,2025-06-01 12:49:02
852c9d1c-aae8-4566-bff4-ae1121680fb1,bc0b6834-dd6a-4f6a-9caa-df40a0aac00e,2,2025-06-01 12:53:17
a570c445-5c1d-4aef-b7cf-eee17546daa5,732b9d2e-3787-4d98-bbd9-950af91c2d59,3,2025-06-01 12:51:08
c94e2bf5-d6ee-4fb1-8c2a-dd969e7ba75c,4d60ae49-b6ef-42da-9f83-2be2a3aace45,4,2025-06-01 12:50:07
4ba3af36-b716-44f0-a4b3-471bfbe07911,cfeb8ab0-ada4-4312-ab83-78c47189f582,5,2025-06-01 12:46:46
557747a2-0e56-4dbf-9d13-1ab441ee8c0f,e9814b21-70b7-4f03-95df-e979dab67ba8,6,2025-06-01 12:46:59
486939e9-74a3-446c-83b7-cbb0e5051c92,a0fd5f90-6eb8-41b7-92b8-30815e00efac,2,2025-06-01 12:46:28
995f7ac2-0dfb-4783-b7ba-df2ff6e8fa05,4b62a0b6-c8e3-47bf-a043-073a2b53d07d,1,2025-06-01 12:46:32
71413eaf-9b1d-4d6d-8ba9-8133c840b90c,eaff9ea9-ba29-421f-a8f5-7d6f7e242c78,6,2025-06-01 12:47:15
36a6f5d2-0e9d-49d5-ae5b-4124badd0427,14205c86-31e4-4aa8-b8ae-a0d36226b49f,5,2025-06-01 12:47:29
39585552-47dd-4a7a-9b69-a76f9a2a13cf,fe65d94d-39a6-4c28-9562-a8b0840e2504,1,2025-06-01 12:50:29
e90b94c0-4697-4e55-8d70-d315c0e5c2b9,f6927974-ee83-49a0-be9b-6730065a4579,4,2025-06-01 12:47:06
ba31f64b-ae6b-4473-90be-e9cee9068aee,a70675d9-b5b7-4e81-b4dd-a73962682871,1,2025-06-01 12:46:40
45b2daaa-07fc-47c4-b7e5-499a3a2afc25,0c015426-6d87-48da-950c-601dc512a05b,3,2025-06-01 12:48:38
5b6d3a44-3430-4936-854b-526acf80b8db,54e485b9-af10-40f9-a9cc-eb3f62befbd7,5,2025-06-01 12:50:23
b8f96e20-3f67-436d-9a97-743b1c44ae59,55ee123b-78de-4143-a854-7ea7056bf7ac,1,2025-06-01 12:46:44
e8b00b61-6f21-4852-b390-dac1c18f1885,e8ea5ecb-84a8-4549-8faa-48578963249a,4,2025-06-01 12:47:23
c505dec7-113c-48a1-b910-7207a5410442,090b789b-d2e0-4393-8323-5b47ecbba5fb,1,2025-06-01 12:49:21
d8a9e9de-1c73-4ba4-a4e0-e9d0103003d7,b17c3234-41f3-4417-83d2-b9d72c956298,1,2025-06-01 12:48:08
9f5cf36d-99cf-4516-b78d-6ccc1301e9c9,964fae14-a8da-486e-be43-ed9e52f14e4c,1,2025-06-01 12:46:44
6a585529-95e8-4b3f-927e-77d553514ba7,715713f2-41db-4d97-ada7-21c027d7b497,6,2025-06-01 12:46:56
f48dbdd2-667b-4783-ad8d-3d353f449fe6,4c64bb5b-c848-4a5a-86bb-e61fac6998b2,1,2025-06-01 12:48:44
cc23115d-c0ab-4897-aff8-a3e0eb83f83d,eeb1f3b7-e588-49b9-b09c-9a5a2145d32d,7,2025-06-01 12:48:50
7d17d440-8b10-4ca5-90ee-ed49b31cfe50,19eae2f5-d402-46e9-a756-025cbb86c6ec,5,2025-06-01 12:46:30
05b836f2-bce3-443f-ba2f-3f60d28dde1f,8c458a6e-5f2c-47f0-b5e4-c2122d48e5b8,5,2025-06-01 12:47:42
83e24830-9706-46ae-a9d5-4d4b4e8d01f8,628b65c8-ac1f-42fe-82ab-c60a5d4c562e,1,2025-06-01 12:46:32
66d39dd6-2a42-4e62-9123-533c681792b2,655f43cf-4f73-4861-b977-8d8ff25f4105,1,2025-06-01 12:51:43
39585552-47dd-4a7a-9b69-a76f9a2a13cf,3d3463dc-6ba8-4c39-94aa-0d3bdae62e47,3,2025-06-01 12:48:49
f961a819-5bd1-47d3-8c87-b3333eec898f,3e9ecf0e-1182-48e0-93d2-0526bd2fe801,1,2025-06-01 12:49:23
47f13d82-506b-4a8f-a5a3-ee0cb1fe31ea,bec7c0a4-2960-40d6-946a-2275a9686b28,5,2025-06-01 12:53:48
1136fad3-f2db-4e40-b294-7aa52287c216,c086571d-b197-4fae-8ddc-cbaf7f1b030a,5,2025-06-01 12:54:28
165343af-437e-49f3-8005-3a121d87f407,cbdd94c1-3c1a-4d56-a5ac-7a9d4614f74f,3,2025-06-01 12:50:18
8e151f85-f7ab-4791-bd64-54300cac95b7,c0122721-68b1-41fe-a04d-5f32baa682ce,1,2025-06-01 12:50:39
ad517b37-a5c3-49cd-b2e4-0ebe2476f8ba,9cf1c5a9-03a9-4314-ac90-9bd5a520cc29,3,2025-06-01 12:52:11
21b8024c-44de-41d8-988c-70794e6d8a35,4135f9f3-e64d-497d-b574-920e8d3c1614,1,2025-06-01 12:47:20
711fa63c-b4b1-4911-8eff-a32036eeac57,5b4e01aa-15bf-40f4-b9be-c21594fb100f,1,2025-06-01 12:48:31
8ee750ad-4097-469a-96b9-4421ae8e71c8,80e6b25d-5f64-4a21-a509-4f0d5280c4fa,1,2025-06-01 12:47:00
2ef7b26b-3ae0-45a0-a854-4b2a70ead63a,9cfcfecb-7ada-4248-8070-a1702e1d703a,3,2025-06-01 12:49:16
a24ec544-9b81-4b0f-8ef1-399874c07d19,8aea17ce-3246-44f7-8a38-e27c2e8321a4,3,2025-06-01 12:47:57
c6777e4c-f3f3-464c-abf1-500f7d167a19,ef52afda-fd3d-49b2-ac8a-c0f81f06f630,3,2025-06-01 12:53:40
e8a59949-845e-4298-9ea1-adfe34584a95,d42aecdc-5c64-4959-bfd1-7531b9b9ab6f,2,2025-06-01 12:53:25
54e04874-bcf2-4889-8e52-b5e09085c495,0ed8e1bc-3505-4124-bacf-214e6a95ab59,1,2025-06-01 12:49:39
165343af-437e-49f3-8005-3a121d87f407,34498304-1878-42c9-9f69-4b798cdbe328,2,2025-06-01 12:47:24
380986b1-30dd-4bf0-999f-6b6901a5802b,2816c816-da1c-419b-9519-e81d833abb79,3,2025-06-01 12:46:44
b8f96e20-3f67-436d-9a97-743b1c44ae59,f3f16bb1-b784-4519-9dab-ebdcc16e2f28,1,2025-06-01 12:48:05
7eddb22c-aa0f-43f1-9def-0d3fdcce7720,2e4637ea-13d3-478b-8351-9ad8d011aa7a,8,2025-06-01 12:46:51
165343af-437e-49f3-8005-3a121d87f407,5c3c1475-ba3d-4b2d-b5da-eb3da6763a6b,4,2025-06-01 12:46:59
f7b194b3-4917-4a4a-b340-f3f61a7925c1,c9d3f86d-4d11-4af4-b8e1-77064583cb3a,4,2025-06-01 12:51:33
e194469f-68ab-404b-8c19-87c7fa58c1da,5493de7b-88c7-4505-98e1-96ef9ca42bb6,2,2025-06-01 12:46:31
fe8e4ec6-f72a-4c5f-b8e7-6e2cbfdd44ae,3be2a8d0-d114-4c27-a8cb-fad1f5e366e6,4,2025-06-01 12:49:28
a9600835-5de4-4457-9b99-69790b1e60ca,cfeaf23d-c2f5-4fa3-a6c5-a9e32a6b4757,2,2025-06-01 12:46:32
33076f50-1722-468d-bc9a-0b1495722daa,96e76766-26c4-42a8-b7bd-426184022c45,2,2025-06-01 12:47:54
418056e5-935c-42a3-8fb5-857e7e599bb8,1d9811bb-88b5-4718-a8ba-d48f35d368a2,3,2025-06-01 12:47:45
5cdb5d5b-cc8d-46a7-87c0-d636b05971b6,0cb63ca8-8cfa-48ab-a7ee-fd473b85b784,3,2025-06-01 12:49:03
8e151f85-f7ab-4791-bd64-54300cac95b7,830ae549-abf1-4a38-944a-2fe6369dade2,8,2025-06-01 12:50:33
71f96703-a810-45c3-a263-878bb825282d,03c890ef-509f-43d9-b307-297d86a78370,1,2025-06-01 12:55:04
9b06c1d0-9d36-4943-8dc4-b70e06af9737,1b338a7a-073a-4e3f-9ce3-582e91b301c2,3,2025-06-01 12:47:38
cb94876d-228f-411e-9e1c-2259f6e621ef,576a48a3-cb52-490b-890a-69852a8d08a3,5,2025-06-01 12:46:46
244dd2c4-a5af-4ba8-a045-5dc0ac8f0567,e69a876e-94ef-4fc0-9ede-5e154316048e,7,2025-06-01 12:46:46
36472a12-3bc5-47e4-be8c-5ccbf9d2467e,8f4c1a69-063f-4150-852e-8156fdf91d9b,2,2025-06-01 12:46:28
e8b00b61-6f21-4852-b390-dac1c18f1885,0e43bee0-f0bb-430b-b311-c89508fd8ec6,9,2025-06-01 12:47:18
be56fbac-6869-4420-a693-43f371f8e341,b93e5a46-33f4-4149-82c4-245f647da055,10,2025-06-01 12:48:42
3ce78d52-0eb9-477a-b6a0-5de3651a3e92,da1c8fd0-b899-436f-bdfa-d5a986b178aa,4,2025-06-01 12:47:57
71f96703-a810-45c3-a263-878bb825282d,9603822b-342c-4b0c-ad85-3afd54e1dd39,2,2025-06-01 12:52:26
86cd3b3c-8b8d-4b6a-92a7-c565063e3a12,dd348500-1ba9-49d5-ae74-91d596dd830e,3,2025-06-01 12:47:05
0d64867b-8842-4167-a656-b04a5a0334ac,282e1e17-28f1-4bbe-a04d-4c5d729bfb50,2,2025-06-01 12:48:23
3ce78d52-0eb9-477a-b6a0-5de3651a3e92,1495a3c2-2505-4aee-b000-dec23828a2ae,5,2025-06-01 12:49:29
4590e13d-bb86-45e8-bd4b-4821a81ae9eb,ca6763c8-8d3a-4523-a604-c7fb4d0ea5c9,1,2025-06-01 12:50:50
6a585529-95e8-4b3f-927e-77d553514ba7,14e07cc6-386d-4867-b04b-c8eb94df92b6,1,2025-06-01 12:50:49
8ff5962e-8adb-4927-9c9c-1f80695ae1f2,9c35429f-2b83-49f1-8740-3cab5e441303,2,2025-06-01 12:52:17
21b8024c-44de-41d8-988c-70794e6d8a35,f7e1349d-ceb5-47e0-acf5-15453ed6cfad,1,2025-06-01 12:48:02
517eda1a-4378-45c7-8183-a13390f2df59,8fdddc84-87c6-4bc4-904b-f5b5c4b3ddaa,2,2025-06-01 12:46:58
6c912ef5-bdbd-4bba-9f76-45b5b19af2b2,4f5a91da-ba0e-4751-8036-793fb09a658a,1,2025-06-01 12:54:17
d4972132-56c8-46fc-afa7-1912d21dc2d3,114063a4-a506-4f02-8bea-701b8a15ffa5,5,2025-06-01 12:51:24
48e48e79-e795-407a-a31d-843a9468961c,9dcc1935-b1a1-4750-9210-c83d640aa0d1,2,2025-06-01 12:49:28
4b2960c6-6898-4b6b-bd37-fc93d41221f4,051b0bc6-689c-44ba-b027-010cddfdfc90,5,2025-06-01 12:53:02
36a6f5d2-0e9d-49d5-ae5b-4124badd0427,5ac9f380-21b5-4ab1-973e-60e76ee5a751,3,2025-06-01 12:47:10
49055dd4-19fe-4097-9e79-c9be835cb404,2d8c58c8-875f-42e2-98c8-a4ba40cc2662,1,2025-06-01 12:49:46
f9c7276c-bd3b-4ac6-baaf-917b85a9c5f9,2e3b64f8-fa4d-4042-9d19-d9e47f12a641,8,2025-06-01 12:48:28
a0002e94-7616-4ee3-8233-4cabc80587ce,cfc7e1fc-0958-4322-b320-78871c829169,4,2025-06-01 12:46:59
f413f3b0-0ce3-4780-8b03-40f9011f3eb0,ab738f40-67f9-471e-bc06-7821f255261d,3,2025-06-01 12:48:26
1ee0e7fc-4d76-4180-89a0-6ed4b9e71144,902beadd-afd0-42fe-8404-6dbced749ef0,2,2025-06-01 12:53:02
7c989baf-0f9e-4aa2-966e-57bd6e052693,1118ce93-5e71-4d4e-9444-1c7b957ec6ea,1,2025-06-01 12:47:51
ed6275d1-2b58-4f72-80e1-e63975385581,ca0a13c1-2eb4-4a68-8a95-3c5a407dc3bf,1,2025-06-01 12:47:23
8571d666-dda3-4e63-9e58-ce694d49f3d0,801fa562-7bc9-4f6c-b7b7-d554b0ad361f,1,2025-06-01 12:52:39
2ef7b26b-3ae0-45a0-a854-4b2a70ead63a,21899e3d-c6cf-46ed-bf99-a5a8bcee9ab6,5,2025-06-01 12:47:38
e4878c87-bb0f-499f-953a-f9fd944d7b26,23d88bc0-0ec7-43a9-8d47-1ebdbad3ccff,2,2025-06-01 12:46:28
4ba3af36-b716-44f0-a4b3-471bfbe07911,a067a12c-7244-4a16-a606-e6743a69df1b,2,2025-06-01 12:47:36
f9c7276c-bd3b-4ac6-baaf-917b85a9c5f9,d786fe33-cbd4-4b34-92bb-e717b9c1e737,4,2025-06-01 12:49:43
a3aab533-b41c-49cb-9df3-7cd6cc4a8026,f11054b5-3af9-461f-a117-f011a8f7a2dc,2,2025-06-01 12:46:31
02d44934-5f26-4485-b9d7-7b0eeadbdc39,c02c6061-4c08-41f9-9d7c-5f005cacce2e,3,2025-06-01 12:53:00
fe8e4ec6-f72a-4c5f-b8e7-6e2cbfdd44ae,62928215-cba6-4f60-916e-f3a638017855,1,2025-06-01 12:46:37
a65daa85-a82b-4ea3-acf9-2e2a485db699,0e2297a9-092c-4dc0-964d-c3b409f1f717,1,2025-06-01 12:54:09
beea0a92-9a2c-4575-ae14-a7c19c4b979e,db719540-fe88-4e7e-b540-529ae3704729,8,2025-06-01 12:46:52
4b2960c6-6898-4b6b-bd37-fc93d41221f4,2dc41503-5d54-4582-b457-b92a30b0534c,3,2025-06-01 12:51:40
8571d666-dda3-4e63-9e58-ce694d49f3d0,66363b7a-fc6c-4dfd-8542-6c896c5804dd,5,2025-06-01 12:46:55
3b90a327-1a43-47d1-83cb-2d85f27edea3,1287fc0f-6d48-4cf1-8f88-1fe2c93d4d95,5,2025-06-01 12:49:32
18f28c45-cb59-4c07-9335-27a9743e3d4a,6ee14d3a-5506-4169-8810-9ab0d5cb16b0,7,2025-06-01 12:47:15
2ef7b26b-3ae0-45a0-a854-4b2a70ead63a,8e833b68-a305-4196-90ca-04f2ce435e9b,3,2025-06-01 12:47:46
a793d812-e511-4ce2-80df-07d03b82fd60,56df34a3-7d35-4b35-9d7c-0b4aecfd296c,4,2025-06-01 12:50:24
48e48e79-e795-407a-a31d-843a9468961c,3d597b2c-699c-4e0f-bfcc-ecc9fa0ea2f3,4,2025-06-01 12:48:42
4284f7dc-b1b6-453a-b95b-f538d86df698,5bd6ac8d-852e-4da1-b63c-153faa6231c9,5,2025-06-01 12:52:24
a24ec544-9b81-4b0f-8ef1-399874c07d19,018c3dd5-8dcf-4126-bb11-e37189ad3c57,2,2025-06-01 12:47:28
1ee0e7fc-4d76-4180-89a0-6ed4b9e71144,de780890-8c20-4aba-b7ee-3abee9903b08,4,2025-06-01 12:48:51
36a6f5d2-0e9d-49d5-ae5b-4124badd0427,7f7af98a-dca5-4393-b0c2-f645886ce545,8,2025-06-01 12:47:18
8ce7e3f5-ef35-4c8d-a620-0c33c511a37e,3de1cd29-3068-4658-8f52-0572bb741ddc,4,2025-06-01 12:46:31
66d39dd6-2a42-4e62-9123-533c681792b2,89170f7a-1089-4c7a-9693-8713eacb085e,3,2025-06-01 12:50:11
a19cec2e-30db-4a51-a7dd-650b26d77dbd,1c50ed57-7659-40ae-a495-da074f156274,1,2025-06-01 12:49:45
a98d385f-aecd-40b6-8d38-717d5ab8181c,4dbb26ab-b9a0-4af6-b908-834070f9884f,1,2025-06-01 12:48:31
7c4da5f4-3e03-4a81-82b2-6482ac914587,e7439808-2db7-41e2-b862-863d0b0a8b76,1,2025-06-01 12:46:43
83e24830-9706-46ae-a9d5-4d4b4e8d01f8,9a92d956-f791-4301-ab02-abf2aabdb261,1,2025-06-01 12:47:12
557747a2-0e56-4dbf-9d13-1ab441ee8c0f,6a28551d-a17d-4cfc-8dba-2f5bbac6d1a4,5,2025-06-01 12:47:05
f413f3b0-0ce3-4780-8b03-40f9011f3eb0,8136cae2-0380-4f7f-8cb6-44bc27a1f009,6,2025-06-01 12:48:28
48e48e79-e795-407a-a31d-843a9468961c,ac514644-8540-42d8-a4ab-075df2d726e7,6,2025-06-01 12:47:56
9b06c1d0-9d36-4943-8dc4-b70e06af9737,91e9c9b7-7b19-4db0-aff4-3eea6c52aec3,1,2025-06-01 12:47:42
f9c7276c-bd3b-4ac6-baaf-917b85a9c5f9,71863c64-bc0b-44f8-b8e6-fdac29a35401,5,2025-06-01 12:49:01
cb94876d-228f-411e-9e1c-2259f6e621ef,e7d283a9-2fda-4030-8a2c-4d90af423c46,5,2025-06-01 12:46:40
71f96703-a810-45c3-a263-878bb825282d,401d5b93-9f8b-4ae5-a59e-b4c3f6c1455c,2,2025-06-01 12:48:40
3b90a327-1a43-47d1-83cb-2d85f27edea3,75d680c1-8b51-4cce-8480-2c9b4fc8d0ee,5,2025-06-01 12:48:36
48af3363-ab0d-406b-a6ac-90c13747d1a7,eac36350-3f7f-412d-bccd-ebbb5682b4b5,1,2025-06-01 12:48:11
83e24830-9706-46ae-a9d5-4d4b4e8d01f8,567825dc-8c8b-446d-a73b-0735432c5e85,1,2025-06-01 12:46:53
78f63522-c5ee-4629-84f0-a0bf31d20a44,429be69d-c152-4330-b7db-e8ac61a9ab72,1,2025-06-01 12:47:28
9add181b-9e4e-411a-9d10-6feb7372f84f,1b71ec1b-478c-4e4d-9442-2ad7300e3956,2,2025-06-01 12:46:48
f9c7276c-bd3b-4ac6-baaf-917b85a9c5f9,23894aba-bf56-4e53-8846-c97569d64877,4,2025-06-01 12:47:46
e194469f-68ab-404b-8c19-87c7fa58c1da,4562bfbc-3b7a-4834-9460-dc974ef6252a,1,2025-06-01 12:46:50
c594b2d1-70e7-4333-85b7-8e99fc6ae84e,63a08f43-9e2e-447c-86a3-1e9522a240ef,7,2025-06-01 12:47:37
92864290-0b9b-4045-85ae-e48197ccf7d8,fc1b4e44-fbb5-4c4e-b8ac-6bb2ba9fe300,3,2025-06-01 12:52:07
2eeda23b-0b72-49a5-9548-d51ff3f19ee2,ff9098ef-9b5f-4df8-9a83-011ef7db3da8,3,2025-06-01 12:48:33
e8a59949-845e-4298-9ea1-adfe34584a95,0ce22fff-3b9c-4b81-82ce-798f94a6bb85,1,2025-06-01 12:52:54
165343af-437e-49f3-8005-3a121d87f407,fa1ad2bc-237b-474f-9bcb-2a166be5cc12,4,2025-06-01 12:48:26
f48dbdd2-667b-4783-ad8d-3d353f449fe6,6dc0a386-1c82-4de2-a63a-b7c24749f4fd,9,2025-06-01 12:46:49
3996f52f-da76-467f-9477-c73db69c17fe,9cc24c67-a729-44ca-9a88-98896ee769fb,1,2025-06-01 12:46:42
06c93798-cae6-4833-bffd-b3642270ee42,eebf5961-cd07-44a9-a2e1-e29c1ff3fd7b,1,2025-06-01 12:47:33
a0002e94-7616-4ee3-8233-4cabc80587ce,eea2e36b-f63b-4b72-af1a-6ff9c10e7f90,4,2025-06-01 12:47:45
b16a7e9f-f1de-4486-acc4-78ff411a0252,2dd4f2e6-b8db-46c5-bf53-102875bae273,1,2025-06-01 12:50:42
aef2af8e-7c75-4abb-b878-6d09042a536c,ac9f5c98-e248-4709-b5d6-2bd1f800df67,2,2025-06-01 12:46:40
a65daa85-a82b-4ea3-acf9-2e2a485db699,321d384d-16af-4348-ba90-d013be9a65f4,2,2025-06-01 12:49:51
0b717939-c4ae-4e92-9fe3-5611e1e139c7,72625f9c-3c3d-40ea-99ac-3b4b7b1b17a5,2,2025-06-01 12:46:48
f7b194b3-4917-4a4a-b340-f3f61a7925c1,f8a10ce6-c650-495c-a703-6b7ff8bcaeff,3,2025-06-01 12:46:55
f48dbdd2-667b-4783-ad8d-3d353f449fe6,87103631-ea10-47bb-97a8-d6a68653ef0a,2,2025-06-01 12:48:29
8075a89e-3b5c-4754-88bc-1d047c4f5a14,798e8722-d0a7-4331-8f11-cd5468f8f71e,4,2025-06-01 12:47:23
71413eaf-9b1d-4d6d-8ba9-8133c840b90c,6b872850-1dd2-4c0c-b65d-c5bcfb15b00b,3,2025-06-01 12:47:58
beea0a92-9a2c-4575-ae14-a7c19c4b979e,ce2b0d40-54ac-4659-a035-1e0aa817cd92,1,2025-06-01 12:47:18
557747a2-0e56-4dbf-9d13-1ab441ee8c0f,c4dc5982-38f7-40cb-a7a0-17cbea461195,3,2025-06-01 12:47:08
c9b4624b-c346-41d2-b8d9-4ca0dd238369,b491f931-25c1-4c0e-8457-088cf826ed9b,3,2025-06-01 12:48:57
83e24830-9706-46ae-a9d5-4d4b4e8d01f8,d048ca30-bc96-4c89-b922-468431985968,1,2025-06-01 12:48:00
74d1e30c-4af1-4c2f-bca5-8c0156ed6e26,7c02b669-e629-425b-bd89-20d7dab15365,5,2025-06-01 12:49:17
b96a124b-f150-4259-80dc-ed7468ccd2cd,9a61a5ed-ba35-4864-a84a-861fb4b70643,3,2025-06-01 12:50:22
fcbe376f-8c0d-4a25-a505-d421f7df960f,cb688d7b-935e-4f95-b013-0e09ab5735c3,2,2025-06-01 12:48:52
6a585529-95e8-4b3f-927e-77d553514ba7,d017cb10-74dd-41a8-85d9-dccfc40591a4,4,2025-06-01 12:50:31
6acba6d6-fac7-4397-91c1-fb250ff57896,c464c38f-2194-4e40-a30f-d1d28f9dbdb7,3,2025-06-01 12:48:55
19a235f7-86e3-4886-8a22-c4efedee5fd3,9fb32341-344e-4491-9fc1-80e70e648760,4,2025-06-01 12:51:39
2ef7b26b-3ae0-45a0-a854-4b2a70ead63a,5021eb2d-f377-4285-bb95-bbf3a1c4cc7a,4,2025-06-01 12:48:16
a9600835-5de4-4457-9b99-69790b1e60ca,2dbe5319-2f01-44cf-8a42-3299c5fba2b6,1,2025-06-01 12:46:34
4284f7dc-b1b6-453a-b95b-f538d86df698,c561acf5-f60b-4925-9270-d98408190038,3,2025-06-01 12:49:12
9f5cf36d-99cf-4516-b78d-6ccc1301e9c9,2db647f8-15cf-4d45-a593-7c61747a587e,1,2025-06-01 12:46:35
d0924492-70c0-4ccb-8b2d-ebd5fd9ddd0f,57a1566a-5ebb-4db5-9f1c-017ff27060be,1,2025-06-01 12:46:54
5523b27c-d97b-48d2-a596-cbb1b391aee3,47ca6f5b-96b4-4271-8569-a3d9ea1a56f9,8,2025-06-01 12:48:31
823c0532-adcf-4419-914c-5b5b7cba6882,9da8b981-3133-4913-b22d-9d8eec2f931c,5,2025-06-01 12:53:48
8e151f85-f7ab-4791-bd64-54300cac95b7,1662e57d-9a7c-4850-9239-797396ab966d,10,2025-06-01 12:47:38
7c989baf-0f9e-4aa2-966e-57bd6e052693,8c0719ec-cc67-4b8a-b26a-f355b16f97bc,1,2025-06-01 12:47:01
3f04891c-f548-4855-8597-c34d09f21ce9,7eb29f53-0103-499e-b3a2-3add83b1fd40,4,2025-06-01 12:47:51
21b8024c-44de-41d8-988c-70794e6d8a35,0c628b23-1d34-4955-b31c-718af8527ce8,3,2025-06-01 12:47:23
a570c445-5c1d-4aef-b7cf-eee17546daa5,1fd1b912-e74e-41f5-a973-f7c09010a2cd,2,2025-06-01 12:50:19
aa8f8819-0e47-4d50-b78c-3a3f4ffd0fac,bfce0cd1-2a19-45ac-b061-33f431461480,2,2025-06-01 12:49:09
8ee750ad-4097-469a-96b9-4421ae8e71c8,66bd4e74-0c5b-4019-becf-b25bc5bcec95,2,2025-06-01 12:46:36
d89e45f8-41f5-4cb4-8e47-2d11dc96f16f,4b3e8467-d8b9-4033-bffb-214592b657b2,3,2025-06-01 12:48:10
3f04891c-f548-4855-8597-c34d09f21ce9,a4176fe8-8d76-4343-85a3-a35f9c1335e0,3,2025-06-01 12:46:50
6acba6d6-fac7-4397-91c1-fb250ff57896,6dc620c7-9619-4b77-a2fb-09885601e367,5,2025-06-01 12:51:36
a3aab533-b41c-49cb-9df3-7cd6cc4a8026,dd1f0fc6-c024-4150-9920-cce79a6adfb0,2,2025-06-01 12:46:41
3b90a327-1a43-47d1-83cb-2d85f27edea3,b6f7170c-d21c-40d5-b830-7c566c130ed3,4,2025-06-01 12:48:52
a9600835-5de4-4457-9b99-69790b1e60ca,5e4c4ed7-2e14-4aa1-9fc5-e056960e473e,2,2025-06-01 12:46:35
e4878c87-bb0f-499f-953a-f9fd944d7b26,e8457b5d-1bc2-4e62-96f3-baa0a1e704c8,2,2025-06-01 12:46:42
787f166d-975d-4d48-bae6-5a5910f2fab4,29f67041-b6b8-406a-9e99-2ddcd81402f1,4,2025-06-01 12:48:39
0ed66b62-19b2-4f3c-94c0-53eac979c1c8,02ef6728-d943-483f-a02c-cd35df134133,2,2025-06-01 12:50:54
e7db63cf-b65a-4efc-a56b-7356996ec145,f2525d7e-50c1-4850-996e-aec7f5cd328c,2,2025-06-01 12:47:17
86cd3b3c-8b8d-4b6a-92a7-c565063e3a12,9c9a752c-bb18-45d5-aebb-f0cf08bf963f,4,2025-06-01 12:46:35
96eef4b8-bc04-47d4-be60-7f06365dcda2,5b529912-4f7c-4a8e-b853-55adae86b4e3,1,2025-06-01 12:48:37
244dd2c4-a5af-4ba8-a045-5dc0ac8f0567,f839ef1f-a015-4838-b364-a84a84deb1d0,4,2025-06-01 12:48:23
3b90a327-1a43-47d1-83cb-2d85f27edea3,2ba79477-fdf3-46ac-b9e5-f295334c65ae,5,2025-06-01 12:49:38
cc23115d-c0ab-4897-aff8-a3e0eb83f83d,5c054ddd-76f5-461a-87d3-fb3044609a2d,1,2025-06-01 12:48:23
d2b7454f-202e-40b4-b072-6ac86c3afcd1,db63a1e9-7ce9-440e-9e4a-86c471637e41,2,2025-06-01 12:47:03
186422ff-53df-40d0-99ac-a3602c0c47d4,e845701f-98d6-40a9-9aed-41108fb0a325,1,2025-06-01 12:50:28
36f5f23d-27ee-4c75-ad87-5191fb3c77d3,c928e5b3-fc61-4365-b5ee-0f84a4e51e0d,1,2025-06-01 12:49:26
a24ec544-9b81-4b0f-8ef1-399874c07d19,07ad1413-4f67-4da2-8369-1a0ec88e236e,1,2025-06-01 12:47:20
744cc7ad-cee4-4217-94d7-e48540f1e232,3ca10082-ca40-446e-b8ed-b5318bf4cd36,1,2025-06-01 12:49:33
3ce78d52-0eb9-477a-b6a0-5de3651a3e92,58dc6675-b4f4-489f-a63b-e08e18be776e,4,2025-06-01 12:49:50
1136fad3-f2db-4e40-b294-7aa52287c216,7259d7b0-13cc-45e3-ba09-a051103ebe58,3,2025-06-01 12:50:26
744cc7ad-cee4-4217-94d7-e48540f1e232,62857207-4908-420d-9884-884ee1acd2ef,1,2025-06-01 12:47:38
4c823985-3257-4fcd-8a53-0b8952895341,d25402a7-49a5-4e48-843a-3258a3752a5f,7,2025-06-01 12:49:46
dd787dcb-eb55-4d19-9344-f0f9f61764d0,eda67a70-342b-4544-a15f-b9cba123afac,9,2025-06-01 12:46:48
d4972132-56c8-46fc-afa7-1912d21dc2d3,0e22fb12-7d80-498d-be77-73fd32da6c57,1,2025-06-01 12:54:02
00154dfe-fc7d-49f8-bb45-268dca432172,b99fd717-63df-4c04-9ab6-59356ffe7365,2,2025-06-01 12:46:57
78f63522-c5ee-4629-84f0-a0bf31d20a44,d83e0683-94ee-451d-8f0e-00e8e6e11e0e,1,2025-06-01 12:47:47
78f63522-c5ee-4629-84f0-a0bf31d20a44,e6ffc651-f552-4033-a7f6-0d5ce407bea8,1,2025-06-01 12:46:52
e194469f-68ab-404b-8c19-87c7fa58c1da,c974fd3f-e3e8-4c87-b6c1-4aa673069081,1,2025-06-01 12:47:17
06c93798-cae6-4833-bffd-b3642270ee42,85e34c4d-1f01-4fa3-850f-2c96eb161dae,1,2025-06-01 12:48:54
c594b2d1-70e7-4333-85b7-8e99fc6ae84e,7bd08190-ffe3-4a49-9cea-7e797c163d9d,7,2025-06-01 12:49:14
066d8bb1-1257-4f72-aeed-ff5adcaf47e4,00a6e273-7dde-4542-9736-92455ab12206,1,2025-06-01 12:52:14
8150bddf-097b-460a-8203-a7d27de323ee,da4cefea-2aea-4aa6-bf54-3eb20f75efd1,3,2025-06-01 12:51:24
54026c98-653d-493f-ac9f-909e789d1ecb,065b0bad-f1f1-451b-a868-1b31e00a6da8,1,2025-06-01 12:50:39
6f9b5157-9d18-4c4c-a920-27e87cf59771,77bd8442-6c12-47c3-9ea8-ba37aced6276,1,2025-06-01 12:49:44
804a661b-e677-48be-a158-a1d0d70c8948,9720a54c-fa2e-4606-81d6-5855f34125aa,1,2025-06-01 12:46:53
74d1e30c-4af1-4c2f-bca5-8c0156ed6e26,6e875463-a233-42db-b8df-8075dd15a1c4,3,2025-06-01 12:52:17
dd13b924-d41c-42df-a291-896a71facf9c,b9f11b41-8b58-4710-9a7f-33c4208843b0,3,2025-06-01 12:48:58
2596cb27-ce8d-40e1-8b4b-5104c08e388f,234709f5-73fb-4ca9-bc7d-730ed7b3f51c,6,2025-06-01 12:51:07
96117d7a-3f5a-41f8-81fb-6eb8fda2b49a,1b426371-e180-429a-a329-cf200f6dd655,2,2025-06-01 12:46:51
3c494cc7-d65b-4d7b-bfd5-6d19ecd37cf7,c9c067d7-b4f5-43ab-8d37-b7c076cd1d6f,6,2025-06-01 12:48:21
297fad06-9f2b-4539-a2d8-87629b769dc6,e92c3d51-a46e-48f8-9b5d-663e3f29a15a,2,2025-06-01 12:47:20
74d1e30c-4af1-4c2f-bca5-8c0156ed6e26,59f831b3-8e8f-4a1f-af63-8b2aa97213f6,3,2025-06-01 12:52:03
aa8f8819-0e47-4d50-b78c-3a3f4ffd0fac,a22df8f9-1a0a-4760-b03e-4b313b2bed45,3,2025-06-01 12:48:53
83e24830-9706-46ae-a9d5-4d4b4e8d01f8,0e694e40-1ebd-4db5-916b-cd35955cbdd6,1,2025-06-01 12:47:06
186422ff-53df-40d0-99ac-a3602c0c47d4,b67b9c7f-105d-437d-9382-476600d41f63,1,2025-06-01 12:46:50
ba31f64b-ae6b-4473-90be-e9cee9068aee,15c9e5ae-86a3-43cc-bff1-e02603412a56,6,2025-06-01 12:47:22
aa8f8819-0e47-4d50-b78c-3a3f4ffd0fac,7825c78e-c90a-4c34-a90e-585844c421e9,4,2025-06-01 12:49:23
02263ecf-409c-46b7-b4a8-f1c4ce7b818c,40c45f0b-e4de-4303-8788-e3dda656fcd2,6,2025-06-01 12:50:37
58747ea3-09a4-4cec-adee-95248a1d1063,319b0a32-ac33-4fb6-96ec-717e262b3146,2,2025-06-01 12:50:08
3996f52f-da76-467f-9477-c73db69c17fe,163125c6-eb34-4d45-a9bc-768699b3aa2d,4,2025-06-01 12:46:55
186422ff-53df-40d0-99ac-a3602c0c47d4,bd51b6c1-81b5-4b3a-8d31-d0f8817119a1,6,2025-06-01 12:48:21
4be49d6c-56e6-4c85-b919-4f2d185d1b2a,06c712c8-af0e-406b-a329-508e9b93b3b3,2,2025-06-01 12:53:01
02d44934-5f26-4485-b9d7-7b0eeadbdc39,4554c166-affa-44a0-a54e-5a5e51f3c50e,3,2025-06-01 12:51:03
4c823985-3257-4fcd-8a53-0b8952895341,b2b797f4-ead0-41e0-89ef-8a35d69d7e8f,1,2025-06-01 12:47:34
a19cec2e-30db-4a51-a7dd-650b26d77dbd,214c5a21-6b8a-4571-b5e4-319cc359e8a3,2,2025-06-01 12:50:14
9db9de1b-ac0e-480d-b65d-9998a5af4431,ad328665-3a2e-406d-a833-59ea27b07a14,3,2025-06-01 12:50:22
3f04891c-f548-4855-8597-c34d09f21ce9,c3d54fa2-38e0-49de-8555-b7003b567d77,4,2025-06-01 12:46:43
96eef4b8-bc04-47d4-be60-7f06365dcda2,c9ab0dba-980a-4a8a-8cce-3be7833f7ac5,5,2025-06-01 12:48:27
ed6275d1-2b58-4f72-80e1-e63975385581,fe9dd173-1055-490d-996b-337bb03867a3,3,2025-06-01 12:47:56
8ff5962e-8adb-4927-9c9c-1f80695ae1f2,70a916ff-7abd-44cc-81eb-7762586ec92a,2,2025-06-01 12:46:50
5523b27c-d97b-48d2-a596-cbb1b391aee3,7a0467cc-6d96-4640-9bf7-fcc8a5f7b489,1,2025-06-01 12:48:06
5936e4cb-31d5-4249-94e9-cb8b47363d96,b3821695-0f7d-4ac1-9cdc-177d5fffb0fb,2,2025-06-01 12:47:01
a793d812-e511-4ce2-80df-07d03b82fd60,3b82e666-c6c6-482d-abbd-1f629e06d3bd,9,2025-06-01 12:49:18
988ad1f8-0b68-4096-a5be-ad4c0ec64342,0a05b872-a113-44fd-80f0-02a98810db5e,1,2025-06-01 12:53:11
8ee750ad-4097-469a-96b9-4421ae8e71c8,d691895c-3dff-4787-a52d-9f00488887af,1,2025-06-01 12:47:31
86cd3b3c-8b8d-4b6a-92a7-c565063e3a12,433c4d97-167c-4939-af4e-5bf36221af12,2,2025-06-01 12:47:01
d8a9e9de-1c73-4ba4-a4e0-e9d0103003d7,f1b3258c-11c1-4416-ad76-f194044b9ad2,6,2025-06-01 12:50:20
d52eeae7-ff3b-4e7e-87f2-d1a63f240c36,7da8598a-5629-4fef-b501-1d957103119d,8,2025-06-01 12:49:07
74d1e30c-4af1-4c2f-bca5-8c0156ed6e26,35660ef0-2192-4705-bc6b-21c4da3fd609,2,2025-06-01 12:54:59
39585552-47dd-4a7a-9b69-a76f9a2a13cf,8aa24ed2-2e4a-4850-9d70-a777a5647364,7,2025-06-01 12:46:55
71413eaf-9b1d-4d6d-8ba9-8133c840b90c,2ebbcfc1-608d-43d6-aa6e-747b53265b01,1,2025-06-01 12:47:13
e66f6abb-bc38-4f37-bf78-60902ee30591,3ac4c448-86fc-4b50-b6cb-203b83d60fa2,4,2025-06-01 12:47:16
e90b94c0-4697-4e55-8d70-d315c0e5c2b9,8de81ffd-a78c-4306-951e-833edc18f43f,3,2025-06-01 12:53:34
e861af0e-f383-4468-b612-ca0d25dd6b99,d7eb5f58-6919-4f4d-b922-0507d3d8177b,1,2025-06-01 12:48:10
fcbe376f-8c0d-4a25-a505-d421f7df960f,d4a09035-7385-49e0-9d56-d7a46f2b3c10,2,2025-06-01 12:47:36
7b2cd430-1ead-4bee-8f4c-d948378e3cf8,c0f81e04-729d-4724-bbe7-6f03a6951cde,8,2025-06-01 12:48:00
4c823985-3257-4fcd-8a53-0b8952895341,fe3e38d2-8ba6-4324-bc9d-415d82747196,9,2025-06-01 12:46:48
873fcba2-a79e-4109-b5bf-c0902f75fad2,f3ffd3e4-db4d-4b5d-bea1-246e6803de0b,8,2025-06-01 12:47:38
f413f3b0-0ce3-4780-8b03-40f9011f3eb0,33ab49d6-ce08-41b5-bd94-4da4aba58a07,2,2025-06-01 12:49:01
9db9de1b-ac0e-480d-b65d-9998a5af4431,4aeb18be-3859-4f49-9adc-e81e1509830f,4,2025-06-01 12:46:44
1136fad3-f2db-4e40-b294-7aa52287c216,73e33c41-709c-4aff-b4b2-4137f39abaac,3,2025-06-01 12:50:56
f96145d3-d944-4320-9ef0-c1444a7d2d57,1ab6de07-aa52-4be4-9d93-e64dda6788af,1,2025-06-01 12:46:51
8150bddf-097b-460a-8203-a7d27de323ee,37c214e4-a870-4712-bc19-bd02087ef767,6,2025-06-01 12:52:17
83e24830-9706-46ae-a9d5-4d4b4e8d01f8,126ead84-244e-4c1b-a406-6c1398fae8c8,1,2025-06-01 12:47:02
24f05ad3-660a-4225-a29f-28e665eedb9b,80e98343-c1fe-4d09-ae12-0a7e43f47911,6,2025-06-01 12:47:50
f961a819-5bd1-47d3-8c87-b3333eec898f,78945072-de4a-454f-b95d-8399bdf91e56,1,2025-06-01 12:48:13
b7d157d7-e727-48ab-bbd0-1e1386eff382,3c44bde4-b9ef-4e32-9fb0-7d1904a5073a,3,2025-06-01 12:48:29
d8a9e9de-1c73-4ba4-a4e0-e9d0103003d7,e76aab6c-00bf-491e-8704-2b5f4b90e652,6,2025-06-01 12:52:19
69003978-3e50-4d73-abe4-798e124a4dcd,940b96e2-1f14-40bd-baf6-af6f0f4fa671,1,2025-06-01 12:46:54
96117d7a-3f5a-41f8-81fb-6eb8fda2b49a,9143ca3c-29e5-407e-8cef-1e063b7f3dd9,2,2025-06-01 12:47:19
aacb9b69-8347-4f1d-a798-3ff88fddf8f3,7de364d4-a271-41c9-8f50-032d09bc1b6a,2,2025-06-01 12:46:53
dd13b924-d41c-42df-a291-896a71facf9c,c61e76e5-99b9-458e-8075-07de31a6b296,6,2025-06-01 12:51:19
cc23115d-c0ab-4897-aff8-a3e0eb83f83d,e30ee238-ecee-47f6-960f-49a87e84acb5,7,2025-06-01 12:47:32
f961a819-5bd1-47d3-8c87-b3333eec898f,8b185bd7-8b1d-44cd-a8e1-eacdb23172a6,1,2025-06-01 12:47:41
b3fbc593-b510-419c-b748-893e648586e5,e52131e4-5b45-4fc7-b3f6-c7ded3befe9a,1,2025-06-01 12:50:25
e194469f-68ab-404b-8c19-87c7fa58c1da,a7bd452b-8955-4019-891d-2e6eda49b8b0,6,2025-06-01 12:46:49
486939e9-74a3-446c-83b7-cbb0e5051c92,38999327-e377-4947-af51-d0410b107a46,2,2025-06-01 12:47:57
8075a89e-3b5c-4754-88bc-1d047c4f5a14,fcf5b98d-c5ae-47d6-8405-8206dcb5772d,1,2025-06-01 12:47:35
c6777e4c-f3f3-464c-abf1-500f7d167a19,8fc6ba5a-7350-471e-aa07-0dfab977dfa2,1,2025-06-01 12:48:29
54e04874-bcf2-4889-8e52-b5e09085c495,1b1e4a89-b9f4-4d13-9296-5f52d0ac3dd0,3,2025-06-01 12:52:11
d8a9e9de-1c73-4ba4-a4e0-e9d0103003d7,0ec16c57-7363-42f1-944b-f7aa2b9839c3,6,2025-06-01 12:49:45
e194469f-68ab-404b-8c19-87c7fa58c1da,f8271023-f7fc-46a4-a48f-9cb96627bb2e,3,2025-06-01 12:47:42
e8b00b61-6f21-4852-b390-dac1c18f1885,b410e098-c0e5-4008-839c-f0fadc2c7a1f,4,2025-06-01 12:47:26
47f13d82-506b-4a8f-a5a3-ee0cb1fe31ea,30320676-891f-4176-98da-3a2460405a7e,5,2025-06-01 12:49:07
a98d385f-aecd-40b6-8d38-717d5ab8181c,53e596fb-e842-48da-a66c-3a23c9bda459,5,2025-06-01 12:49:26
873fcba2-a79e-4109-b5bf-c0902f75fad2,af28e31a-a809-42ee-83a0-00131f9f0664,2,2025-06-01 12:47:49
d89e45f8-41f5-4cb4-8e47-2d11dc96f16f,5c8554d6-a261-4cf6-80f1-140f84005cb0,2,2025-06-01 12:49:29
7c989baf-0f9e-4aa2-966e-57bd6e052693,adea2ece-7332-4170-a68a-8a97570873b9,1,2025-06-01 12:46:57
6c912ef5-bdbd-4bba-9f76-45b5b19af2b2,f7623a7a-3fa0-494c-bcf8-733870345a3a,1,2025-06-01 12:51:40
9f5cf36d-99cf-4516-b78d-6ccc1301e9c9,6de872bd-2b49-43b0-9ace-ef2781e3eedb,1,2025-06-01 12:46:28
a65daa85-a82b-4ea3-acf9-2e2a485db699,bc4e8b58-18be-479f-8ad9-e72620730b52,1,2025-06-01 12:55:21
4f3a77ff-3275-479e-8735-a26ecff18749,071130d1-a56c-4399-b18b-1d2f8397d9cb,1,2025-06-01 12:46:38
21b8024c-44de-41d8-988c-70794e6d8a35,241c66de-80e1-4037-b37d-3dae52ae0ef4,1,2025-06-01 12:47:29
d2b7454f-202e-40b4-b072-6ac86c3afcd1,3ea81172-f2c3-426a-ae98-117ae259b697,2,2025-06-01 12:51:18
2c9c7526-4dfa-46cd-af1a-a7aea91f3bbb,761af093-e88e-4a22-8da9-511984273d20,1,2025-06-01 12:53:45
6acba6d6-fac7-4397-91c1-fb250ff57896,6b88dc2e-4d48-45a6-9d41-676af88ef3ae,1,2025-06-01 12:52:18
2596cb27-ce8d-40e1-8b4b-5104c08e388f,3cc27280-586e-4482-8b58-a847b0592293,3,2025-06-01 12:52:12
790c9c88-3b0b-4d5c-ab9b-c9053cf40abe,bd371c27-271c-4bfc-bf56-c44c582fd173,1,2025-06-01 12:47:42
96d48abe-083c-4a70-9675-80305fd8f55f,8a68a38b-f4ca-47f8-b9a4-6d47393b41fe,1,2025-06-01 12:50:05
823c0532-adcf-4419-914c-5b5b7cba6882,dd9d0d13-35f8-4bb0-8544-b805d061023f,6,2025-06-01 12:52:00
4ba3af36-b716-44f0-a4b3-471bfbe07911,7d4dff3a-86cd-4fe2-bc7a-0bebbc85103c,4,2025-06-01 12:47:28
96d48abe-083c-4a70-9675-80305fd8f55f,169f22f9-be1c-4d12-b16b-afec976521c9,1,2025-06-01 12:51:52
f3117bbb-f672-4e5a-9075-508ffbf825c1,f99d0605-c3cb-4cb1-8c02-9a100a5d4d86,2,2025-06-01 12:47:28
711fa63c-b4b1-4911-8eff-a32036eeac57,53bb848d-116b-4a9e-97fc-b9e6204edee9,1,2025-06-01 12:47:20
c2cb3ffe-52a3-422c-a383-b42fe7ca0d7a,387629cf-be51-4bf3-b384-74396a2298c0,3,2025-06-01 12:46:38
f413f3b0-0ce3-4780-8b03-40f9011f3eb0,6c3376f4-cb31-41d5-9713-cfb6f55b3cbe,2,2025-06-01 12:49:38
091d176d-94be-4ef7-bff9-59ed5b44ee13,cc707802-2cf0-468e-96c0-ab19cae9106c,5,2025-06-01 12:53:41
8571d666-dda3-4e63-9e58-ce694d49f3d0,04a160cb-989e-49a3-8553-cb1007579a82,3,2025-06-01 12:51:38
79be6110-ec38-4afc-b459-0e2deba25d27,bf0e2576-87c5-4c10-bbb4-be482c19338a,7,2025-06-01 12:46:54
8e151f85-f7ab-4791-bd64-54300cac95b7,31f2f3b4-5ed2-4ce7-946d-460e369e9617,7,2025-06-01 12:50:46
ad517b37-a5c3-49cd-b2e4-0ebe2476f8ba,b367134a-51db-4afe-b811-03b7d2741779,5,2025-06-01 12:49:51
9db9de1b-ac0e-480d-b65d-9998a5af4431,0e0bc430-bd86-4fe1-9ab1-b123cd560b51,8,2025-06-01 12:50:53
2c9862a3-40ad-4dc4-a7d4-9fef0db4ead0,d3424acc-316d-42c4-894f-7b1dfa074c26,4,2025-06-01 12:47:50
873fcba2-a79e-4109-b5bf-c0902f75fad2,001e8088-724d-4520-8b1b-0d32ac085fc1,7,2025-06-01 12:48:06
8a0dca87-ccb0-4eea-a8ce-4bb2703390c0,a48e8e53-a3a4-4be1-bb01-b3aa67b730db,1,2025-06-01 12:50:04
244dd2c4-a5af-4ba8-a045-5dc0ac8f0567,4b08a058-b9bb-4aa7-8a63-707e6afc46b0,2,2025-06-01 12:47:06
0d64867b-8842-4167-a656-b04a5a0334ac,79ba21ec-bb2c-4c6e-addf-1fc5588a98cc,3,2025-06-01 12:52:59
418056e5-935c-42a3-8fb5-857e7e599bb8,3f6308e0-6799-4980-bfb2-6877df1b68be,2,2025-06-01 12:46:49
5d8f955e-e878-4991-be1c-4353c74c8a79,32d27b1f-0ae7-4c9a-9cfd-eee01040ad85,1,2025-06-01 12:46:37
244dd2c4-a5af-4ba8-a045-5dc0ac8f0567,37973913-45da-4e77-8649-e8ee795063ed,7,2025-06-01 12:48:43
6563d906-7894-4132-90bb-b81a634d2d4e,d3f3d7a2-e669-4f51-b4e0-7eb7157cc7d5,4,2025-06-01 12:46:57
c594b2d1-70e7-4333-85b7-8e99fc6ae84e,285dd6d6-6227-48c1-9229-4f2da085ba04,3,2025-06-01 12:48:42
c2cb3ffe-52a3-422c-a383-b42fe7ca0d7a,731530d6-c8d0-474a-a79a-1fc00ae54462,3,2025-06-01 12:46:38
2c9c7526-4dfa-46cd-af1a-a7aea91f3bbb,0fca324f-37ee-4f46-9893-886f2a01740b,1,2025-06-01 12:52:22
04f39951-0d0d-4d8e-9be9-a5ec3782fbf9,72ab4ddb-fe98-4003-8687-92f08e7b5237,3,2025-06-01 12:49:56
4284f7dc-b1b6-453a-b95b-f538d86df698,36985013-4683-4b84-b421-81a899c6a1a8,6,2025-06-01 12:52:56
be56fbac-6869-4420-a693-43f371f8e341,7547c23e-cb2a-4622-8866-6e2671511e23,2,2025-06-01 12:49:37
8e151f85-f7ab-4791-bd64-54300cac95b7,76e00aa2-3107-4d98-ae56-799abddd6541,5,2025-06-01 12:51:11
8571d666-dda3-4e63-9e58-ce694d49f3d0,79212657-6541-4580-ba71-f2db86024851,4,2025-06-01 12:48:29
6acba6d6-fac7-4397-91c1-fb250ff57896,16058663-6067-4db6-83fb-dca4916b39f6,4,2025-06-01 12:53:56
be56fbac-6869-4420-a693-43f371f8e341,cc3978b8-fd95-48ac-9259-e3605d25a2b0,9,2025-06-01 12:47:08
3ce78d52-0eb9-477a-b6a0-5de3651a3e92,5ac18f5c-5821-4658-8329-63f49649cd5d,6,2025-06-01 12:48:45
00154dfe-fc7d-49f8-bb45-268dca432172,acfbd900-5abc-42e0-94db-55b79bd7698f,3,2025-06-01 12:47:15
d5ac9ab2-1178-4ca6-b15d-915d233518e2,d7903cb4-0b64-4c89-87f2-5cb6769e1c0d,2,2025-06-01 12:47:13
36472a12-3bc5-47e4-be8c-5ccbf9d2467e,b0f6a62a-210a-4276-bb55-1cf68d6f3a81,1,2025-06-01 12:46:57
49055dd4-19fe-4097-9e79-c9be835cb404,a73f493a-6a5e-48b2-86b3-baf161e85096,3,2025-06-01 12:48:54
4f3a77ff-3275-479e-8735-a26ecff18749,e4c536dd-aea2-443b-abf7-6b32f4f9b7ad,1,2025-06-01 12:49:17
5cdb5d5b-cc8d-46a7-87c0-d636b05971b6,0a83af55-1dc9-4323-a86e-132bab8bf10e,2,2025-06-01 12:47:44
823c0532-adcf-4419-914c-5b5b7cba6882,1e0138b1-5a2e-48c2-bf92-031a61d58efe,6,2025-06-01 12:53:53
f3117bbb-f672-4e5a-9075-508ffbf825c1,39cabc84-7aa0-4fd0-8cb8-570f68ee32a9,2,2025-06-01 12:46:44
8b9e2591-a20a-430c-ba14-8175a621dce0,a961c283-9dd7-4ed9-a598-74d44aeda3d3,8,2025-06-01 12:49:17
4b2960c6-6898-4b6b-bd37-fc93d41221f4,e0028a4f-5034-436e-ad92-4ff28c832e36,3,2025-06-01 12:50:10
bb92764d-c81d-42d4-ae49-127de898c2a2,b441ae3a-4648-449f-8e07-5efad7ccb65d,2,2025-06-01 12:48:23
cc5462f3-8ea3-45da-9bab-5555455b096a,37c971a6-deae-4d17-81fc-55153616c528,4,2025-06-01 12:46:27
790c9c88-3b0b-4d5c-ab9b-c9053cf40abe,da297bdc-8fe7-4cd0-b73a-702cfe799cd1,6,2025-06-01 12:48:38
22ebd6a0-0822-454d-8867-f2eae37c8cf2,ec532939-b0f2-45bd-ab3b-546044bd96c0,4,2025-06-01 12:46:42
297fad06-9f2b-4539-a2d8-87629b769dc6,0ebe0aed-28a7-4d91-bafc-e3131fdba943,3,2025-06-01 12:47:20
091d176d-94be-4ef7-bff9-59ed5b44ee13,523b06b6-ead8-426c-98c9-586c2d4b171d,2,2025-06-01 12:52:42
873fcba2-a79e-4109-b5bf-c0902f75fad2,0e8e2674-5e24-4e4d-b734-19f27ac92393,1,2025-06-01 12:48:42
b7d157d7-e727-48ab-bbd0-1e1386eff382,e766fba0-5ba5-464c-8d19-ca91f3f13e24,2,2025-06-01 12:49:32
d52eeae7-ff3b-4e7e-87f2-d1a63f240c36,09f6b3f5-9465-4f82-bead-93573ba677e4,8,2025-06-01 12:49:49
e8b00b61-6f21-4852-b390-dac1c18f1885,560daa1f-b4d1-4afc-b3bd-30da08d07eb2,5,2025-06-01 12:46:49
823c0532-adcf-4419-914c-5b5b7cba6882,6f119bba-4b8e-422b-a7e5-4fe86f6cb560,2,2025-06-01 12:51:49
d0924492-70c0-4ccb-8b2d-ebd5fd9ddd0f,b9a0a867-97ae-4e88-bc34-f691543d5174,3,2025-06-01 12:47:49
995f7ac2-0dfb-4783-b7ba-df2ff6e8fa05,26005786-4979-4c45-a52d-ba7c038c66f6,2,2025-06-01 12:46:31
091d176d-94be-4ef7-bff9-59ed5b44ee13,2f3c8914-081e-46ce-9b86-89a0c6de3521,4,2025-06-01 12:53:17
6acba6d6-fac7-4397-91c1-fb250ff57896,755381b8-eb85-4770-b2d5-00847230dcec,4,2025-06-01 12:50:01
7c4da5f4-3e03-4a81-82b2-6482ac914587,b94ecb77-26e6-48b8-9225-53d13ad2d178,1,2025-06-01 12:48:35
71f96703-a810-45c3-a263-878bb825282d,43a64eec-72f4-4a1c-958e-737e244c888e,5,2025-06-01 12:47:35
6032a4a4-0cc5-4e76-8238-baced755bcf9,4c931f60-e68b-4ef9-abc1-ef7f7f680eaf,1,2025-06-01 12:51:30
6c912ef5-bdbd-4bba-9f76-45b5b19af2b2,8f0ca177-3253-47f5-ae41-e70421fbdc9e,1,2025-06-01 12:48:04
0d64867b-8842-4167-a656-b04a5a0334ac,a91d3640-f7b1-4f36-9d1f-68b3b8db1b27,1,2025-06-01 12:48:35
6acba6d6-fac7-4397-91c1-fb250ff57896,e9c82442-eab1-42b1-ae8b-d2fd6e78e7c6,3,2025-06-01 12:51:42
8150bddf-097b-460a-8203-a7d27de323ee,f51caf71-efb8-4999-a463-8819ab1f6bfc,3,2025-06-01 12:48:59
4f3a77ff-3275-479e-8735-a26ecff18749,43c94e8f-aa4e-496a-b94a-c125c24de601,1,2025-06-01 12:48:30
0ed66b62-19b2-4f3c-94c0-53eac979c1c8,0084539d-ea09-47cb-88d7-ff384818e9e5,2,2025-06-01 12:51:45
6cbb68eb-303c-47e5-867d-6dff37c8add2,3c94a06d-9ff6-400d-9c84-2905a4998ee6,3,2025-06-01 12:48:26
19a235f7-86e3-4886-8a22-c4efedee5fd3,460bdec7-3cc4-471a-b597-0b42884877b3,6,2025-06-01 12:53:25
be56fbac-6869-4420-a693-43f371f8e341,8da8319d-1526-45f1-b89f-8c064bf5c941,2,2025-06-01 12:47:42
54e04874-bcf2-4889-8e52-b5e09085c495,4d5dc296-04bd-4fbe-af55-cf77d799a5fb,8,2025-06-01 12:51:52
4b2960c6-6898-4b6b-bd37-fc93d41221f4,aa6a9dd0-417c-484d-b3f9-bcf591e40a56,5,2025-06-01 12:50:33
fe8e4ec6-f72a-4c5f-b8e7-6e2cbfdd44ae,1d488237-1697-4c52-8f9c-114c41366aa4,3,2025-06-01 12:49:56
e66f6abb-bc38-4f37-bf78-60902ee30591,3885ab5f-d457-4e7a-ab97-662aa65a0169,6,2025-06-01 12:47:44
c7e92dd6-179b-444e-91f8-cdb5b02af371,951f341a-92af-43bb-b82d-26d8109d8ef6,6,2025-06-01 12:48:15
aef2af8e-7c75-4abb-b878-6d09042a536c,077634ef-7d48-46b2-9f98-a25e1ac269ac,2,2025-06-01 12:54:32
d52eeae7-ff3b-4e7e-87f2-d1a63f240c36,cb7097d7-994b-4fcb-baeb-bf890039b931,2,2025-06-01 12:49:38
517eda1a-4378-45c7-8183-a13390f2df59,c80dae79-a989-4a93-beae-535953e30443,2,2025-06-01 12:47:24
f48dbdd2-667b-4783-ad8d-3d353f449fe6,b4f171d6-18ad-4e12-84cb-2c524d19a8dc,6,2025-06-01 12:49:13
aacb9b69-8347-4f1d-a798-3ff88fddf8f3,1a81dda5-ead4-41ff-b0f7-db7dcf84b185,2,2025-06-01 12:53:46
d52eeae7-ff3b-4e7e-87f2-d1a63f240c36,7a853def-f30c-44ba-b5ed-d14f6a838c78,9,2025-06-01 12:49:04
18f28c45-cb59-4c07-9335-27a9743e3d4a,acb9ed2b-79f9-49e5-83e7-d91d61e2bc30,6,2025-06-01 12:48:34
b96a124b-f150-4259-80dc-ed7468ccd2cd,9a954145-04f6-4a6c-91f0-ef23613b1785,1,2025-06-01 12:48:41
36472a12-3bc5-47e4-be8c-5ccbf9d2467e,d49fadf2-f96d-4efa-b605-f821cf09b38b,2,2025-06-01 12:46:44
d89e45f8-41f5-4cb4-8e47-2d11dc96f16f,3cc1f4d6-3977-4d34-b967-983cf8d519ce,3,2025-06-01 12:46:40
06c93798-cae6-4833-bffd-b3642270ee42,3801166f-bd7a-42a6-9204-c78a89868bea,1,2025-06-01 12:49:59
04f39951-0d0d-4d8e-9be9-a5ec3782fbf9,efa4f45a-1e75-43e8-88cc-e30aee00cbb9,7,2025-06-01 12:48:41
5523b27c-d97b-48d2-a596-cbb1b391aee3,a64f04e9-a5a1-44ea-8a54-0372bb260116,7,2025-06-01 12:51:29
8744188f-7f2e-4630-a347-22b4f27111b3,b4adeefd-ef3d-4dfa-9441-6af5553508a6,4,2025-06-01 12:47:43
852c9d1c-aae8-4566-bff4-ae1121680fb1,7f142d2a-b365-479b-87ef-3f63acec0269,1,2025-06-01 12:52:35
4ba3af36-b716-44f0-a4b3-471bfbe07911,6f1860d3-004f-4e14-97a5-adbc56a87155,5,2025-06-01 12:48:02
e861af0e-f383-4468-b612-ca0d25dd6b99,19f445ea-5d79-42fa-bb6b-672df5270d41,4,2025-06-01 12:48:57
36a6f5d2-0e9d-49d5-ae5b-4124badd0427,c6bd5dee-7ddc-4be6-adf7-39679ff41be0,7,2025-06-01 12:47:01
2c9c7526-4dfa-46cd-af1a-a7aea91f3bbb,8a55bd80-856d-49c2-af39-ee692adce351,5,2025-06-01 12:47:52
f413f3b0-0ce3-4780-8b03-40f9011f3eb0,ab4d008e-3ed9-4234-ada9-ba32ecb32d5c,4,2025-06-01 12:47:07
995f7ac2-0dfb-4783-b7ba-df2ff6e8fa05,f6aa6e82-4111-44f0-9937-daac1b9d4233,2,2025-06-01 12:46:45
75888ca6-e9be-4949-b9e6-3760e575305f,a272dd7e-2ea2-40a8-92b1-2cb93327bade,7,2025-06-01 12:51:39
4590e13d-bb86-45e8-bd4b-4821a81ae9eb,d361184b-b8fd-48f0-b93b-ce4bb531ef8f,1,2025-06-01 12:47:15
6c912ef5-bdbd-4bba-9f76-45b5b19af2b2,f0bb4ab6-799a-4184-9af4-6bba9b951cfe,1,2025-06-01 12:54:53
e66f6abb-bc38-4f37-bf78-60902ee30591,3e2710c2-e97a-4cea-8b9f-5ceddc8299c9,5,2025-06-01 12:47:28
fcbe376f-8c0d-4a25-a505-d421f7df960f,97b0a4b5-951f-4434-8f63-0bab4e653a0b,2,2025-06-01 12:50:34
a9600835-5de4-4457-9b99-69790b1e60ca,ad108db7-ca90-49eb-a154-2afffe7408bc,1,2025-06-01 12:46:48
69003978-3e50-4d73-abe4-798e124a4dcd,d7a94fce-3d9d-4a34-9790-3151de51595e,7,2025-06-01 12:52:09
f7b194b3-4917-4a4a-b340-f3f61a7925c1,f90de3d2-eace-4b67-9d3c-eaac5514834c,5,2025-06-01 12:49:30
04f39951-0d0d-4d8e-9be9-a5ec3782fbf9,73f6a9cd-7e75-4881-b779-e19147c3466e,3,2025-06-01 12:49:00
0318e490-6804-472b-82aa-5ce3438b9f54,c081554d-8bef-4729-a387-471a400ec7c5,1,2025-06-01 12:48:41
8150bddf-097b-460a-8203-a7d27de323ee,c14003da-014e-40ab-b360-816f589336f7,1,2025-06-01 12:50:30
b7762a85-7cad-4046-a3dc-533e8593cdc1,e943e393-03d2-469c-9df1-049789c1c1ef,8,2025-06-01 12:46:37
7c989baf-0f9e-4aa2-966e-57bd6e052693,a9d07713-d2dc-433e-9aa7-ea79bf43b58c,1,2025-06-01 12:47:58
e4878c87-bb0f-499f-953a-f9fd944d7b26,b709081b-81d3-4fbb-a98b-ac77f74ed472,1,2025-06-01 12:46:30
e4878c87-bb0f-499f-953a-f9fd944d7b26,46df2026-1a62-4e52-9578-351bbc143f8b,2,2025-06-01 12:46:52
06c93798-cae6-4833-bffd-b3642270ee42,fdf3a2c5-aa92-4dd7-9765-e626e781d02e,1,2025-06-01 12:47:28
8b9e2591-a20a-430c-ba14-8175a621dce0,22fa2b83-f9f2-4d1c-a16f-a2733a1483eb,1,2025-06-01 12:50:53
6a585529-95e8-4b3f-927e-77d553514ba7,6ea82a17-bd37-4928-ba96-9c002ea63497,2,2025-06-01 12:49:03
823c0532-adcf-4419-914c-5b5b7cba6882,f04ad9b3-4fe5-4820-9dfe-454392e1d90e,2,2025-06-01 12:53:11
fde979e6-759a-40c4-b155-7a1a491502bc,0fccd8ec-1a7f-4c72-af97-37839e599024,5,2025-06-01 12:51:51
a98d385f-aecd-40b6-8d38-717d5ab8181c,fc5f8e03-188e-4298-a3f6-aa2aeefce0e4,4,2025-06-01 12:47:36
c5938ee5-31c4-49f6-8b4b-8904df027fb3,8656a4b0-c09d-4363-bd00-b7cb8b5fc4a7,1,2025-06-01 12:49:56
165343af-437e-49f3-8005-3a121d87f407,3473cad4-336e-4499-a5af-0342536ed981,4,2025-06-01 12:48:58
dd787dcb-eb55-4d19-9344-f0f9f61764d0,0c7d7e0a-e97a-456c-8b14-11eee8579e99,5,2025-06-01 12:46:49
fcbe376f-8c0d-4a25-a505-d421f7df960f,89eafac1-50be-45b1-8954-6a5a6edbd280,2,2025-06-01 12:47:20
165343af-437e-49f3-8005-3a121d87f407,a1ee3a14-17e6-4268-b177-83a1eeb3ef78,4,2025-06-01 12:48:43
7d17d440-8b10-4ca5-90ee-ed49b31cfe50,59ea44fb-74f5-4754-a0c5-2f44d551efd5,4,2025-06-01 12:48:01
744cc7ad-cee4-4217-94d7-e48540f1e232,26acc93a-eea9-48b7-ada7-246b17ba8f62,1,2025-06-01 12:49:49
02263ecf-409c-46b7-b4a8-f1c4ce7b818c,3475c76a-0185-46a3-a11a-f8d724665db1,1,2025-06-01 12:48:49
0d64867b-8842-4167-a656-b04a5a0334ac,d5657864-2595-4c00-90f7-7321450a4543,2,2025-06-01 12:47:52
dd787dcb-eb55-4d19-9344-f0f9f61764d0,e30f1397-3e25-45f3-946b-bccbee21969b,5,2025-06-01 12:47:04
96d48abe-083c-4a70-9675-80305fd8f55f,584a0dbc-af0c-4cd0-9bb8-9c6b356aecb0,1,2025-06-01 12:55:10
75888ca6-e9be-4949-b9e6-3760e575305f,191c961b-e09c-485c-9a3b-4f3bf4dd5db8,5,2025-06-01 12:51:22
