playerId,itemId,shop,slot
2adc994e-6f0b-418a-a5a6-be2c2ab9e2b3,158fb528-30b6-47c5-ad55-5e3a77419f8d,arms,1
8b73d79b-2062-4f6b-9ebb-cddc498fa575,0f984fa5-073d-46df-ba3b-f9282dac9161,arms,4
2715fe87-7e6f-4186-95c9-5ed51d45fa07,1a82ecc1-19b6-4d7f-af90-f34236734668,arms,4
1bc20ebb-a488-42f2-91cf-abcc383fa76c,ebbc6f9b-e239-4a55-b2d0-8da633c38fb6,arms,4
26005786-4979-4c45-a52d-ba7c038c66f6,90b176b8-9214-4a32-8d49-3eed3ae85adf,arms,4
26005786-4979-4c45-a52d-ba7c038c66f6,e2cae7fc-aefe-4707-bf5a-57260c219f1f,arms,5
26005786-4979-4c45-a52d-ba7c038c66f6,d9b6f55a-4cc0-4042-a3cd-975c96b54a85,arms,6
eec9de52-6b15-4cef-944a-00612bef9018,b7d6c80e-78a7-4c77-bd3a-c550b8618fdf,arms,1
eec9de52-6b15-4cef-944a-00612bef9018,646ea3e0-a08e-4651-ac83-2770f8af0411,arms,2
eec9de52-6b15-4cef-944a-00612bef9018,0c0a5363-f9be-4b4e-9f98-8bf631074deb,arms,3
eec9de52-6b15-4cef-944a-00612bef9018,7ba88c77-772b-4382-88d9-49a77f3212db,arms,4
eec9de52-6b15-4cef-944a-00612bef9018,a7a4bcbd-4d33-4fee-b27f-037d1d270f4c,arms,5
eec9de52-6b15-4cef-944a-00612bef9018,66fde94d-e911-475b-bc47-c68a8722a28f,arms,6
e11e1bd4-f897-45f9-bcd7-f2a4148990e4,e7639caa-1c7e-47be-b215-663796180657,arms,1
1bc20ebb-a488-42f2-91cf-abcc383fa76c,1b16356b-5aa9-4b9e-b68a-edb3c2c2b9e9,arms,5
e11e1bd4-f897-45f9-bcd7-f2a4148990e4,88e348b3-4075-4257-930b-bc3660c7eece,arms,2
e11e1bd4-f897-45f9-bcd7-f2a4148990e4,8422fe8b-0c24-4100-8c5b-5e9097972465,arms,3
e11e1bd4-f897-45f9-bcd7-f2a4148990e4,22747a1e-e274-4a60-812a-66c12b62b11e,arms,4
e11e1bd4-f897-45f9-bcd7-f2a4148990e4,9eb554d2-6782-4cc3-bff1-4834248b63ab,arms,5
e11e1bd4-f897-45f9-bcd7-f2a4148990e4,6d6c6cf2-baed-49e4-8401-2e7da9d29cbd,arms,6
2f3c8914-081e-46ce-9b86-89a0c6de3521,458f0399-1d6c-4fac-bedc-54b9ec425397,arms,1
2f3c8914-081e-46ce-9b86-89a0c6de3521,22747a1e-e274-4a60-812a-66c12b62b11e,arms,2
2f3c8914-081e-46ce-9b86-89a0c6de3521,5199ea8a-6ad5-420b-8ec7-e5110173fe57,arms,3
2f3c8914-081e-46ce-9b86-89a0c6de3521,231d9dc5-b5e8-46d2-8252-847921c5a0e6,arms,4
2f3c8914-081e-46ce-9b86-89a0c6de3521,4b393e0e-ec10-4846-95b9-cf384cb20be5,arms,5
1bc20ebb-a488-42f2-91cf-abcc383fa76c,a172c5e2-c928-4b75-89f1-be01c0d43e84,arms,6
2f3c8914-081e-46ce-9b86-89a0c6de3521,737550bf-7af1-4ada-b9eb-c02bbd5e3f31,arms,6
b77ce7c5-4764-4b97-92e7-1589d66cf85d,cecdb11d-84e7-42ab-8291-29dc82b6f927,arms,1
b77ce7c5-4764-4b97-92e7-1589d66cf85d,8519fccc-a243-48bf-ab0f-48fedf8303ed,arms,2
b77ce7c5-4764-4b97-92e7-1589d66cf85d,55ba613a-bd19-4656-aa26-41125f4e89a1,arms,3
b77ce7c5-4764-4b97-92e7-1589d66cf85d,7e5dc9ae-cc11-49f6-a5f8-dafb5cd6d44c,arms,4
b77ce7c5-4764-4b97-92e7-1589d66cf85d,6a3b8f5e-dc1b-43d5-a466-5c8c8e318b2d,arms,5
b77ce7c5-4764-4b97-92e7-1589d66cf85d,584a73f3-72dd-45d1-b8fd-d7007a09e710,arms,6
755381b8-eb85-4770-b2d5-00847230dcec,2b25f6f9-23a7-4518-9e7a-92efc583159f,arms,1
755381b8-eb85-4770-b2d5-00847230dcec,048ad925-890a-4800-ac66-5f6d2338b3f1,arms,2
755381b8-eb85-4770-b2d5-00847230dcec,747dc9a2-5f04-4d87-94ad-5bbb11a0ddf0,arms,3
3cc1f4d6-3977-4d34-b967-983cf8d519ce,3068d2bd-6da9-49b7-9dbd-495a42700562,arms,1
755381b8-eb85-4770-b2d5-00847230dcec,646875ac-18ac-48bb-a052-ce6c1298c97b,arms,4
755381b8-eb85-4770-b2d5-00847230dcec,bba98f48-7503-4dcd-9f34-23055da8d320,arms,5
755381b8-eb85-4770-b2d5-00847230dcec,fb0a35a5-7745-47bf-b9d7-985301dd1139,arms,6
b94ecb77-26e6-48b8-9225-53d13ad2d178,d6125c92-f94e-40df-ada2-09db73e6e79b,arms,1
b94ecb77-26e6-48b8-9225-53d13ad2d178,537fa974-c4f3-4542-8268-8ba37f3b9023,arms,2
b94ecb77-26e6-48b8-9225-53d13ad2d178,5199ea8a-6ad5-420b-8ec7-e5110173fe57,arms,3
b94ecb77-26e6-48b8-9225-53d13ad2d178,eefd5f89-c446-491d-9b32-3936e899f0cb,arms,4
b94ecb77-26e6-48b8-9225-53d13ad2d178,7909afdb-b4ae-4fb2-8fac-6000c08d1b17,arms,5
b94ecb77-26e6-48b8-9225-53d13ad2d178,0a6c8860-fd05-444e-b7f1-455ff0879384,arms,6
d60ee96a-4139-4874-9c80-765886065297,0255aa70-a5dd-4eda-9abe-15a62cde9b13,arms,1
3cc1f4d6-3977-4d34-b967-983cf8d519ce,1e98bcb9-4340-4769-9f06-cd52a8ece242,arms,2
d60ee96a-4139-4874-9c80-765886065297,58ecba71-86f9-42bf-8606-f8061c9b9212,arms,2
d60ee96a-4139-4874-9c80-765886065297,0e516a77-9800-41ec-bbc9-33a79198b90e,arms,3
d60ee96a-4139-4874-9c80-765886065297,91cb9197-172b-435f-9ea3-32e593bff661,arms,4
d60ee96a-4139-4874-9c80-765886065297,509220d0-88c9-4f4d-905e-087f313116ec,arms,5
d60ee96a-4139-4874-9c80-765886065297,ced5f448-3c2d-451b-b0d7-7e9327c0d820,arms,6
43a64eec-72f4-4a1c-958e-737e244c888e,37237907-1ade-4479-b749-95844a7548ee,arms,1
43a64eec-72f4-4a1c-958e-737e244c888e,e24eac5c-6cd0-4eac-ad79-50d7a28b62b8,arms,2
43a64eec-72f4-4a1c-958e-737e244c888e,7989f8ae-d79f-4c8b-9a02-a44e9d66fcf6,arms,3
43a64eec-72f4-4a1c-958e-737e244c888e,9c012ffc-6183-4c1f-8d6f-c969183c7710,arms,4
43a64eec-72f4-4a1c-958e-737e244c888e,bd744f4e-8c0d-4889-8d74-2985868eae52,arms,5
3cc1f4d6-3977-4d34-b967-983cf8d519ce,b491a9a2-0895-4481-a4fc-ce0e6888b026,arms,3
43a64eec-72f4-4a1c-958e-737e244c888e,23abc333-19f2-49e7-bfbb-0546de8d13d0,arms,6
4c931f60-e68b-4ef9-abc1-ef7f7f680eaf,f7eb1d7f-7008-4f3e-a7d8-979838ffdd5d,arms,1
4c931f60-e68b-4ef9-abc1-ef7f7f680eaf,ec3084ce-d363-4ece-baac-a3d7e07501d2,arms,2
4c931f60-e68b-4ef9-abc1-ef7f7f680eaf,7785a9ce-57ee-4e7e-972e-71135332b7da,arms,3
4c931f60-e68b-4ef9-abc1-ef7f7f680eaf,76fa90dc-e507-4542-8427-c4e4a607c4a4,arms,4
4c931f60-e68b-4ef9-abc1-ef7f7f680eaf,3f28811f-36f7-4e93-ad9b-df803ecc61cc,arms,5
4c931f60-e68b-4ef9-abc1-ef7f7f680eaf,94ca3f75-cfa5-430d-b3d6-c00c77fba5cb,arms,6
3e125e9b-c674-49a4-8b67-34ac5047b1b2,41f413ff-fb76-4961-8cdf-04f2a62b9825,arms,1
3e125e9b-c674-49a4-8b67-34ac5047b1b2,4feda195-e898-4342-9583-ccf033b1fb4a,arms,2
3e125e9b-c674-49a4-8b67-34ac5047b1b2,f439cd05-69ea-4678-8ab5-a12e757d5cb9,arms,3
3cc1f4d6-3977-4d34-b967-983cf8d519ce,55ba613a-bd19-4656-aa26-41125f4e89a1,arms,4
3e125e9b-c674-49a4-8b67-34ac5047b1b2,3a2e6309-4e8d-415f-aa7e-16d2b6f77c56,arms,4
3e125e9b-c674-49a4-8b67-34ac5047b1b2,d831b3c0-9798-48df-897f-cb1d382e25f4,arms,5
3e125e9b-c674-49a4-8b67-34ac5047b1b2,72f18b8c-c82d-48ab-9ec7-d9b28a8ffc87,arms,6
6d691540-3159-4f1a-9f18-9a6ee43cb116,b0b972ee-eaed-4946-aaae-ec614b0fd745,arms,1
6d691540-3159-4f1a-9f18-9a6ee43cb116,0159e3c1-271e-4196-a425-ad35066f9108,arms,2
6d691540-3159-4f1a-9f18-9a6ee43cb116,2e412346-daa1-4fc3-912a-c4cb21f32ca5,arms,3
6d691540-3159-4f1a-9f18-9a6ee43cb116,59ed9a56-9720-4d0a-b19c-a7ae06908818,arms,4
6d691540-3159-4f1a-9f18-9a6ee43cb116,aed6906a-7538-423c-984c-87db82a5a097,arms,5
6d691540-3159-4f1a-9f18-9a6ee43cb116,c9a032de-e73d-4d00-9a0d-8ddd9401e3ac,arms,6
e9565cfd-ef3e-4563-b0e8-d8e38156eeb4,e778ea01-744a-4a14-8930-624f661ee780,arms,1
3cc1f4d6-3977-4d34-b967-983cf8d519ce,ad5062b4-95a3-4645-ac92-d16030a6fa63,arms,5
e9565cfd-ef3e-4563-b0e8-d8e38156eeb4,3eae37dd-8639-4749-a3d6-424329dc390b,arms,2
e9565cfd-ef3e-4563-b0e8-d8e38156eeb4,e0cf4b4d-c070-4a09-93c6-6064c4bd50a9,arms,3
e9565cfd-ef3e-4563-b0e8-d8e38156eeb4,486f3565-7a3c-47d9-ad1b-cdf19cd3cc57,arms,4
e9565cfd-ef3e-4563-b0e8-d8e38156eeb4,7970756d-82bd-405f-bff2-95f34d491447,arms,5
e9565cfd-ef3e-4563-b0e8-d8e38156eeb4,4de4cbdf-450b-4c9d-a9ca-c8778db5d432,arms,6
8f0ca177-3253-47f5-ae41-e70421fbdc9e,b4fa6a9e-e593-489f-993e-5539747651bb,arms,1
8f0ca177-3253-47f5-ae41-e70421fbdc9e,c28bd222-6335-4940-85f6-befb4d7cb1a2,arms,2
8f0ca177-3253-47f5-ae41-e70421fbdc9e,aba2ae49-b303-4c3a-8b4e-54f0c3ae1519,arms,3
8f0ca177-3253-47f5-ae41-e70421fbdc9e,08cd8f70-3ee6-4465-a018-e4022d5457f1,arms,4
8f0ca177-3253-47f5-ae41-e70421fbdc9e,8433f5dd-13bc-4830-85ad-0a618cf13050,arms,5
3cc1f4d6-3977-4d34-b967-983cf8d519ce,bdf38d08-2f6a-4cff-8120-e22267273479,arms,6
8f0ca177-3253-47f5-ae41-e70421fbdc9e,77336522-13e3-49bd-80d5-06b274908d52,arms,6
7b16e1ab-e79e-4514-a99c-63e0a63610b5,96634b06-b9b7-4fee-a2f8-2c9105252672,arms,1
7b16e1ab-e79e-4514-a99c-63e0a63610b5,4a4a42a5-711e-4fb2-8ec2-94efdbee542c,arms,2
7b16e1ab-e79e-4514-a99c-63e0a63610b5,fc400f6d-8dd4-46c3-b54d-36a9a1b564d7,arms,3
7b16e1ab-e79e-4514-a99c-63e0a63610b5,35731e1d-6fa3-48f2-823d-0a575d090137,arms,4
7b16e1ab-e79e-4514-a99c-63e0a63610b5,a3b3c261-7966-4ee6-aaef-5efc6fa1abc6,arms,5
7b16e1ab-e79e-4514-a99c-63e0a63610b5,e0a9389d-047f-423f-8cc4-e3c710431752,arms,6
e9c82442-eab1-42b1-ae8b-d2fd6e78e7c6,1fb363cb-fc9a-4228-bfa6-2004cc000f9c,arms,1
e9c82442-eab1-42b1-ae8b-d2fd6e78e7c6,6d40b43b-3fa1-4a0d-aa2a-6a6ea2ca2c41,arms,2
e9c82442-eab1-42b1-ae8b-d2fd6e78e7c6,3bdfcca9-c522-4049-be35-fda085752375,arms,3
bc346610-2bb4-4d49-9e98-cab287183557,ef27fece-9a75-48f7-9c8d-a4e550a412e9,arms,1
e9c82442-eab1-42b1-ae8b-d2fd6e78e7c6,bc109574-8ecd-4d9e-9e1a-4833d649f6b9,arms,4
e9c82442-eab1-42b1-ae8b-d2fd6e78e7c6,07472b18-e146-49c3-9280-8f1c747b62d4,arms,5
e9c82442-eab1-42b1-ae8b-d2fd6e78e7c6,3a8d568f-4433-4c4f-a60a-dd4548c1af6a,arms,6
274b8657-e033-4162-b000-3d9a94adc5c7,53086a01-da44-4c49-8560-25ceaa207b84,arms,1
274b8657-e033-4162-b000-3d9a94adc5c7,b466d43c-9dc2-4474-91c2-0bb999120410,arms,2
274b8657-e033-4162-b000-3d9a94adc5c7,be337dc0-5ab5-4174-ac0b-23f8855690c7,arms,3
274b8657-e033-4162-b000-3d9a94adc5c7,7ca77f9e-5cbe-4c59-b9bf-2ded22c14cc5,arms,4
274b8657-e033-4162-b000-3d9a94adc5c7,2b5f8209-d187-4f2e-afe6-defedc366643,arms,5
274b8657-e033-4162-b000-3d9a94adc5c7,0e0a26d8-bf3f-4f4d-b311-c696cee2dd2d,arms,6
97c43148-2db2-44a4-bc8e-97dda24461d8,a98056a4-a6c3-4de3-b77b-eb396daeb788,arms,1
2715fe87-7e6f-4186-95c9-5ed51d45fa07,286da99b-e4c2-47ca-8c27-29f120ce34f6,arms,5
bc346610-2bb4-4d49-9e98-cab287183557,36662be1-7bcc-4d51-8dac-65cb85ae426c,arms,2
97c43148-2db2-44a4-bc8e-97dda24461d8,36902a2f-66bb-4286-9114-8c9baa43761b,arms,2
97c43148-2db2-44a4-bc8e-97dda24461d8,048dcd0c-703b-41ee-a0a4-d9941980c64f,arms,3
97c43148-2db2-44a4-bc8e-97dda24461d8,a28ab6ee-7c7c-451a-b2a0-b1aabe716fa1,arms,4
97c43148-2db2-44a4-bc8e-97dda24461d8,1b60f0ee-744d-4ed7-a5b3-f83d88baa603,arms,5
97c43148-2db2-44a4-bc8e-97dda24461d8,75597d04-581f-4b20-abba-6306e5c094c6,arms,6
99a00c3e-5113-4de7-805b-fe0d1869a44d,a4c4de59-6e57-4cef-b008-bf569412d84c,arms,1
99a00c3e-5113-4de7-805b-fe0d1869a44d,912bab51-c3e7-4a84-bff7-73702c1b7a37,arms,2
99a00c3e-5113-4de7-805b-fe0d1869a44d,b1896165-35aa-462f-b9bf-eff847766cec,arms,3
99a00c3e-5113-4de7-805b-fe0d1869a44d,dfdcf88f-70c3-4dda-b28e-7317e5908596,arms,4
99a00c3e-5113-4de7-805b-fe0d1869a44d,03e6a8fa-c04a-4f36-bd0a-03926a6ade10,arms,5
bc346610-2bb4-4d49-9e98-cab287183557,f49adf27-d4e1-43a2-9f76-d9e728e4fa49,arms,3
99a00c3e-5113-4de7-805b-fe0d1869a44d,6017daa6-3917-4dc8-a430-32822df35304,arms,6
b068be25-17e6-49f1-8f88-2324e21f0d16,ec963386-f5b6-4899-8688-838bec322c43,arms,1
b068be25-17e6-49f1-8f88-2324e21f0d16,891b8d63-4b38-4256-97c0-50cb1b4928db,arms,2
b068be25-17e6-49f1-8f88-2324e21f0d16,6b18c13b-e063-4385-951a-eef84bc14220,arms,3
b068be25-17e6-49f1-8f88-2324e21f0d16,9dc694cc-b096-4cc6-8df6-3f298bb0a687,arms,4
b068be25-17e6-49f1-8f88-2324e21f0d16,939d2b71-0729-471a-aa2b-d6f619479d04,arms,5
b068be25-17e6-49f1-8f88-2324e21f0d16,3c0df4e8-40ed-4b54-97fb-fa0ba9f66a4b,arms,6
6e272c4a-92ef-4fff-8b22-cba165b49539,8bca0401-c14b-4f9f-8926-dd4b5918b390,arms,1
6e272c4a-92ef-4fff-8b22-cba165b49539,89ac9658-d168-4318-a928-5164bc7f5fd4,arms,2
6e272c4a-92ef-4fff-8b22-cba165b49539,8cf7bfef-f682-49f6-8658-c31f640f4fc9,arms,3
bc346610-2bb4-4d49-9e98-cab287183557,cecdb11d-84e7-42ab-8291-29dc82b6f927,arms,4
6e272c4a-92ef-4fff-8b22-cba165b49539,12b7a6b2-60bb-4eca-ac20-112299808749,arms,4
6e272c4a-92ef-4fff-8b22-cba165b49539,0d18868f-4fe1-431c-8624-27c7315796db,arms,5
6e272c4a-92ef-4fff-8b22-cba165b49539,b14b2854-b3c7-48d5-8a4f-5a812937524f,arms,6
f51caf71-efb8-4999-a463-8819ab1f6bfc,35efec36-a87f-4db9-adc9-328d12724246,arms,1
f51caf71-efb8-4999-a463-8819ab1f6bfc,53a14282-e793-42cd-bdf6-ca5f61bee87a,arms,2
f51caf71-efb8-4999-a463-8819ab1f6bfc,4bcc8593-c76e-4a94-9b05-98299e1f7eba,arms,3
f51caf71-efb8-4999-a463-8819ab1f6bfc,532c7948-7595-4fb0-8f6e-2faab60f80e5,arms,4
f51caf71-efb8-4999-a463-8819ab1f6bfc,f6c7e001-9ba2-4f96-9c1e-418e05bc6078,arms,5
f51caf71-efb8-4999-a463-8819ab1f6bfc,67b41d75-6c8d-46ca-baae-cdd387e90423,arms,6
d04c12ff-b99e-465d-8e56-39268724ca91,1897cd86-387b-4b76-8463-1ec15c710727,arms,1
bc346610-2bb4-4d49-9e98-cab287183557,e9d05270-a442-45da-bc82-90a222548753,arms,5
d04c12ff-b99e-465d-8e56-39268724ca91,468c78fc-38ac-4e89-ae8e-9f19551cf2df,arms,2
d04c12ff-b99e-465d-8e56-39268724ca91,6e130347-3765-4f3f-a4ec-320c2e3e5f2e,arms,3
d04c12ff-b99e-465d-8e56-39268724ca91,05d73a3d-64ea-4879-8765-511f36e98939,arms,4
d04c12ff-b99e-465d-8e56-39268724ca91,2fb9bd40-42e2-47ac-9ac9-94b60541dc0d,arms,5
d04c12ff-b99e-465d-8e56-39268724ca91,a9fb4520-3baf-4905-8ca2-0a7d5862b20f,arms,6
cff51c79-0013-4565-807d-6265e3d00146,bf86e5fc-0eac-4662-984f-97a81077a47b,arms,1
cff51c79-0013-4565-807d-6265e3d00146,b699b320-058c-4146-ada9-719c47c6d78f,arms,2
cff51c79-0013-4565-807d-6265e3d00146,b68bad0f-7f4f-4ccd-b605-ba74d1aa0703,arms,3
cff51c79-0013-4565-807d-6265e3d00146,6e8a1bd7-e348-4b28-8825-92e256045c3a,arms,4
cff51c79-0013-4565-807d-6265e3d00146,4ee08035-d1ea-4dc8-9aa9-a023aa94b227,arms,5
bc346610-2bb4-4d49-9e98-cab287183557,3f340b0d-f360-49e6-9fed-9c9f1ea64024,arms,6
cff51c79-0013-4565-807d-6265e3d00146,1fb363cb-fc9a-4228-bfa6-2004cc000f9c,arms,6
67770870-d52c-482e-b294-99793c631d9b,cecc39c4-71a1-411e-b2cd-3de544aa90ef,arms,1
67770870-d52c-482e-b294-99793c631d9b,8fc0f121-3350-450b-acf5-7144fe339ec7,arms,2
67770870-d52c-482e-b294-99793c631d9b,3e6abc30-37e9-4dea-914e-28f296942d49,arms,3
67770870-d52c-482e-b294-99793c631d9b,07d317e6-74dc-43d5-acc8-d1b089dd684b,arms,4
67770870-d52c-482e-b294-99793c631d9b,eed1d2bc-2f22-47b6-9013-e18427af0a15,arms,5
67770870-d52c-482e-b294-99793c631d9b,6d8772cf-989c-480d-898e-ab687c098aae,arms,6
abf99487-c71b-419b-9ccf-85984c36aa32,84d3c49f-942c-4aaf-b019-d915132f8313,arms,1
abf99487-c71b-419b-9ccf-85984c36aa32,ec03e2c9-07fb-4d94-9570-1ada985b1957,arms,2
abf99487-c71b-419b-9ccf-85984c36aa32,9f94b5f2-0f34-4b65-bc6f-83ee8433a0a6,arms,3
d299ea32-f994-4ce0-b48c-0078a04c973d,8a46435d-5a3d-4fcb-b0b0-d6e856a36558,arms,1
abf99487-c71b-419b-9ccf-85984c36aa32,4c45ba14-b9d1-4858-9c13-fc90de46d740,arms,4
abf99487-c71b-419b-9ccf-85984c36aa32,af796f27-6fca-4d0f-80d3-b0d09a2652f3,arms,5
abf99487-c71b-419b-9ccf-85984c36aa32,dab728f4-83c5-4b38-a6bc-51f4329bc2b6,arms,6
43c94e8f-aa4e-496a-b94a-c125c24de601,3de39576-115b-4594-bccb-4e9da2989205,arms,1
43c94e8f-aa4e-496a-b94a-c125c24de601,5250899f-f2fd-456a-94bc-7ae62af9d3e4,arms,2
43c94e8f-aa4e-496a-b94a-c125c24de601,eefd5f89-c446-491d-9b32-3936e899f0cb,arms,3
43c94e8f-aa4e-496a-b94a-c125c24de601,478c32b8-9448-4b94-bf37-a55d57396614,arms,4
43c94e8f-aa4e-496a-b94a-c125c24de601,53a14282-e793-42cd-bdf6-ca5f61bee87a,arms,5
43c94e8f-aa4e-496a-b94a-c125c24de601,a76e0514-a2e2-484a-aeac-b9cd722c76e0,arms,6
812c37a2-bbf6-4890-8ca3-6045855c5f4f,f79eb589-b643-4032-a2cb-fbb5c7580795,arms,1
d299ea32-f994-4ce0-b48c-0078a04c973d,824349be-8428-4d5d-9528-f233ed9a271d,arms,2
812c37a2-bbf6-4890-8ca3-6045855c5f4f,8de819f0-b6c8-418e-94c5-1e15671cdfc5,arms,2
812c37a2-bbf6-4890-8ca3-6045855c5f4f,035277ac-9301-4f7c-82b4-51ec7f137d6b,arms,3
812c37a2-bbf6-4890-8ca3-6045855c5f4f,68d93c28-8a36-48b4-aaf8-6a28e73c68d3,arms,4
812c37a2-bbf6-4890-8ca3-6045855c5f4f,9100b93d-3d53-4889-bee9-69cd2bf570ae,arms,5
812c37a2-bbf6-4890-8ca3-6045855c5f4f,cb0052f9-dc2c-4870-b1d3-9999095e9a9b,arms,6
0084539d-ea09-47cb-88d7-ff384818e9e5,279f7120-546f-4931-a487-bce924b60a11,arms,1
0084539d-ea09-47cb-88d7-ff384818e9e5,8c105749-aef3-48a7-a198-12bdc926af39,arms,2
0084539d-ea09-47cb-88d7-ff384818e9e5,ddd811ba-7d3e-46ba-9b14-b24ee52efd4e,arms,3
0084539d-ea09-47cb-88d7-ff384818e9e5,38a38794-11d3-498f-922f-efc5497e4265,arms,4
0084539d-ea09-47cb-88d7-ff384818e9e5,44b5236e-02f5-42f6-8c66-6e401378ea85,arms,5
d299ea32-f994-4ce0-b48c-0078a04c973d,b698faac-3e9a-4932-858a-3144ed75737c,arms,3
0084539d-ea09-47cb-88d7-ff384818e9e5,e9d35b0c-8216-4f1b-aa31-62619b852962,arms,6
3c94a06d-9ff6-400d-9c84-2905a4998ee6,d0cf4099-96b4-4a1f-8d76-82e5f692e8e1,arms,1
3c94a06d-9ff6-400d-9c84-2905a4998ee6,3bffd571-6401-4dbf-a21a-a2c8da36185d,arms,2
3c94a06d-9ff6-400d-9c84-2905a4998ee6,11fb6876-031f-4a66-81f7-1b61724f5ada,arms,3
3c94a06d-9ff6-400d-9c84-2905a4998ee6,d5e7904c-5395-4318-a3ae-dafd748b9ec9,arms,4
3c94a06d-9ff6-400d-9c84-2905a4998ee6,3ea7189b-2f58-49a4-a3ee-31d3422e9a48,arms,5
3c94a06d-9ff6-400d-9c84-2905a4998ee6,2706c807-8639-4f09-bf21-75b25c18f565,arms,6
def321a3-4e0a-4432-bd85-a2a2fdc73dcb,9512cf0f-1399-4114-a0aa-77983f9347ce,arms,1
def321a3-4e0a-4432-bd85-a2a2fdc73dcb,bc5c9d00-70dd-4901-aadd-944aab892905,arms,2
def321a3-4e0a-4432-bd85-a2a2fdc73dcb,df3c0944-bf93-40d3-8704-97f79d6be78d,arms,3
d299ea32-f994-4ce0-b48c-0078a04c973d,3ebc44af-a62f-4548-a79b-85234b794f55,arms,4
def321a3-4e0a-4432-bd85-a2a2fdc73dcb,2b1f72ab-e51b-46d2-a56a-738a05cf9bca,arms,4
def321a3-4e0a-4432-bd85-a2a2fdc73dcb,231d9dc5-b5e8-46d2-8252-847921c5a0e6,arms,5
def321a3-4e0a-4432-bd85-a2a2fdc73dcb,038c821a-b227-4200-a3bc-7ae78295931e,arms,6
460bdec7-3cc4-471a-b597-0b42884877b3,ab0c62bd-ac74-4d83-ae51-65135d7678ba,arms,1
460bdec7-3cc4-471a-b597-0b42884877b3,4dd0e248-4af3-434c-b884-55e24b1a230d,arms,2
460bdec7-3cc4-471a-b597-0b42884877b3,1bc261f3-07a7-4b76-93ed-38dfc187e48f,arms,3
460bdec7-3cc4-471a-b597-0b42884877b3,8cc25a64-86ab-4631-b35b-86139a224599,arms,4
460bdec7-3cc4-471a-b597-0b42884877b3,ba80943a-b1a4-416e-b9d3-abfb37d23693,arms,5
460bdec7-3cc4-471a-b597-0b42884877b3,ec86b4f2-d4c1-479b-b93f-998621d6530a,arms,6
8da8319d-1526-45f1-b89f-8c064bf5c941,7167a49e-9d71-49f1-91a6-29e481093bb5,arms,1
d299ea32-f994-4ce0-b48c-0078a04c973d,5720eaed-a344-4ee3-84ab-0a8e00a6f444,arms,5
8da8319d-1526-45f1-b89f-8c064bf5c941,c929567b-49b8-434b-830e-eab0b915a1f4,arms,2
8da8319d-1526-45f1-b89f-8c064bf5c941,46476b84-4d9f-46b2-af32-87da6967abdd,arms,3
8da8319d-1526-45f1-b89f-8c064bf5c941,b368dfec-2e57-488a-8368-5622a9cac0d4,arms,4
8da8319d-1526-45f1-b89f-8c064bf5c941,62afd767-b82d-420f-88ab-1df38aaaf2f8,arms,5
8da8319d-1526-45f1-b89f-8c064bf5c941,7ba88c77-772b-4382-88d9-49a77f3212db,arms,6
4d5dc296-04bd-4fbe-af55-cf77d799a5fb,b764d3b0-54a7-41f0-aecc-857a480a1b02,arms,1
4d5dc296-04bd-4fbe-af55-cf77d799a5fb,e969115f-b96f-4650-84f8-2e0ad29d96b5,arms,2
4d5dc296-04bd-4fbe-af55-cf77d799a5fb,0bc896ff-467c-458d-8eb3-d4d6aba14d43,arms,3
4d5dc296-04bd-4fbe-af55-cf77d799a5fb,64bec424-1ca0-4689-9e05-5cb90dd5fc0a,arms,4
4d5dc296-04bd-4fbe-af55-cf77d799a5fb,01c150d1-b681-4282-8642-7e946c91dfbb,arms,5
2715fe87-7e6f-4186-95c9-5ed51d45fa07,b64b4d94-a6f2-4908-995c-036dc3aedc69,arms,6
d299ea32-f994-4ce0-b48c-0078a04c973d,76d7ba36-fe68-49bb-b33b-4ea0a0bea852,arms,6
4d5dc296-04bd-4fbe-af55-cf77d799a5fb,6d51bd98-a212-4677-bbde-ee623dee00ad,arms,6
f59a4f82-e153-40f7-a61b-14d04a1c0bc8,4f22cf95-9445-45a7-9d1e-55145676c565,arms,1
f59a4f82-e153-40f7-a61b-14d04a1c0bc8,a462f46d-315b-46e8-9e0e-c0af512d1bc9,arms,2
f59a4f82-e153-40f7-a61b-14d04a1c0bc8,33f78818-9b31-4414-9fd2-d7c945d1d905,arms,3
f59a4f82-e153-40f7-a61b-14d04a1c0bc8,a3127d63-dbd2-4fe9-98fb-006337ae3920,arms,4
f59a4f82-e153-40f7-a61b-14d04a1c0bc8,6a59bc9a-dd68-42f6-b460-94e879bf9c16,arms,5
f59a4f82-e153-40f7-a61b-14d04a1c0bc8,454104fb-f694-440c-9e9b-64b8c2f7ac7c,arms,6
aa6a9dd0-417c-484d-b3f9-bcf591e40a56,f3e8bd28-0516-420a-84e3-9d85f6693aa0,arms,1
aa6a9dd0-417c-484d-b3f9-bcf591e40a56,69a3027d-1074-45b2-ac4f-c5c4353373ee,arms,2
aa6a9dd0-417c-484d-b3f9-bcf591e40a56,f6db242f-9eba-4359-97b9-df8c0ce6ffcb,arms,3
f6aa6e82-4111-44f0-9937-daac1b9d4233,c7b4a5cb-4bc2-4007-bf65-d9458b2400b6,arms,1
aa6a9dd0-417c-484d-b3f9-bcf591e40a56,16553454-0320-4395-9d25-6fc91ad269d1,arms,4
aa6a9dd0-417c-484d-b3f9-bcf591e40a56,1ea10f97-1b77-4c55-860f-ec5b264241ed,arms,5
aa6a9dd0-417c-484d-b3f9-bcf591e40a56,fba8ebb3-6379-463e-a944-8bf1eb900db7,arms,6
1d488237-1697-4c52-8f9c-114c41366aa4,c929567b-49b8-434b-830e-eab0b915a1f4,arms,1
1d488237-1697-4c52-8f9c-114c41366aa4,335347dd-a1cc-48f2-afb1-148819cc7775,arms,2
1d488237-1697-4c52-8f9c-114c41366aa4,22b81ecd-cc4d-4f45-b9e0-e8dc15064429,arms,3
1d488237-1697-4c52-8f9c-114c41366aa4,885f1e47-4a17-4f32-8405-35e87ee6942f,arms,4
1d488237-1697-4c52-8f9c-114c41366aa4,1f48b415-5369-477d-b1c1-fc7408add616,arms,5
1d488237-1697-4c52-8f9c-114c41366aa4,4a4979e4-0173-4ec1-9e32-eee9785d10bc,arms,6
951f341a-92af-43bb-b82d-26d8109d8ef6,6d19f7d4-eeef-4073-90b2-c13247537dd6,arms,1
f6aa6e82-4111-44f0-9937-daac1b9d4233,49e3eec1-0402-451b-8a2a-e9c479555459,arms,2
951f341a-92af-43bb-b82d-26d8109d8ef6,ff696dbb-ec55-4700-9e89-43c6a61c611e,arms,2
951f341a-92af-43bb-b82d-26d8109d8ef6,fd84810f-8574-4a69-b76f-829bf65a8baa,arms,3
951f341a-92af-43bb-b82d-26d8109d8ef6,f6041f87-b4a4-4dc0-b250-fdceb2e3a0d5,arms,4
951f341a-92af-43bb-b82d-26d8109d8ef6,1a39b39a-e8c3-43b6-a7e9-8d543bb1d227,arms,5
951f341a-92af-43bb-b82d-26d8109d8ef6,7c1074aa-6fc9-4fd4-b52d-df6bf9134e87,arms,6
534bee24-b8a5-45da-bff4-135a2d85fe5d,80ddeb7f-7869-48a3-bb29-eaf894ddee43,arms,1
534bee24-b8a5-45da-bff4-135a2d85fe5d,410a0dd1-345f-4a7b-8831-af3cc28a8631,arms,2
534bee24-b8a5-45da-bff4-135a2d85fe5d,c94cd301-66e1-4f1f-b53b-9d515b2bcd04,arms,3
534bee24-b8a5-45da-bff4-135a2d85fe5d,a85aa546-674f-43d9-a0e2-e2d2086ea7d2,arms,4
534bee24-b8a5-45da-bff4-135a2d85fe5d,7da1a6aa-4c76-4ad6-a2fa-60f85be1296a,arms,5
f6aa6e82-4111-44f0-9937-daac1b9d4233,62b97f24-33ac-4cd2-884b-86d93c1d4c3d,arms,3
534bee24-b8a5-45da-bff4-135a2d85fe5d,93ecb3c0-8125-445a-a9b9-990e9da4a9b0,arms,6
077634ef-7d48-46b2-9f98-a25e1ac269ac,b7d6c80e-78a7-4c77-bd3a-c550b8618fdf,arms,1
077634ef-7d48-46b2-9f98-a25e1ac269ac,f6da4ebe-9d5e-42eb-8bf9-5cd4b78faeba,arms,2
077634ef-7d48-46b2-9f98-a25e1ac269ac,2f1787c1-ce43-4fbf-9c8a-4076cc2b6b83,arms,3
077634ef-7d48-46b2-9f98-a25e1ac269ac,456af5fe-8d1b-47af-967b-b88bce729677,arms,4
077634ef-7d48-46b2-9f98-a25e1ac269ac,ba867581-191a-4647-b1d6-003e450b3a4d,arms,5
077634ef-7d48-46b2-9f98-a25e1ac269ac,f16fe195-59a9-460c-8877-97237781c62e,arms,6
0735d642-6896-43d1-a187-b5d3ae2411c2,3b063fa7-c68c-47c1-857b-8afdf436af4b,arms,1
0735d642-6896-43d1-a187-b5d3ae2411c2,fba21d07-4e9d-49a1-a318-d94f79683740,arms,2
0735d642-6896-43d1-a187-b5d3ae2411c2,5fdcd865-8d92-4e38-bfd1-805f984e4372,arms,3
f6aa6e82-4111-44f0-9937-daac1b9d4233,8f7bbe5f-f842-45d5-9ab3-7af1f24d5a2a,arms,4
0735d642-6896-43d1-a187-b5d3ae2411c2,c08d6bb9-3b8a-41f8-b90b-a94acc87be3d,arms,4
0735d642-6896-43d1-a187-b5d3ae2411c2,2e523859-ffa8-45d4-8d68-627cc4a91d7c,arms,5
0735d642-6896-43d1-a187-b5d3ae2411c2,86089fea-6ec6-41b0-b130-bfd8043d883e,arms,6
cb7097d7-994b-4fcb-baeb-bf890039b931,43cfaee3-d391-4b33-b732-cdea1b0e9652,arms,1
cb7097d7-994b-4fcb-baeb-bf890039b931,db756e56-2a9a-4262-bbbc-fb1df900d475,arms,2
cb7097d7-994b-4fcb-baeb-bf890039b931,75cd01da-a55b-4d09-8dd6-847f63307132,arms,3
cb7097d7-994b-4fcb-baeb-bf890039b931,99a63f0e-c7ed-4629-8819-f01ded6bb10c,arms,4
cb7097d7-994b-4fcb-baeb-bf890039b931,40ecd3b2-ae8a-4eea-85ea-5add41a832e9,arms,5
cb7097d7-994b-4fcb-baeb-bf890039b931,3f28811f-36f7-4e93-ad9b-df803ecc61cc,arms,6
c80dae79-a989-4a93-beae-535953e30443,2b25f6f9-23a7-4518-9e7a-92efc583159f,arms,1
f6aa6e82-4111-44f0-9937-daac1b9d4233,520aee05-9097-42b2-8ed0-1105f10607fa,arms,5
c80dae79-a989-4a93-beae-535953e30443,86c4e236-3870-4c25-a264-0563552a041d,arms,2
c80dae79-a989-4a93-beae-535953e30443,643cad45-7797-48e8-81c7-517431e3ff90,arms,3
c80dae79-a989-4a93-beae-535953e30443,2706c807-8639-4f09-bf21-75b25c18f565,arms,4
c80dae79-a989-4a93-beae-535953e30443,747dc9a2-5f04-4d87-94ad-5bbb11a0ddf0,arms,5
c80dae79-a989-4a93-beae-535953e30443,e8ceddbc-0a63-4034-80ac-738313233546,arms,6
4ed25ad5-f55c-4d7c-b6c7-223dc7199c51,deebdf29-c133-4e66-8c9f-3cf9fd0132f8,arms,1
4ed25ad5-f55c-4d7c-b6c7-223dc7199c51,d6e32caf-0cfc-4a95-bb56-962458c3670f,arms,2
4ed25ad5-f55c-4d7c-b6c7-223dc7199c51,e6170a9d-5df5-4de4-83c8-fa339e831a93,arms,3
4ed25ad5-f55c-4d7c-b6c7-223dc7199c51,b90d2780-e634-43f6-b456-acac9f63d042,arms,4
4ed25ad5-f55c-4d7c-b6c7-223dc7199c51,efaa06ed-bec3-4a34-adeb-cf0348ca1680,arms,5
f6aa6e82-4111-44f0-9937-daac1b9d4233,33001cf9-bcbb-417c-996e-871eb7cb5cd8,arms,6
4ed25ad5-f55c-4d7c-b6c7-223dc7199c51,90b35fdd-6f56-407f-8c67-ffce25317e48,arms,6
b4f171d6-18ad-4e12-84cb-2c524d19a8dc,08f65a00-3522-4ac9-803b-14808c74d762,arms,1
b4f171d6-18ad-4e12-84cb-2c524d19a8dc,7cce05b2-5b0f-40a7-8c8b-c4b128fb05ec,arms,2
b4f171d6-18ad-4e12-84cb-2c524d19a8dc,78bba6ba-2d85-4433-8f6e-4a360a0bae5f,arms,3
b4f171d6-18ad-4e12-84cb-2c524d19a8dc,6b7cc56f-c81d-4890-b943-eee4381fff4f,arms,4
b4f171d6-18ad-4e12-84cb-2c524d19a8dc,21fa419e-799a-44ac-85a1-abae354abeeb,arms,5
b4f171d6-18ad-4e12-84cb-2c524d19a8dc,19072308-e240-4e06-81c0-eb30ca486499,arms,6
1a81dda5-ead4-41ff-b0f7-db7dcf84b185,204f629d-163a-4196-b0e6-7b66e29b61d5,arms,1
1a81dda5-ead4-41ff-b0f7-db7dcf84b185,3411eb2d-e5c5-4d04-8b73-a5373b67da26,arms,2
1a81dda5-ead4-41ff-b0f7-db7dcf84b185,d6ec3b24-8f95-4ca7-bfac-aff497d765bc,arms,3
1adcd776-711e-4440-a423-e7943a9f26ac,eefd5f89-c446-491d-9b32-3936e899f0cb,arms,1
1a81dda5-ead4-41ff-b0f7-db7dcf84b185,c0a5abc7-d98b-4170-9f6c-70139c37b1e7,arms,4
1a81dda5-ead4-41ff-b0f7-db7dcf84b185,7bd2289a-f092-4756-9113-f3c40215e5b0,arms,5
1a81dda5-ead4-41ff-b0f7-db7dcf84b185,3d1e8ecc-6fcc-4449-8b87-fe7c87cdf487,arms,6
7a853def-f30c-44ba-b5ed-d14f6a838c78,5c38dcac-b6cd-495e-b064-e1b68fa97338,arms,1
7a853def-f30c-44ba-b5ed-d14f6a838c78,e06a88a5-1e42-4874-aa5e-aa6fa7893f6a,arms,2
7a853def-f30c-44ba-b5ed-d14f6a838c78,f483ba19-e396-4c56-8a20-86c5841e931a,arms,3
7a853def-f30c-44ba-b5ed-d14f6a838c78,78e305dd-8032-4d5e-be04-ecc6510d60c1,arms,4
7a853def-f30c-44ba-b5ed-d14f6a838c78,e9da9c64-949d-48fb-9c1f-bb033d945e2d,arms,5
7a853def-f30c-44ba-b5ed-d14f6a838c78,335347dd-a1cc-48f2-afb1-148819cc7775,arms,6
8d6112f6-ed4e-49e0-80a1-1ebdb531c9af,e06a88a5-1e42-4874-aa5e-aa6fa7893f6a,arms,1
1adcd776-711e-4440-a423-e7943a9f26ac,c4bb59ea-bc18-4d0f-82ed-6038a62a7453,arms,2
8d6112f6-ed4e-49e0-80a1-1ebdb531c9af,c82eaf9f-1287-419a-ad2e-a786c4528277,arms,2
8d6112f6-ed4e-49e0-80a1-1ebdb531c9af,eeb31ce2-7b45-42c5-a010-7c3b2841b691,arms,3
8d6112f6-ed4e-49e0-80a1-1ebdb531c9af,0e516a77-9800-41ec-bbc9-33a79198b90e,arms,4
8d6112f6-ed4e-49e0-80a1-1ebdb531c9af,94364e25-3bdc-43e1-bc17-dbb8461b1a86,arms,5
8d6112f6-ed4e-49e0-80a1-1ebdb531c9af,bac1e069-c2e0-414c-89c5-9dadfaaf3bca,arms,6
6ce852d1-debf-492b-985c-9794c7d582ae,ec3084ce-d363-4ece-baac-a3d7e07501d2,arms,1
6ce852d1-debf-492b-985c-9794c7d582ae,1ea5fc3a-e827-41e2-8d41-7bbf03fdd7a6,arms,2
6ce852d1-debf-492b-985c-9794c7d582ae,11941f12-418b-4cd4-b82e-3629534abb4e,arms,3
6ce852d1-debf-492b-985c-9794c7d582ae,d37a03f8-5bd3-40ed-a5ac-3513fb6308d4,arms,4
6ce852d1-debf-492b-985c-9794c7d582ae,41355efe-596f-407d-ae53-3f13e7917f8f,arms,5
1adcd776-711e-4440-a423-e7943a9f26ac,f32825a6-d920-4552-a299-b95ae257484e,arms,3
6ce852d1-debf-492b-985c-9794c7d582ae,56e8f65d-ab9e-43af-ae91-828220e32227,arms,6
d8ce95bb-b797-4a2a-8f9d-87af3b609029,747dc9a2-5f04-4d87-94ad-5bbb11a0ddf0,arms,1
d8ce95bb-b797-4a2a-8f9d-87af3b609029,6bea9442-1de7-44a2-8530-2ea7ab84d81e,arms,2
d8ce95bb-b797-4a2a-8f9d-87af3b609029,1a82ecc1-19b6-4d7f-af90-f34236734668,arms,3
d8ce95bb-b797-4a2a-8f9d-87af3b609029,e0a9389d-047f-423f-8cc4-e3c710431752,arms,4
d8ce95bb-b797-4a2a-8f9d-87af3b609029,a1388892-c7f7-4938-ad8d-a633499e2f0c,arms,5
d8ce95bb-b797-4a2a-8f9d-87af3b609029,99d7e743-dde8-42ff-b7ef-ed6e82a67fec,arms,6
c0c382d1-8230-4bfe-816c-3ab223f19831,1b0bd83d-f96b-470f-ab06-a90dd1a42f6b,arms,1
c0c382d1-8230-4bfe-816c-3ab223f19831,1ea5fc3a-e827-41e2-8d41-7bbf03fdd7a6,arms,2
c0c382d1-8230-4bfe-816c-3ab223f19831,913488dd-b6ee-4c60-828f-edc6d215879d,arms,3
05422557-a057-48e0-9123-a107b08a7b8c,9e7cf4c5-9022-497a-8d3a-b9ad681e8c49,arms,1
1adcd776-711e-4440-a423-e7943a9f26ac,0010134a-0aed-46e1-9e18-baf3650af49e,arms,4
c0c382d1-8230-4bfe-816c-3ab223f19831,1b0bd83d-f96b-470f-ab06-a90dd1a42f6b,arms,4
c0c382d1-8230-4bfe-816c-3ab223f19831,29c36a03-09f0-4b44-beb6-ab3939e550ea,arms,5
c0c382d1-8230-4bfe-816c-3ab223f19831,2cce8b23-c916-4e85-95cd-e531a7d588d3,arms,6
8785c4ab-cf8b-4dd9-953a-f669fdee70c8,bd381a26-47de-4fea-a096-3ab5e576d356,arms,1
8785c4ab-cf8b-4dd9-953a-f669fdee70c8,7f77aa5a-8786-4cde-bf12-c9f578c889d5,arms,2
8785c4ab-cf8b-4dd9-953a-f669fdee70c8,73559da1-2b96-4cf1-8c95-e98f4b0cf572,arms,3
8785c4ab-cf8b-4dd9-953a-f669fdee70c8,7e934ab1-8402-479d-b74d-f659366b404b,arms,4
8785c4ab-cf8b-4dd9-953a-f669fdee70c8,454f9ce4-0c5e-449b-aaa2-e026c81a9bae,arms,5
8785c4ab-cf8b-4dd9-953a-f669fdee70c8,a172c5e2-c928-4b75-89f1-be01c0d43e84,arms,6
acb9ed2b-79f9-49e5-83e7-d91d61e2bc30,2e412346-daa1-4fc3-912a-c4cb21f32ca5,arms,1
1adcd776-711e-4440-a423-e7943a9f26ac,9a6cd6d4-bf15-4f29-b8a9-4295a92c3db5,arms,5
acb9ed2b-79f9-49e5-83e7-d91d61e2bc30,53a14282-e793-42cd-bdf6-ca5f61bee87a,arms,2
acb9ed2b-79f9-49e5-83e7-d91d61e2bc30,4d7803ea-f9ea-4eef-9b20-03318b93ec43,arms,3
acb9ed2b-79f9-49e5-83e7-d91d61e2bc30,29d78711-946a-4c31-ad7b-ecfaa8dc8189,arms,4
acb9ed2b-79f9-49e5-83e7-d91d61e2bc30,063899d3-c4db-458e-b04a-1ae830c42a4b,arms,5
acb9ed2b-79f9-49e5-83e7-d91d61e2bc30,fce8589d-fd0a-4ad7-92c9-56dd4b7cdb83,arms,6
b6da1145-5445-4c49-8bd8-4275472c6c90,28b36d0e-4b4d-4328-b686-10f3ec100aec,arms,1
b6da1145-5445-4c49-8bd8-4275472c6c90,dcaaf7ec-baad-4e8b-be3a-e51704fdeeb9,arms,2
b6da1145-5445-4c49-8bd8-4275472c6c90,ffde51e8-72b4-4c34-8bd2-277c951d3143,arms,3
b6da1145-5445-4c49-8bd8-4275472c6c90,ab0c62bd-ac74-4d83-ae51-65135d7678ba,arms,4
b6da1145-5445-4c49-8bd8-4275472c6c90,8e4219fb-ee35-490a-85cb-2a8ba4567f2a,arms,5
1adcd776-711e-4440-a423-e7943a9f26ac,92d99336-f1bc-4692-acff-8b144eb30b99,arms,6
b6da1145-5445-4c49-8bd8-4275472c6c90,29d78711-946a-4c31-ad7b-ecfaa8dc8189,arms,6
dc8700f0-ba1e-42b5-94c0-e98e54320446,1169b358-7408-4626-bb5a-54a0d54576d7,arms,1
dc8700f0-ba1e-42b5-94c0-e98e54320446,659882ed-b8b4-45d1-b398-30e6a50cc6f3,arms,2
dc8700f0-ba1e-42b5-94c0-e98e54320446,e9d05270-a442-45da-bc82-90a222548753,arms,3
dc8700f0-ba1e-42b5-94c0-e98e54320446,1a34efec-4ec8-4d7a-b044-adfa87260a02,arms,4
dc8700f0-ba1e-42b5-94c0-e98e54320446,0f5bc841-224b-49a5-86df-15ebadf5d826,arms,5
dc8700f0-ba1e-42b5-94c0-e98e54320446,fcfce686-0e37-4cc9-949f-e792bb16e651,arms,6
9a954145-04f6-4a6c-91f0-ef23613b1785,824f7029-df89-4d58-a367-cbac5124d6a8,arms,1
9a954145-04f6-4a6c-91f0-ef23613b1785,5199ea8a-6ad5-420b-8ec7-e5110173fe57,arms,2
9a954145-04f6-4a6c-91f0-ef23613b1785,34f6f283-9295-4e28-b3a2-f1da123ad2bd,arms,3
c14003da-014e-40ab-b360-816f589336f7,6bc142f5-0002-490b-b9ca-11fe3c420139,arms,1
9a954145-04f6-4a6c-91f0-ef23613b1785,72c5ec18-b942-434c-9551-875b503c63c9,arms,4
9a954145-04f6-4a6c-91f0-ef23613b1785,389505b4-419d-4dad-91a0-ddeb1e7b4b2c,arms,5
9a954145-04f6-4a6c-91f0-ef23613b1785,39b3f372-6b52-4a1f-b89c-20a1a4880565,arms,6
671543dd-c7bf-4c53-904c-2cde6ed356e8,1086a4b0-b3a8-4b59-b9c4-2af4c0c025cd,arms,1
671543dd-c7bf-4c53-904c-2cde6ed356e8,f70a017d-0eb1-494d-b444-a549588dc07f,arms,2
671543dd-c7bf-4c53-904c-2cde6ed356e8,bac1e069-c2e0-414c-89c5-9dadfaaf3bca,arms,3
671543dd-c7bf-4c53-904c-2cde6ed356e8,c5b6c18a-6f18-4786-9728-6d2288ca96cb,arms,4
671543dd-c7bf-4c53-904c-2cde6ed356e8,158fb528-30b6-47c5-ad55-5e3a77419f8d,arms,5
671543dd-c7bf-4c53-904c-2cde6ed356e8,55d6237c-37e5-4a3d-86ad-4619bf5fdc20,arms,6
d49fadf2-f96d-4efa-b605-f821cf09b38b,f6da4ebe-9d5e-42eb-8bf9-5cd4b78faeba,arms,1
c14003da-014e-40ab-b360-816f589336f7,e7c2eddc-458e-49b8-8982-4c679a1cf08e,arms,2
d49fadf2-f96d-4efa-b605-f821cf09b38b,1892b0a6-b3f9-4705-88bb-430189f5c336,arms,2
d49fadf2-f96d-4efa-b605-f821cf09b38b,3619cd25-81ee-42c3-a86e-72fce372bfae,arms,3
d49fadf2-f96d-4efa-b605-f821cf09b38b,1fe2e857-f568-4d09-90f9-236ac2d10978,arms,4
d49fadf2-f96d-4efa-b605-f821cf09b38b,f410058c-b0a3-4639-8523-f2347549d958,arms,5
d49fadf2-f96d-4efa-b605-f821cf09b38b,8fc0f121-3350-450b-acf5-7144fe339ec7,arms,6
067ab636-489a-44db-97c0-2efd4bba8be6,4cbbe09b-e74b-456a-b648-f80f8fd20b1b,arms,1
067ab636-489a-44db-97c0-2efd4bba8be6,94ca3f75-cfa5-430d-b3d6-c00c77fba5cb,arms,2
067ab636-489a-44db-97c0-2efd4bba8be6,04d32e7d-120d-423a-a738-54049da4769b,arms,3
067ab636-489a-44db-97c0-2efd4bba8be6,5be56b1a-001a-46a9-ad72-63a739b230d2,arms,4
067ab636-489a-44db-97c0-2efd4bba8be6,b9abfa1b-e460-422c-8471-36e21a284054,arms,5
c14003da-014e-40ab-b360-816f589336f7,66fde94d-e911-475b-bc47-c68a8722a28f,arms,3
067ab636-489a-44db-97c0-2efd4bba8be6,fdbdc011-17d2-450a-b1bb-c23eba9b8638,arms,6
fa6d1dc5-a8d9-4b4a-96e7-92d19c0f7fd9,32b7090f-1656-4ff6-9cc4-1696cf7d7a83,arms,1
fa6d1dc5-a8d9-4b4a-96e7-92d19c0f7fd9,2fd81101-c821-4846-ab77-a6b6ea7c4cda,arms,2
fa6d1dc5-a8d9-4b4a-96e7-92d19c0f7fd9,4ee08035-d1ea-4dc8-9aa9-a023aa94b227,arms,3
fa6d1dc5-a8d9-4b4a-96e7-92d19c0f7fd9,b300372b-4c87-42e4-94b8-a486d585b92d,arms,4
fa6d1dc5-a8d9-4b4a-96e7-92d19c0f7fd9,68af23ad-708a-4bcc-a973-5a28ae7fb859,arms,5
fa6d1dc5-a8d9-4b4a-96e7-92d19c0f7fd9,3e53e883-4707-4793-98ae-54048da6c718,arms,6
3801166f-bd7a-42a6-9204-c78a89868bea,9019be3a-f8e1-4ae4-975c-893d1b4aa600,arms,1
3801166f-bd7a-42a6-9204-c78a89868bea,d482a56f-3669-4ce1-97dd-d3aec021cfb9,arms,2
3801166f-bd7a-42a6-9204-c78a89868bea,6ca4e40e-97fe-444f-8c51-94b0cb8ea642,arms,3
c14003da-014e-40ab-b360-816f589336f7,ef27fece-9a75-48f7-9c8d-a4e550a412e9,arms,4
3801166f-bd7a-42a6-9204-c78a89868bea,1312f3c1-b6df-4011-a500-472c28c68a01,arms,4
3801166f-bd7a-42a6-9204-c78a89868bea,cf6f5f9a-d30f-4382-96ef-3fc9ce09104d,arms,5
3801166f-bd7a-42a6-9204-c78a89868bea,5e3c3687-eea5-4c5c-941b-2c3f52eed38b,arms,6
efa4f45a-1e75-43e8-88cc-e30aee00cbb9,8796f0dd-1409-4a8b-aac4-97cb38005797,arms,1
efa4f45a-1e75-43e8-88cc-e30aee00cbb9,a9452b16-5ab6-4a95-b3e7-504bd2870140,arms,2
efa4f45a-1e75-43e8-88cc-e30aee00cbb9,86c4e236-3870-4c25-a264-0563552a041d,arms,3
efa4f45a-1e75-43e8-88cc-e30aee00cbb9,8faca77b-25a6-4cd3-9776-304b3e31a99c,arms,4
efa4f45a-1e75-43e8-88cc-e30aee00cbb9,1ea5fc3a-e827-41e2-8d41-7bbf03fdd7a6,arms,5
efa4f45a-1e75-43e8-88cc-e30aee00cbb9,fff0b041-bd0b-4159-af57-f0e86bd3e7e6,arms,6
a64f04e9-a5a1-44ea-8a54-0372bb260116,7eb0ee2c-0c80-4b74-add7-e090ddfae779,arms,1
c14003da-014e-40ab-b360-816f589336f7,94ca3f75-cfa5-430d-b3d6-c00c77fba5cb,arms,5
a64f04e9-a5a1-44ea-8a54-0372bb260116,12b6a27e-d132-4b30-9e76-375b558744b7,arms,2
a64f04e9-a5a1-44ea-8a54-0372bb260116,f155aa38-dd2b-4584-9552-32913c07a6b2,arms,3
a64f04e9-a5a1-44ea-8a54-0372bb260116,3e9267ac-5483-4314-94fc-185470b12af4,arms,4
a64f04e9-a5a1-44ea-8a54-0372bb260116,0a4626fa-1324-4141-8882-f7db995e2bf1,arms,5
a64f04e9-a5a1-44ea-8a54-0372bb260116,d3057b3d-2329-41bd-93dc-92bba7cc1cd3,arms,6
b4adeefd-ef3d-4dfa-9441-6af5553508a6,2e412346-daa1-4fc3-912a-c4cb21f32ca5,arms,1
b4adeefd-ef3d-4dfa-9441-6af5553508a6,529a5dec-755e-4620-947e-0b884d7cba82,arms,2
b4adeefd-ef3d-4dfa-9441-6af5553508a6,0db0c63b-d0fc-4cc4-83b8-0fc75ea85ccf,arms,3
b4adeefd-ef3d-4dfa-9441-6af5553508a6,c77cc163-2e69-4f52-87e9-e5680aedecdc,arms,4
b4adeefd-ef3d-4dfa-9441-6af5553508a6,7dddcfa6-92f1-495b-99bd-0959329798a4,arms,5
c14003da-014e-40ab-b360-816f589336f7,ca626a73-c9f5-4e20-abc2-f001f0be364b,arms,6
b4adeefd-ef3d-4dfa-9441-6af5553508a6,6e5b7b41-48cf-4583-85b4-24ec7cdeaf74,arms,6
7f142d2a-b365-479b-87ef-3f63acec0269,614f21e1-0fb1-4291-820f-6155a99e6bc9,arms,1
7f142d2a-b365-479b-87ef-3f63acec0269,09d5cc1e-cc72-4cd6-bbb5-4f03cc4c2e78,arms,2
7f142d2a-b365-479b-87ef-3f63acec0269,94364e25-3bdc-43e1-bc17-dbb8461b1a86,arms,3
7f142d2a-b365-479b-87ef-3f63acec0269,ad1dfdf1-9999-4417-a585-604eef2c098e,arms,4
7f142d2a-b365-479b-87ef-3f63acec0269,c607c8de-2a5b-454d-b4b5-49f6d1b7f934,arms,5
7f142d2a-b365-479b-87ef-3f63acec0269,9019be3a-f8e1-4ae4-975c-893d1b4aa600,arms,6
876d2edd-a7b4-48a8-b6f4-0b96ebdff029,a7a4bcbd-4d33-4fee-b27f-037d1d270f4c,arms,1
876d2edd-a7b4-48a8-b6f4-0b96ebdff029,c6a24f5d-a8f2-4a2b-a416-8dd22f779913,arms,2
876d2edd-a7b4-48a8-b6f4-0b96ebdff029,42d60f72-5651-49d7-b60d-dc51efe6ebd4,arms,3
0ec0db7f-8d15-49bb-ba7d-5d25a557a0cb,cc1ee70c-f611-417e-a839-96f02d7485b7,arms,1
876d2edd-a7b4-48a8-b6f4-0b96ebdff029,e6265d5a-14a5-4a40-acef-7a4fb4299e6f,arms,4
876d2edd-a7b4-48a8-b6f4-0b96ebdff029,6a3b8f5e-dc1b-43d5-a466-5c8c8e318b2d,arms,5
876d2edd-a7b4-48a8-b6f4-0b96ebdff029,4de4cbdf-450b-4c9d-a9ca-c8778db5d432,arms,6
6f76d230-a233-41e7-b246-52c2e7656109,61838f7c-3046-4e64-8b4e-8117ec5a7136,arms,1
6f76d230-a233-41e7-b246-52c2e7656109,1f28fc4e-08e7-46c4-a60c-db915ab0fa59,arms,2
6f76d230-a233-41e7-b246-52c2e7656109,26f42dca-c26d-40f8-8277-03d5de4157c5,arms,3
6f76d230-a233-41e7-b246-52c2e7656109,e022dc0c-a0e5-470d-a4c0-19b0238d7960,arms,4
6f76d230-a233-41e7-b246-52c2e7656109,61cd3e1f-c909-480a-abd8-fac03357c1b0,arms,5
6f76d230-a233-41e7-b246-52c2e7656109,ae5e5007-f654-4242-ae92-5620a12b828d,arms,6
6f1860d3-004f-4e14-97a5-adbc56a87155,3e208872-3a68-4bf0-ba98-dd3f9e7b19ee,arms,1
05422557-a057-48e0-9123-a107b08a7b8c,1d01bbc8-4b2e-4a5b-97f8-5cb721cc56b0,arms,2
0ec0db7f-8d15-49bb-ba7d-5d25a557a0cb,ba53d2b1-05d0-40bd-9fa5-40b1450d514c,arms,2
6f1860d3-004f-4e14-97a5-adbc56a87155,5167ab81-1777-4fa2-bd8d-6ef9ceb7f201,arms,2
6f1860d3-004f-4e14-97a5-adbc56a87155,6b7cc56f-c81d-4890-b943-eee4381fff4f,arms,3
6f1860d3-004f-4e14-97a5-adbc56a87155,76755460-ec57-496b-9487-582be979c5aa,arms,4
6f1860d3-004f-4e14-97a5-adbc56a87155,f87f55c4-28ab-4ecc-968d-6bcde0549c90,arms,5
6f1860d3-004f-4e14-97a5-adbc56a87155,f89d9b48-51b7-4aa0-a101-04d0577c13d3,arms,6
19f445ea-5d79-42fa-bb6b-672df5270d41,c1f4db9b-d8b6-4cbe-ac35-bdc34baf79fb,arms,1
19f445ea-5d79-42fa-bb6b-672df5270d41,2ebe034f-6761-43a2-a270-7d1411d2331b,arms,2
19f445ea-5d79-42fa-bb6b-672df5270d41,eb0e08b5-2a64-4c2c-ad82-8e1f0d24df75,arms,3
19f445ea-5d79-42fa-bb6b-672df5270d41,ec3084ce-d363-4ece-baac-a3d7e07501d2,arms,4
19f445ea-5d79-42fa-bb6b-672df5270d41,2ebe034f-6761-43a2-a270-7d1411d2331b,arms,5
0ec0db7f-8d15-49bb-ba7d-5d25a557a0cb,8e62ba94-f4eb-456e-b2c6-89c3f809465e,arms,3
19f445ea-5d79-42fa-bb6b-672df5270d41,b40dc33a-8f8a-4b5b-b089-e54699f6e35d,arms,6
c6bd5dee-7ddc-4be6-adf7-39679ff41be0,646ea3e0-a08e-4651-ac83-2770f8af0411,arms,1
c6bd5dee-7ddc-4be6-adf7-39679ff41be0,8796f0dd-1409-4a8b-aac4-97cb38005797,arms,2
c6bd5dee-7ddc-4be6-adf7-39679ff41be0,99f84e92-9d95-4437-9434-4c11e94a1a07,arms,3
c6bd5dee-7ddc-4be6-adf7-39679ff41be0,78220fd5-0a88-4713-a5d8-cedd092c0e46,arms,4
c6bd5dee-7ddc-4be6-adf7-39679ff41be0,0c53632c-ad48-45aa-8b88-37998d924769,arms,5
c6bd5dee-7ddc-4be6-adf7-39679ff41be0,ce2aa642-3bc0-4f02-afd9-879a0dfd51e5,arms,6
8a55bd80-856d-49c2-af39-ee692adce351,faa74d26-0c8a-4352-b30f-4f598f7befb7,arms,1
8a55bd80-856d-49c2-af39-ee692adce351,18785c53-905d-45a2-a0ba-f43b60ac6d65,arms,2
8a55bd80-856d-49c2-af39-ee692adce351,ea89a9df-fff0-42a7-83d5-270bd29bdf8b,arms,3
0ec0db7f-8d15-49bb-ba7d-5d25a557a0cb,266dc20f-438c-41a6-9e40-0005befebf79,arms,4
8a55bd80-856d-49c2-af39-ee692adce351,e86f863a-2d82-43e4-a3c1-ba8640f35f77,arms,4
8a55bd80-856d-49c2-af39-ee692adce351,c78f8041-fb9b-4248-8fb7-8924f550dd7f,arms,5
8a55bd80-856d-49c2-af39-ee692adce351,d48a7613-4c27-4ded-852b-7883a75cb0cd,arms,6
93c9c750-268e-4d3a-902f-4958c4385987,924910a4-7b48-4faa-b274-76f76f6ac32f,arms,1
93c9c750-268e-4d3a-902f-4958c4385987,c97cdb8c-70d8-4eb9-abb4-c807b3a5ba8d,arms,2
93c9c750-268e-4d3a-902f-4958c4385987,7900e36d-df34-48ab-8ca1-1390c8e27d32,arms,3
93c9c750-268e-4d3a-902f-4958c4385987,3068d2bd-6da9-49b7-9dbd-495a42700562,arms,4
93c9c750-268e-4d3a-902f-4958c4385987,117dae5b-196f-448e-a7d6-eed6d1a3b8c4,arms,5
93c9c750-268e-4d3a-902f-4958c4385987,b466d43c-9dc2-4474-91c2-0bb999120410,arms,6
1f7af803-46e0-4b6a-9ac5-028b89a09508,315c4dfb-d3cf-4957-933c-57ffe5a63b4c,arms,1
0ec0db7f-8d15-49bb-ba7d-5d25a557a0cb,a39eedcd-075c-4079-99ea-f01721a1707e,arms,5
1f7af803-46e0-4b6a-9ac5-028b89a09508,bbfe0434-957e-4fea-b22f-1d4888b72ed0,arms,2
1f7af803-46e0-4b6a-9ac5-028b89a09508,00d854be-35f1-4487-89d5-324f33dd7b6d,arms,3
1f7af803-46e0-4b6a-9ac5-028b89a09508,0dba2381-185b-408b-9f1a-5187c3e8c039,arms,4
1f7af803-46e0-4b6a-9ac5-028b89a09508,1bc7d534-728e-43f4-9882-420e1af95ea6,arms,5
1f7af803-46e0-4b6a-9ac5-028b89a09508,c82eaf9f-1287-419a-ad2e-a786c4528277,arms,6
ab4d008e-3ed9-4234-ada9-ba32ecb32d5c,2cce8b23-c916-4e85-95cd-e531a7d588d3,arms,1
ab4d008e-3ed9-4234-ada9-ba32ecb32d5c,824f7029-df89-4d58-a367-cbac5124d6a8,arms,2
ab4d008e-3ed9-4234-ada9-ba32ecb32d5c,b39bb9f6-bad4-4e31-9a94-e853a1d8fd97,arms,3
ab4d008e-3ed9-4234-ada9-ba32ecb32d5c,847f7261-9b89-4e52-af42-3c22d7474740,arms,4
ab4d008e-3ed9-4234-ada9-ba32ecb32d5c,c44b4112-b0ee-41b7-ad4b-ab3c98a81cde,arms,5
0ec0db7f-8d15-49bb-ba7d-5d25a557a0cb,ce5b0137-8961-4c06-a0ea-92a7e75c8174,arms,6
ab4d008e-3ed9-4234-ada9-ba32ecb32d5c,41355efe-596f-407d-ae53-3f13e7917f8f,arms,6
a272dd7e-2ea2-40a8-92b1-2cb93327bade,2f220cc7-f19e-4df3-82e3-db9d02d42a1d,arms,1
a272dd7e-2ea2-40a8-92b1-2cb93327bade,72519c58-8942-40cd-ad93-117c9e04bd52,arms,2
a272dd7e-2ea2-40a8-92b1-2cb93327bade,11fe2dec-94ae-4199-8046-ae33746747bc,arms,3
a272dd7e-2ea2-40a8-92b1-2cb93327bade,18c454bc-8ccf-40c3-90c3-677c04b80188,arms,4
a272dd7e-2ea2-40a8-92b1-2cb93327bade,770a1222-798b-40b3-977b-e9e2d907c30f,arms,5
a272dd7e-2ea2-40a8-92b1-2cb93327bade,3ec588fa-c92c-4980-aa1a-876debe0ec9b,arms,6
d361184b-b8fd-48f0-b93b-ce4bb531ef8f,c9a7a251-5127-4291-a0bd-d0804c7fd541,arms,1
d361184b-b8fd-48f0-b93b-ce4bb531ef8f,f4617352-d792-4831-a9c3-8f017d10e478,arms,2
d361184b-b8fd-48f0-b93b-ce4bb531ef8f,d821fa45-2855-468f-9a78-8872a0726d5d,arms,3
8656a4b0-c09d-4363-bd00-b7cb8b5fc4a7,c929567b-49b8-434b-830e-eab0b915a1f4,arms,1
d361184b-b8fd-48f0-b93b-ce4bb531ef8f,5ab7862f-4a7e-4ef0-838f-4e58e49079db,arms,4
d361184b-b8fd-48f0-b93b-ce4bb531ef8f,0c3b7536-7e75-4e1a-8f77-60b6bef4e744,arms,5
d361184b-b8fd-48f0-b93b-ce4bb531ef8f,76d7ba36-fe68-49bb-b33b-4ea0a0bea852,arms,6
90849f5a-79e4-4667-a263-419d55a2cd21,3a2b6476-b228-4fd7-a0cd-e340fc812551,arms,1
90849f5a-79e4-4667-a263-419d55a2cd21,444c8bab-a598-4fbd-8c45-43ecbbefaa12,arms,2
90849f5a-79e4-4667-a263-419d55a2cd21,f893885d-13f5-4a58-82ab-ca8f4118ee35,arms,3
90849f5a-79e4-4667-a263-419d55a2cd21,45dfc8db-6d17-4b55-a0c2-7fc0daa6a2c8,arms,4
90849f5a-79e4-4667-a263-419d55a2cd21,1b16356b-5aa9-4b9e-b68a-edb3c2c2b9e9,arms,5
90849f5a-79e4-4667-a263-419d55a2cd21,cd5750bc-d316-4d13-b9f3-bf727322eb47,arms,6
f0bb4ab6-799a-4184-9af4-6bba9b951cfe,b9227e32-89e6-4dc9-bf9a-c3cfaa88e05f,arms,1
8656a4b0-c09d-4363-bd00-b7cb8b5fc4a7,f082f48b-5788-4a43-99a8-5ff961fb5ec3,arms,2
f0bb4ab6-799a-4184-9af4-6bba9b951cfe,6da6a229-996b-4268-9967-b8df9fb22e9c,arms,2
f0bb4ab6-799a-4184-9af4-6bba9b951cfe,0fddb45c-3b4d-4628-b0e6-b3667bffdf35,arms,3
f0bb4ab6-799a-4184-9af4-6bba9b951cfe,79381698-38db-47e0-b2a7-3e420f77ecc1,arms,4
f0bb4ab6-799a-4184-9af4-6bba9b951cfe,1ba4a4ac-7c89-4dd4-b7bc-3c395d08a759,arms,5
f0bb4ab6-799a-4184-9af4-6bba9b951cfe,94654d3b-380e-4ac1-8632-b11318ffca0d,arms,6
10748d85-53a5-4528-bf66-5c8bce820fb6,646875ac-18ac-48bb-a052-ce6c1298c97b,arms,1
10748d85-53a5-4528-bf66-5c8bce820fb6,3ece87e2-72ef-4cc3-9eb8-1d1123ec19ae,arms,2
10748d85-53a5-4528-bf66-5c8bce820fb6,03403f99-4594-42fd-8db3-a993a81d5355,arms,3
10748d85-53a5-4528-bf66-5c8bce820fb6,75a81fc8-eb7a-4eb5-82a6-c74c1d5d718d,arms,4
10748d85-53a5-4528-bf66-5c8bce820fb6,151135f7-78b4-4e0d-932e-3b38de2406ff,arms,5
8656a4b0-c09d-4363-bd00-b7cb8b5fc4a7,4bfa4aac-b4a8-46a7-81f8-ad8e17426360,arms,3
10748d85-53a5-4528-bf66-5c8bce820fb6,0268d961-bf7d-4f28-b04e-f336547a5a45,arms,6
3e2710c2-e97a-4cea-8b9f-5ceddc8299c9,063899d3-c4db-458e-b04a-1ae830c42a4b,arms,1
3e2710c2-e97a-4cea-8b9f-5ceddc8299c9,d1e65ef4-080c-4226-a65c-7c7110db7a62,arms,2
3e2710c2-e97a-4cea-8b9f-5ceddc8299c9,7483585a-af14-4d27-b5d9-e5361b9ade39,arms,3
3e2710c2-e97a-4cea-8b9f-5ceddc8299c9,3d7a2a22-039a-4328-92b7-d04abfb8b535,arms,4
3e2710c2-e97a-4cea-8b9f-5ceddc8299c9,0db0c63b-d0fc-4cc4-83b8-0fc75ea85ccf,arms,5
3e2710c2-e97a-4cea-8b9f-5ceddc8299c9,4a367032-f3a3-4a71-bc25-6b7ffa73ae7d,arms,6
3ba8541c-016b-415d-8ad7-8b10bf9f7294,a4ea0827-7230-4574-bb58-9e508a104373,arms,1
3ba8541c-016b-415d-8ad7-8b10bf9f7294,b481c7c8-02bb-4c4f-8418-aaeede5ababa,arms,2
3ba8541c-016b-415d-8ad7-8b10bf9f7294,fa7cb03a-4ba0-409d-8735-71bc750c6982,arms,3
8656a4b0-c09d-4363-bd00-b7cb8b5fc4a7,a7a4bcbd-4d33-4fee-b27f-037d1d270f4c,arms,4
3ba8541c-016b-415d-8ad7-8b10bf9f7294,bc5c9d00-70dd-4901-aadd-944aab892905,arms,4
3ba8541c-016b-415d-8ad7-8b10bf9f7294,8ac5b5cb-5743-4b81-98d6-bb1184304ce7,arms,5
3ba8541c-016b-415d-8ad7-8b10bf9f7294,543ab316-d7e9-4de7-9d88-ed477d3dabf7,arms,6
8c06174b-8ee9-4b6d-a6a0-8da6d00b511e,90b35fdd-6f56-407f-8c67-ffce25317e48,arms,1
8c06174b-8ee9-4b6d-a6a0-8da6d00b511e,e50ad776-33da-4ec2-9bfb-765d1a55cbfc,arms,2
8c06174b-8ee9-4b6d-a6a0-8da6d00b511e,e14a8a2a-fa47-4d4b-96a5-55e355757686,arms,3
8c06174b-8ee9-4b6d-a6a0-8da6d00b511e,70df0eda-b1c6-4602-8f56-7cf4e526c4a0,arms,4
8c06174b-8ee9-4b6d-a6a0-8da6d00b511e,231d9dc5-b5e8-46d2-8252-847921c5a0e6,arms,5
8c06174b-8ee9-4b6d-a6a0-8da6d00b511e,ace67491-935b-4d1e-9c17-adc42009520d,arms,6
8b1f4634-f1e7-460d-8344-2b952cc2480b,3a6a8268-bbd2-4b50-89cb-633961423e0a,arms,1
8656a4b0-c09d-4363-bd00-b7cb8b5fc4a7,f8891fa8-97f4-4ec3-a516-6e6cddf2747f,arms,5
8b1f4634-f1e7-460d-8344-2b952cc2480b,bc109574-8ecd-4d9e-9e1a-4833d649f6b9,arms,2
8b1f4634-f1e7-460d-8344-2b952cc2480b,24d7cab9-e478-4b59-88a4-6119b9f734ee,arms,3
8b1f4634-f1e7-460d-8344-2b952cc2480b,2f8f93d6-8156-4046-bca6-42b24dd77fd2,arms,4
8b1f4634-f1e7-460d-8344-2b952cc2480b,3039d3cc-f1f9-4b65-b874-458a9e53d925,arms,5
8b1f4634-f1e7-460d-8344-2b952cc2480b,44b5236e-02f5-42f6-8c66-6e401378ea85,arms,6
6cc17f93-a7ea-4cf6-bbb7-5c61ed449baf,01baf448-65a6-4cb5-a82c-6861b3a6a9e1,arms,1
6cc17f93-a7ea-4cf6-bbb7-5c61ed449baf,d170e193-56d8-4bf3-9bf1-8074370dbe97,arms,2
6cc17f93-a7ea-4cf6-bbb7-5c61ed449baf,27de3a01-d347-490d-b28f-31203372bab6,arms,3
6cc17f93-a7ea-4cf6-bbb7-5c61ed449baf,6cffb02d-0c58-4bf4-8d18-b55a9b8b4f7c,arms,4
6cc17f93-a7ea-4cf6-bbb7-5c61ed449baf,bf86e5fc-0eac-4662-984f-97a81077a47b,arms,5
05422557-a057-48e0-9123-a107b08a7b8c,1a76dbe1-c0f4-4f40-9925-480b492e1be6,arms,3
8656a4b0-c09d-4363-bd00-b7cb8b5fc4a7,4bd81144-d6cb-4e5a-8783-8c6ddd7d3720,arms,6
6cc17f93-a7ea-4cf6-bbb7-5c61ed449baf,cb74f75d-cdad-4ed1-a2c8-6111a415353f,arms,6
1d0b485e-ca1e-4372-b8af-ea25fafbefb2,7190221f-8e32-449e-957e-25302b8c25c0,arms,1
1d0b485e-ca1e-4372-b8af-ea25fafbefb2,03b38a6f-13df-42ed-a40f-0c7a9306867e,arms,2
1d0b485e-ca1e-4372-b8af-ea25fafbefb2,e076a623-130d-48fa-b8ec-795e6fd510bf,arms,3
1d0b485e-ca1e-4372-b8af-ea25fafbefb2,5d9612c2-f46f-4adb-bfdf-84a0e8cbcc49,arms,4
1d0b485e-ca1e-4372-b8af-ea25fafbefb2,45182e4c-3a55-4dd9-b85a-78e8511334f0,arms,5
1d0b485e-ca1e-4372-b8af-ea25fafbefb2,8034d682-5edc-42d4-a6b6-c5a8130d2a0c,arms,6
97b0a4b5-951f-4434-8f63-0bab4e653a0b,e0e35dab-372f-44f6-bc33-d8b3ee26e701,arms,1
97b0a4b5-951f-4434-8f63-0bab4e653a0b,22dcf8ae-8027-450c-8fbf-789b22ad138b,arms,2
97b0a4b5-951f-4434-8f63-0bab4e653a0b,e9d78de3-23cf-4b5d-8c7f-0989b0c41b6c,arms,3
ea503887-06c3-4322-a837-a6e9b222854b,a539384b-b5d8-48d7-81bb-9b784c5a3f29,arms,1
97b0a4b5-951f-4434-8f63-0bab4e653a0b,3db28792-96a6-42e6-8a14-727575ea9749,arms,4
97b0a4b5-951f-4434-8f63-0bab4e653a0b,d44ae3e5-f1dd-4362-8736-4e53e9ce5b4e,arms,5
97b0a4b5-951f-4434-8f63-0bab4e653a0b,ae3cc25c-386a-4c5b-a5e1-934e3685671d,arms,6
ad108db7-ca90-49eb-a154-2afffe7408bc,b52a0f3b-3d1c-4a18-880a-8da75e4ec577,arms,1
ad108db7-ca90-49eb-a154-2afffe7408bc,8e503efa-fc92-4696-a723-35dcd03fb405,arms,2
ad108db7-ca90-49eb-a154-2afffe7408bc,ac01614a-a0ac-4e35-8af3-704bd7d8aea3,arms,3
ad108db7-ca90-49eb-a154-2afffe7408bc,4c638a38-8d56-4562-923b-404e9e1377d4,arms,4
ad108db7-ca90-49eb-a154-2afffe7408bc,efaa06ed-bec3-4a34-adeb-cf0348ca1680,arms,5
ad108db7-ca90-49eb-a154-2afffe7408bc,6da6a229-996b-4268-9967-b8df9fb22e9c,arms,6
d7a94fce-3d9d-4a34-9790-3151de51595e,3f28811f-36f7-4e93-ad9b-df803ecc61cc,arms,1
ea503887-06c3-4322-a837-a6e9b222854b,d884d009-3d53-413e-8817-2a16cfb60735,arms,2
d7a94fce-3d9d-4a34-9790-3151de51595e,29c36a03-09f0-4b44-beb6-ab3939e550ea,arms,2
d7a94fce-3d9d-4a34-9790-3151de51595e,2cce8b23-c916-4e85-95cd-e531a7d588d3,arms,3
d7a94fce-3d9d-4a34-9790-3151de51595e,1b0bd83d-f96b-470f-ab06-a90dd1a42f6b,arms,4
d7a94fce-3d9d-4a34-9790-3151de51595e,b6349f89-ecd6-4e68-8085-5ba9cfab6bf2,arms,5
d7a94fce-3d9d-4a34-9790-3151de51595e,63cf52cc-b536-4a51-bb93-be8267891979,arms,6
da6da1ce-5108-4f27-911d-45d2e7b2bdaa,b8681e10-19ff-4156-8504-7b60c575c8ec,arms,1
da6da1ce-5108-4f27-911d-45d2e7b2bdaa,2f1b3036-8985-4c75-b019-9578a17d4c8d,arms,2
da6da1ce-5108-4f27-911d-45d2e7b2bdaa,2d8e6a5e-54f1-4b54-8f6a-ce6b6054b6f0,arms,3
da6da1ce-5108-4f27-911d-45d2e7b2bdaa,4a45a16d-4665-4ca5-a2e1-a36a3675be56,arms,4
da6da1ce-5108-4f27-911d-45d2e7b2bdaa,9bea55b5-cc8d-48ad-aefc-7ea16de1c740,arms,5
ea503887-06c3-4322-a837-a6e9b222854b,ad9a49fb-4dc8-4859-9cf1-e2a91d6c5ec1,arms,3
da6da1ce-5108-4f27-911d-45d2e7b2bdaa,cb74f75d-cdad-4ed1-a2c8-6111a415353f,arms,6
a022b0ae-e7dc-4031-bbba-ece7507dd5ae,6e8a1bd7-e348-4b28-8825-92e256045c3a,arms,1
a022b0ae-e7dc-4031-bbba-ece7507dd5ae,19e10ec9-9e01-477b-97c1-b84a90cc3b15,arms,2
a022b0ae-e7dc-4031-bbba-ece7507dd5ae,1139242a-6b3c-4eaa-81f5-daa0eefecafe,arms,3
a022b0ae-e7dc-4031-bbba-ece7507dd5ae,2713e789-c630-48fa-bde8-8109b4cafd2e,arms,4
a022b0ae-e7dc-4031-bbba-ece7507dd5ae,6a966c96-e99f-45f7-8534-77246eb4b5d3,arms,5
a022b0ae-e7dc-4031-bbba-ece7507dd5ae,c51db2d1-b61a-4b5d-ac46-e90a59f92aef,arms,6
ec340a9b-52cb-4ed0-bb56-74d7a82bd57f,1f0fdbb1-f359-4865-8ea9-e917c78e011e,arms,1
ec340a9b-52cb-4ed0-bb56-74d7a82bd57f,1771c385-ada1-4eff-9f36-9088559d6053,arms,2
ec340a9b-52cb-4ed0-bb56-74d7a82bd57f,e022dc0c-a0e5-470d-a4c0-19b0238d7960,arms,3
ea503887-06c3-4322-a837-a6e9b222854b,44754df3-5e4f-4d3b-b63f-5723d1324f60,arms,4
ec340a9b-52cb-4ed0-bb56-74d7a82bd57f,7190221f-8e32-449e-957e-25302b8c25c0,arms,4
ec340a9b-52cb-4ed0-bb56-74d7a82bd57f,69223586-5630-427f-9bed-cb3a3cba729e,arms,5
ec340a9b-52cb-4ed0-bb56-74d7a82bd57f,6e412c15-a8de-4172-9730-0a56474e58cb,arms,6
4099d28b-d068-4890-a7a4-6e8ee779733e,aa8e9bc4-d797-4062-b0c9-286b57211754,arms,1
4099d28b-d068-4890-a7a4-6e8ee779733e,fdd9d5ff-e480-4d82-87c8-7fc46cc2f89a,arms,2
4099d28b-d068-4890-a7a4-6e8ee779733e,02be5229-0ea7-4bd3-adfe-3cf76446e694,arms,3
4099d28b-d068-4890-a7a4-6e8ee779733e,1ae65632-1d76-4830-9094-4f8f57d92709,arms,4
4099d28b-d068-4890-a7a4-6e8ee779733e,e4ca55d0-6d46-4380-b6f6-22b1800fb978,arms,5
4099d28b-d068-4890-a7a4-6e8ee779733e,706c3f2b-8bfc-480e-9f18-03a02c810529,arms,6
f90de3d2-eace-4b67-9d3c-eaac5514834c,1a39b39a-e8c3-43b6-a7e9-8d543bb1d227,arms,1
ea503887-06c3-4322-a837-a6e9b222854b,259cbd21-4bb2-49d2-9cb0-03b889043870,arms,5
f90de3d2-eace-4b67-9d3c-eaac5514834c,e0e0dded-8eeb-4f4d-b8c6-6b155a1056e5,arms,2
f90de3d2-eace-4b67-9d3c-eaac5514834c,dce5f189-0906-432a-adeb-ad6dba4c3f6e,arms,3
f90de3d2-eace-4b67-9d3c-eaac5514834c,ca3d8be0-e63a-41db-8b4b-5a1cd17aff14,arms,4
f90de3d2-eace-4b67-9d3c-eaac5514834c,0ed4b4ea-1114-4951-a631-7d7aca1c01cb,arms,5
f90de3d2-eace-4b67-9d3c-eaac5514834c,bbcc238a-c934-4ee4-9d70-5eb90dace818,arms,6
3dc7f2f9-f866-4191-a910-4fabcd96f958,3411eb2d-e5c5-4d04-8b73-a5373b67da26,arms,1
3dc7f2f9-f866-4191-a910-4fabcd96f958,5a561b96-1248-4ec7-99d1-3001989cf329,arms,2
3dc7f2f9-f866-4191-a910-4fabcd96f958,5a08f87b-039b-4f85-b771-17628c5fc2a2,arms,3
3dc7f2f9-f866-4191-a910-4fabcd96f958,1c236110-3595-4802-8ee6-6ccfa9f7fd58,arms,4
3dc7f2f9-f866-4191-a910-4fabcd96f958,70787f77-0ea3-4ed4-88a9-5f395cdf2641,arms,5
ea503887-06c3-4322-a837-a6e9b222854b,67ad6a16-5f9d-41e8-b6aa-c7f795464e00,arms,6
3dc7f2f9-f866-4191-a910-4fabcd96f958,be337dc0-5ab5-4174-ac0b-23f8855690c7,arms,6
73f6a9cd-7e75-4881-b779-e19147c3466e,ca7a73c0-664a-4347-bee7-5dc12b077852,arms,1
73f6a9cd-7e75-4881-b779-e19147c3466e,7083d963-e884-4094-abc9-5e36a9800edf,arms,2
73f6a9cd-7e75-4881-b779-e19147c3466e,900c987a-8358-4f6f-afb9-b2861222f1de,arms,3
73f6a9cd-7e75-4881-b779-e19147c3466e,39b00caa-5cd0-4bea-a622-f0eb4f0a0211,arms,4
73f6a9cd-7e75-4881-b779-e19147c3466e,2b5706d0-0afc-4cea-8864-358837139c95,arms,5
73f6a9cd-7e75-4881-b779-e19147c3466e,be5172da-0936-4c84-8b17-0e147e983a4d,arms,6
c081554d-8bef-4729-a387-471a400ec7c5,1a736ca9-df14-44f2-9726-4c05d8e26f79,arms,1
c081554d-8bef-4729-a387-471a400ec7c5,53210d16-0f70-48ab-8911-bcc1a49abdee,arms,2
c081554d-8bef-4729-a387-471a400ec7c5,be769683-9bde-428a-80ea-cfd8186724e3,arms,3
803b3a85-c290-40fb-a8dd-135065cef325,7d9b9fd8-a95f-40d9-b4d7-d6709129de40,arms,1
c081554d-8bef-4729-a387-471a400ec7c5,80d5f334-92ac-4594-9475-85570ee1587e,arms,4
c081554d-8bef-4729-a387-471a400ec7c5,384faad4-2801-4150-bcca-c244bbc794d1,arms,5
c081554d-8bef-4729-a387-471a400ec7c5,70471b1a-179d-46ec-a407-fadc0a799f4c,arms,6
12cdbb3d-69d4-4f9e-8471-13ab91f208d0,3099e6e1-4081-42b1-89ad-e8950622d89e,arms,1
12cdbb3d-69d4-4f9e-8471-13ab91f208d0,c147792a-8c63-42e4-9701-722dcfacda31,arms,2
12cdbb3d-69d4-4f9e-8471-13ab91f208d0,d6e07e73-00cb-44c5-bec8-e20283f72376,arms,3
12cdbb3d-69d4-4f9e-8471-13ab91f208d0,87d4be3f-0ad1-4c5d-a021-49c8103056ca,arms,4
12cdbb3d-69d4-4f9e-8471-13ab91f208d0,3c912a27-dbe8-40b5-be17-cbbb28ddac8a,arms,5
12cdbb3d-69d4-4f9e-8471-13ab91f208d0,ca756d00-d101-441e-af09-b1cd3090786a,arms,6
e943e393-03d2-469c-9df1-049789c1c1ef,783ca74c-a7a7-4a9d-97f3-231e74dc572d,arms,1
803b3a85-c290-40fb-a8dd-135065cef325,c4b5203c-4cd4-4d8e-b5d8-0318bd02d6b0,arms,2
e943e393-03d2-469c-9df1-049789c1c1ef,8bfa2b72-bc59-462c-b6ed-018a02f3be52,arms,2
e943e393-03d2-469c-9df1-049789c1c1ef,5429c932-25e0-4443-92ec-cea00373a706,arms,3
e943e393-03d2-469c-9df1-049789c1c1ef,c7573c96-3979-4cbd-95bc-9864c163ac27,arms,4
e943e393-03d2-469c-9df1-049789c1c1ef,8dc53c34-02ca-450c-8bc3-0f0be8bb0e9f,arms,5
e943e393-03d2-469c-9df1-049789c1c1ef,e877c5a9-3704-4880-88e3-54e858da0f42,arms,6
a9d07713-d2dc-433e-9aa7-ea79bf43b58c,855dec28-0fc5-431b-bc9c-79aeaae2b802,arms,1
a9d07713-d2dc-433e-9aa7-ea79bf43b58c,950f9a9a-bbe2-4402-93a2-b8a5f237b78c,arms,2
a9d07713-d2dc-433e-9aa7-ea79bf43b58c,d8187dbe-646c-4cb3-900a-3588d81aacf9,arms,3
a9d07713-d2dc-433e-9aa7-ea79bf43b58c,23abc333-19f2-49e7-bfbb-0546de8d13d0,arms,4
a9d07713-d2dc-433e-9aa7-ea79bf43b58c,e9da9c64-949d-48fb-9c1f-bb033d945e2d,arms,5
803b3a85-c290-40fb-a8dd-135065cef325,3936d7ae-f00f-4478-a15f-9cc2e4414068,arms,3
a9d07713-d2dc-433e-9aa7-ea79bf43b58c,7ecb7a26-71f7-485e-aafa-606215c96674,arms,6
b709081b-81d3-4fbb-a98b-ac77f74ed472,e8ceddbc-0a63-4034-80ac-738313233546,arms,1
b709081b-81d3-4fbb-a98b-ac77f74ed472,dda29efc-d2c8-4cd5-a0a1-1235e1603acb,arms,2
b709081b-81d3-4fbb-a98b-ac77f74ed472,d2a7af31-ce62-4b57-aeab-050cd93c90fb,arms,3
b709081b-81d3-4fbb-a98b-ac77f74ed472,11fb6876-031f-4a66-81f7-1b61724f5ada,arms,4
b709081b-81d3-4fbb-a98b-ac77f74ed472,413c2fc9-b65c-4a6c-ba28-bfdf15e35741,arms,5
b709081b-81d3-4fbb-a98b-ac77f74ed472,41355efe-596f-407d-ae53-3f13e7917f8f,arms,6
46df2026-1a62-4e52-9578-351bbc143f8b,0ed4b4ea-1114-4951-a631-7d7aca1c01cb,arms,1
46df2026-1a62-4e52-9578-351bbc143f8b,770a1222-798b-40b3-977b-e9e2d907c30f,arms,2
46df2026-1a62-4e52-9578-351bbc143f8b,3a2b6476-b228-4fd7-a0cd-e340fc812551,arms,3
05422557-a057-48e0-9123-a107b08a7b8c,9ce91019-62f5-4204-835c-b2d8930430df,arms,4
803b3a85-c290-40fb-a8dd-135065cef325,8986ab06-022d-4721-9a7c-28f7bbad1ff3,arms,4
46df2026-1a62-4e52-9578-351bbc143f8b,7483585a-af14-4d27-b5d9-e5361b9ade39,arms,4
46df2026-1a62-4e52-9578-351bbc143f8b,f2da0136-a426-49fa-a22e-aa3bae5827a0,arms,5
46df2026-1a62-4e52-9578-351bbc143f8b,19726c6e-3bee-4c9d-a7d6-e32e3bce3037,arms,6
fdf3a2c5-aa92-4dd7-9765-e626e781d02e,745c6e74-370a-479e-9aa1-384bdd8a2743,arms,1
fdf3a2c5-aa92-4dd7-9765-e626e781d02e,24bf661a-5dca-453f-8635-e1610e37cd6f,arms,2
fdf3a2c5-aa92-4dd7-9765-e626e781d02e,105e5323-5a82-4b9c-84ad-d6117f705a25,arms,3
fdf3a2c5-aa92-4dd7-9765-e626e781d02e,c4038588-eb02-4e3c-894b-93054f88df3a,arms,4
fdf3a2c5-aa92-4dd7-9765-e626e781d02e,689acfaf-a3b3-4678-b10b-c53a2b763fb7,arms,5
fdf3a2c5-aa92-4dd7-9765-e626e781d02e,14a95ba3-1c0f-4c1b-9974-ed94462ac126,arms,6
478bf2b8-4c8e-49d4-896e-12130a902721,4fb9857f-b275-422a-b0d7-1cd1825e2c2c,arms,1
803b3a85-c290-40fb-a8dd-135065cef325,89270a00-041e-46c2-ac04-b41b0c652547,arms,5
478bf2b8-4c8e-49d4-896e-12130a902721,214b8dda-c4a1-4987-897e-15989b92d115,arms,2
478bf2b8-4c8e-49d4-896e-12130a902721,452d162f-ea0d-4756-aff3-fc09c497d120,arms,3
478bf2b8-4c8e-49d4-896e-12130a902721,c2e040c4-e5a5-417c-94e7-07b01391d6a6,arms,4
478bf2b8-4c8e-49d4-896e-12130a902721,be5f50f8-b1fb-4ac7-8de3-ab8d7ddce41a,arms,5
478bf2b8-4c8e-49d4-896e-12130a902721,5e63fa7c-419a-468a-856e-30e28f4dd444,arms,6
32b2d70c-3783-425f-8774-8b20d2acc720,b1f5054e-9f80-416c-8561-fe26b19585c5,arms,1
32b2d70c-3783-425f-8774-8b20d2acc720,f70a017d-0eb1-494d-b444-a549588dc07f,arms,2
32b2d70c-3783-425f-8774-8b20d2acc720,783ca74c-a7a7-4a9d-97f3-231e74dc572d,arms,3
32b2d70c-3783-425f-8774-8b20d2acc720,9afc9c62-5a85-428d-92d2-2db401673463,arms,4
32b2d70c-3783-425f-8774-8b20d2acc720,465d34ac-bcf7-4b5d-baee-8cdad1d2550c,arms,5
803b3a85-c290-40fb-a8dd-135065cef325,d846ce64-93b0-478c-8f76-88696e75fa82,arms,6
32b2d70c-3783-425f-8774-8b20d2acc720,bf95c2f3-eb29-42f3-a34f-98c021c03621,arms,6
322649e8-e86e-43ef-b748-93a4c85b0d1c,76fa90dc-e507-4542-8427-c4e4a607c4a4,arms,1
322649e8-e86e-43ef-b748-93a4c85b0d1c,aa256690-ebf0-4c25-b232-820ee0a50ed8,arms,2
322649e8-e86e-43ef-b748-93a4c85b0d1c,19072308-e240-4e06-81c0-eb30ca486499,arms,3
322649e8-e86e-43ef-b748-93a4c85b0d1c,0765ec48-1dfc-4314-bd3b-d1304e7a7872,arms,4
322649e8-e86e-43ef-b748-93a4c85b0d1c,224e951e-a2a3-4695-831f-f663011ea4f6,arms,5
322649e8-e86e-43ef-b748-93a4c85b0d1c,9468a171-b788-4be5-92dd-4a1a4282debf,arms,6
8ab21ddd-92cf-4fa1-b7e9-87431df84552,5c1d5771-f00a-4b0e-b5f3-09c63e5aba16,arms,1
8ab21ddd-92cf-4fa1-b7e9-87431df84552,8460a72b-fff9-4afc-9c1c-8c6e6ea84c85,arms,2
8ab21ddd-92cf-4fa1-b7e9-87431df84552,41541f53-059c-4fac-8e66-3bd7523beb71,arms,3
191c961b-e09c-485c-9a3b-4f3bf4dd5db8,3666522d-7cbc-4cd8-b8f1-007d2a13565a,arms,1
8ab21ddd-92cf-4fa1-b7e9-87431df84552,6da6a229-996b-4268-9967-b8df9fb22e9c,arms,4
8ab21ddd-92cf-4fa1-b7e9-87431df84552,913488dd-b6ee-4c60-828f-edc6d215879d,arms,5
8ab21ddd-92cf-4fa1-b7e9-87431df84552,2b6adfc7-20fc-470b-b8eb-dec43c487a29,arms,6
22fa2b83-f9f2-4d1c-a16f-a2733a1483eb,981a6272-328c-41e8-96d7-e69113ace32e,arms,1
22fa2b83-f9f2-4d1c-a16f-a2733a1483eb,0bc896ff-467c-458d-8eb3-d4d6aba14d43,arms,2
22fa2b83-f9f2-4d1c-a16f-a2733a1483eb,69a3027d-1074-45b2-ac4f-c5c4353373ee,arms,3
22fa2b83-f9f2-4d1c-a16f-a2733a1483eb,0632e060-6dc7-43bf-bd4e-81afec2ebb85,arms,4
22fa2b83-f9f2-4d1c-a16f-a2733a1483eb,ce2aa642-3bc0-4f02-afd9-879a0dfd51e5,arms,5
22fa2b83-f9f2-4d1c-a16f-a2733a1483eb,4f4cf33b-93c8-4b47-b73c-1189da9a0b48,arms,6
8c923a9e-48a4-458e-a110-4bb00547fe6c,de575d16-924d-4010-90af-edab36499903,arms,1
191c961b-e09c-485c-9a3b-4f3bf4dd5db8,0227c3e5-2e17-40b2-9d9e-c5b27e0e1a4e,arms,2
8c923a9e-48a4-458e-a110-4bb00547fe6c,76ebb828-d6a7-4f87-a266-00553b65d62e,arms,2
8c923a9e-48a4-458e-a110-4bb00547fe6c,272b5872-58d2-4beb-951c-973bb2010e25,arms,3
8c923a9e-48a4-458e-a110-4bb00547fe6c,c4b5203c-4cd4-4d8e-b5d8-0318bd02d6b0,arms,4
8c923a9e-48a4-458e-a110-4bb00547fe6c,6526f33f-a581-4420-a8fe-83085e4e1c73,arms,5
8c923a9e-48a4-458e-a110-4bb00547fe6c,5123d205-e6da-4c41-9f0d-f034785f3e0f,arms,6
d5741e6a-285f-4a73-9374-a6d6622fa2d8,465d34ac-bcf7-4b5d-baee-8cdad1d2550c,arms,1
d5741e6a-285f-4a73-9374-a6d6622fa2d8,66c3b531-f79c-497c-86af-9c2003f019a4,arms,2
d5741e6a-285f-4a73-9374-a6d6622fa2d8,979a7741-1ea5-42ac-9721-961b0b307918,arms,3
d5741e6a-285f-4a73-9374-a6d6622fa2d8,07380432-ee0e-45d0-94e8-01a58b092553,arms,4
d5741e6a-285f-4a73-9374-a6d6622fa2d8,115c1df0-4f63-4fcc-b18c-6d5724978f28,arms,5
191c961b-e09c-485c-9a3b-4f3bf4dd5db8,05d73a3d-64ea-4879-8765-511f36e98939,arms,3
d5741e6a-285f-4a73-9374-a6d6622fa2d8,cecc39c4-71a1-411e-b2cd-3de544aa90ef,arms,6
6ea82a17-bd37-4928-ba96-9c002ea63497,97a168fb-ccdd-464b-b9e0-b2ff7ad66748,arms,1
6ea82a17-bd37-4928-ba96-9c002ea63497,16128625-e19a-40e1-b3fd-4932ecee48db,arms,2
6ea82a17-bd37-4928-ba96-9c002ea63497,03f5b862-6dc4-4249-807a-3da770f9aff6,arms,3
6ea82a17-bd37-4928-ba96-9c002ea63497,0262d695-1c52-40e4-8374-4df66c44e02f,arms,4
6ea82a17-bd37-4928-ba96-9c002ea63497,b987a7b6-d6bb-411a-b781-e276130cf4e0,arms,5
6ea82a17-bd37-4928-ba96-9c002ea63497,776af091-9d17-479b-8816-85d73db573dd,arms,6
f04ad9b3-4fe5-4820-9dfe-454392e1d90e,64f73fd6-72f8-4fac-9d54-0b0be8e792f1,arms,1
f04ad9b3-4fe5-4820-9dfe-454392e1d90e,55cdd733-417c-4d22-84ef-95fec229de64,arms,2
f04ad9b3-4fe5-4820-9dfe-454392e1d90e,d482a56f-3669-4ce1-97dd-d3aec021cfb9,arms,3
191c961b-e09c-485c-9a3b-4f3bf4dd5db8,f710c515-1f93-4ae6-92c4-726572b3bd29,arms,4
f04ad9b3-4fe5-4820-9dfe-454392e1d90e,b443fde6-c6a0-43b1-b316-928d09397634,arms,4
f04ad9b3-4fe5-4820-9dfe-454392e1d90e,71d59b3e-645f-44fb-8512-85ff0eebe896,arms,5
f04ad9b3-4fe5-4820-9dfe-454392e1d90e,3968ebed-b104-4357-94aa-7a7d87358948,arms,6
c46c40f7-8b33-4569-9a2a-dbf6e155a5c3,3bff266a-efbd-4db3-9fc9-bde14df49759,arms,1
c46c40f7-8b33-4569-9a2a-dbf6e155a5c3,dcd4cc02-a21f-484c-aa3a-70411e35002b,arms,2
c46c40f7-8b33-4569-9a2a-dbf6e155a5c3,913488dd-b6ee-4c60-828f-edc6d215879d,arms,3
c46c40f7-8b33-4569-9a2a-dbf6e155a5c3,2f8f93d6-8156-4046-bca6-42b24dd77fd2,arms,4
c46c40f7-8b33-4569-9a2a-dbf6e155a5c3,0741fb37-3786-4c1f-9f1f-641a514d2097,arms,5
c46c40f7-8b33-4569-9a2a-dbf6e155a5c3,88788984-f87b-49f1-ae03-517580bd10ad,arms,6
0fccd8ec-1a7f-4c72-af97-37839e599024,75197acb-ffee-4b36-8c63-2e17516ea2d3,arms,1
191c961b-e09c-485c-9a3b-4f3bf4dd5db8,7900e36d-df34-48ab-8ca1-1390c8e27d32,arms,5
0fccd8ec-1a7f-4c72-af97-37839e599024,e37163b4-035e-409f-afc5-72bbbbcdc899,arms,2
0fccd8ec-1a7f-4c72-af97-37839e599024,f49543fa-9524-446e-b740-13128ba2b54a,arms,3
0fccd8ec-1a7f-4c72-af97-37839e599024,7bb0f6f5-ede8-4951-9aa2-e849eef5385d,arms,4
0fccd8ec-1a7f-4c72-af97-37839e599024,d136e907-641f-4dbd-9256-8de8c84b547d,arms,5
0fccd8ec-1a7f-4c72-af97-37839e599024,614f21e1-0fb1-4291-820f-6155a99e6bc9,arms,6
cadd64e9-27f2-49b0-b749-2acf6f1772e5,03c3d3ff-f7f7-44fe-bcd4-c421fe69f3cd,arms,1
cadd64e9-27f2-49b0-b749-2acf6f1772e5,afa01a37-862c-434f-907e-254078e4d61b,arms,2
cadd64e9-27f2-49b0-b749-2acf6f1772e5,f00d1a40-90b3-4822-b976-b413730a1764,arms,3
cadd64e9-27f2-49b0-b749-2acf6f1772e5,4637ece2-1550-4ccd-8636-3c126d791f10,arms,4
cadd64e9-27f2-49b0-b749-2acf6f1772e5,b2887d03-0b9f-458e-acd8-e02297b2e9e6,arms,5
191c961b-e09c-485c-9a3b-4f3bf4dd5db8,3b063fa7-c68c-47c1-857b-8afdf436af4b,arms,6
cadd64e9-27f2-49b0-b749-2acf6f1772e5,603ae555-f3e4-4aac-b286-044561193c59,arms,6
fc5f8e03-188e-4298-a3f6-aa2aeefce0e4,c1f4db9b-d8b6-4cbe-ac35-bdc34baf79fb,arms,1
fc5f8e03-188e-4298-a3f6-aa2aeefce0e4,aee1bebc-ea20-4ded-b19e-f73ea1d237e5,arms,2
fc5f8e03-188e-4298-a3f6-aa2aeefce0e4,aee1bebc-ea20-4ded-b19e-f73ea1d237e5,arms,3
fc5f8e03-188e-4298-a3f6-aa2aeefce0e4,14a95ba3-1c0f-4c1b-9974-ed94462ac126,arms,4
fc5f8e03-188e-4298-a3f6-aa2aeefce0e4,aee1bebc-ea20-4ded-b19e-f73ea1d237e5,arms,5
fc5f8e03-188e-4298-a3f6-aa2aeefce0e4,29c36a03-09f0-4b44-beb6-ab3939e550ea,arms,6
3473cad4-336e-4499-a5af-0342536ed981,21babe24-f9b8-46af-8759-e90dd828f39d,arms,1
3473cad4-336e-4499-a5af-0342536ed981,42fae98a-f912-4586-a946-53b2223442de,arms,2
3473cad4-336e-4499-a5af-0342536ed981,8b02865d-b51b-41f3-b32b-fcd6c235c237,arms,3
96b28756-ae8b-4869-b4e9-62f5a62e191b,233c2afc-4493-4664-b72f-707a57d5e1b2,arms,1
3473cad4-336e-4499-a5af-0342536ed981,fe369f1f-4c48-4e43-83a5-75b651de4f18,arms,4
3473cad4-336e-4499-a5af-0342536ed981,deebdf29-c133-4e66-8c9f-3cf9fd0132f8,arms,5
3473cad4-336e-4499-a5af-0342536ed981,28b016fe-d46c-4186-a9a5-cb4aa2087e98,arms,6
0c7d7e0a-e97a-456c-8b14-11eee8579e99,555de666-7fcf-412c-8098-8557d279d7d9,arms,1
0c7d7e0a-e97a-456c-8b14-11eee8579e99,e9545883-406b-4a9d-8ac8-33f943f13dca,arms,2
0c7d7e0a-e97a-456c-8b14-11eee8579e99,7af34933-4884-4179-b008-9a60ed77641a,arms,3
0c7d7e0a-e97a-456c-8b14-11eee8579e99,bc56d303-f273-464f-84fe-7c1a4456ee50,arms,4
0c7d7e0a-e97a-456c-8b14-11eee8579e99,4053dcb5-a281-4263-841a-70421c61bea6,arms,5
0c7d7e0a-e97a-456c-8b14-11eee8579e99,b4dac551-105e-4a44-b0cd-4eadd416ad2a,arms,6
1a7add5d-9acd-42b2-9703-711c97095c6d,0c3b7536-7e75-4e1a-8f77-60b6bef4e744,arms,1
05422557-a057-48e0-9123-a107b08a7b8c,9a0d7262-37b7-44b6-a7b3-ab1b8336fd87,arms,5
96b28756-ae8b-4869-b4e9-62f5a62e191b,36ff2dd8-0694-46e3-b9f0-c1ec4930ce3a,arms,2
1a7add5d-9acd-42b2-9703-711c97095c6d,7785a9ce-57ee-4e7e-972e-71135332b7da,arms,2
1a7add5d-9acd-42b2-9703-711c97095c6d,fb5b5b1a-b8a7-4d0a-a34d-ff010b2336ad,arms,3
1a7add5d-9acd-42b2-9703-711c97095c6d,0765ec48-1dfc-4314-bd3b-d1304e7a7872,arms,4
1a7add5d-9acd-42b2-9703-711c97095c6d,fba8ebb3-6379-463e-a944-8bf1eb900db7,arms,5
1a7add5d-9acd-42b2-9703-711c97095c6d,3bff266a-efbd-4db3-9fc9-bde14df49759,arms,6
89eafac1-50be-45b1-8954-6a5a6edbd280,b065fabc-5ee1-4d3d-a1dc-d595c6089927,arms,1
89eafac1-50be-45b1-8954-6a5a6edbd280,0f984fa5-073d-46df-ba3b-f9282dac9161,arms,2
89eafac1-50be-45b1-8954-6a5a6edbd280,b7acf8df-c6c2-4317-b452-988956b8d2b6,arms,3
89eafac1-50be-45b1-8954-6a5a6edbd280,75597d04-581f-4b20-abba-6306e5c094c6,arms,4
89eafac1-50be-45b1-8954-6a5a6edbd280,08c20056-27e6-432f-94b2-0eab4658b345,arms,5
96b28756-ae8b-4869-b4e9-62f5a62e191b,bdf37696-5df7-4726-a5d3-a7375a7744e7,arms,3
89eafac1-50be-45b1-8954-6a5a6edbd280,41541f53-059c-4fac-8e66-3bd7523beb71,arms,6
6a2a66ac-2c76-49d1-b8f9-0e210438a516,3853a236-20a5-4009-a1d5-e02d3abb2d10,arms,1
6a2a66ac-2c76-49d1-b8f9-0e210438a516,6c010abb-f2b3-4bf3-9e8d-521922d72572,arms,2
6a2a66ac-2c76-49d1-b8f9-0e210438a516,f92aaeb1-dd8a-4704-9cc2-b807ba7d75cd,arms,3
6a2a66ac-2c76-49d1-b8f9-0e210438a516,706c3f2b-8bfc-480e-9f18-03a02c810529,arms,4
6a2a66ac-2c76-49d1-b8f9-0e210438a516,e56c6015-1fe4-4ea1-95d1-bacf8fbd2b23,arms,5
6a2a66ac-2c76-49d1-b8f9-0e210438a516,deba1fea-7ed1-4f85-831d-dfa504f009b4,arms,6
75efe4da-e183-4f8c-83af-7b8caeaad698,6a3ac143-b278-4371-8062-c6a711f7dbe5,arms,1
75efe4da-e183-4f8c-83af-7b8caeaad698,f160e17f-0315-44c8-88a6-6f57e0c5d04c,arms,2
75efe4da-e183-4f8c-83af-7b8caeaad698,db756e56-2a9a-4262-bbbc-fb1df900d475,arms,3
96b28756-ae8b-4869-b4e9-62f5a62e191b,0c3b7536-7e75-4e1a-8f77-60b6bef4e744,arms,4
75efe4da-e183-4f8c-83af-7b8caeaad698,5123d205-e6da-4c41-9f0d-f034785f3e0f,arms,4
75efe4da-e183-4f8c-83af-7b8caeaad698,825ecf81-83c8-41b8-89fc-a92dff5b117d,arms,5
75efe4da-e183-4f8c-83af-7b8caeaad698,0e0a26d8-bf3f-4f4d-b311-c696cee2dd2d,arms,6
a1ee3a14-17e6-4268-b177-83a1eeb3ef78,402e42e0-dfa4-4ac1-b5f0-852a65ebab82,arms,1
a1ee3a14-17e6-4268-b177-83a1eeb3ef78,26e5e54e-5ffa-4231-ad16-d15149ff2494,arms,2
a1ee3a14-17e6-4268-b177-83a1eeb3ef78,5eec5e0a-0690-4b8c-a3f6-053990463775,arms,3
a1ee3a14-17e6-4268-b177-83a1eeb3ef78,ad4af3e3-8535-45cf-b991-a43d50b818c2,arms,4
a1ee3a14-17e6-4268-b177-83a1eeb3ef78,e3bb9ec1-fcc9-4569-987b-d41591afb84f,arms,5
a1ee3a14-17e6-4268-b177-83a1eeb3ef78,259cbd21-4bb2-49d2-9cb0-03b889043870,arms,6
59ea44fb-74f5-4754-a0c5-2f44d551efd5,7edb9778-2fbd-4b09-9b67-1adc2e67e1be,arms,1
96b28756-ae8b-4869-b4e9-62f5a62e191b,21ab8c6a-b4c8-46db-96fe-63036b371880,arms,5
59ea44fb-74f5-4754-a0c5-2f44d551efd5,efaa06ed-bec3-4a34-adeb-cf0348ca1680,arms,2
59ea44fb-74f5-4754-a0c5-2f44d551efd5,b48fab0e-a7a7-4227-84b5-262ffe3c9783,arms,3
59ea44fb-74f5-4754-a0c5-2f44d551efd5,3f3967f0-db2b-4c15-a23a-ffadeba482a9,arms,4
59ea44fb-74f5-4754-a0c5-2f44d551efd5,cd69c533-22ba-44ee-99d4-d12e1bba68ce,arms,5
59ea44fb-74f5-4754-a0c5-2f44d551efd5,7edb9778-2fbd-4b09-9b67-1adc2e67e1be,arms,6
7dbf7191-e2c2-401c-ad02-f376e35a6bad,0fddb45c-3b4d-4628-b0e6-b3667bffdf35,arms,1
7dbf7191-e2c2-401c-ad02-f376e35a6bad,dffa8a19-554d-4238-ac67-7cf474e7edc8,arms,2
7dbf7191-e2c2-401c-ad02-f376e35a6bad,169fa90f-f4fd-4d83-9dd9-ecf2390b567c,arms,3
7dbf7191-e2c2-401c-ad02-f376e35a6bad,66f2b048-e3eb-40a8-adce-90b8df03a937,arms,4
7dbf7191-e2c2-401c-ad02-f376e35a6bad,f893885d-13f5-4a58-82ab-ca8f4118ee35,arms,5
96b28756-ae8b-4869-b4e9-62f5a62e191b,0bc896ff-467c-458d-8eb3-d4d6aba14d43,arms,6
7dbf7191-e2c2-401c-ad02-f376e35a6bad,93ecb3c0-8125-445a-a9b9-990e9da4a9b0,arms,6
26acc93a-eea9-48b7-ada7-246b17ba8f62,3d6a6ffc-82d8-4205-b948-98a4361f4182,arms,1
26acc93a-eea9-48b7-ada7-246b17ba8f62,5ae29783-0f26-43ac-acb8-87c89fa6becb,arms,2
26acc93a-eea9-48b7-ada7-246b17ba8f62,cff45c38-76b1-4309-a6ef-0110ab91f726,arms,3
26acc93a-eea9-48b7-ada7-246b17ba8f62,c08d6bb9-3b8a-41f8-b90b-a94acc87be3d,arms,4
26acc93a-eea9-48b7-ada7-246b17ba8f62,1ea5fc3a-e827-41e2-8d41-7bbf03fdd7a6,arms,5
26acc93a-eea9-48b7-ada7-246b17ba8f62,6b07adfc-6d6b-4d5d-9a54-e2fe42b7352f,arms,6
95dab7f4-d1ac-49d9-9b75-f0bc8b5dc8fb,78a632a7-4fe8-4f02-b2da-32ea7505edc6,arms,1
95dab7f4-d1ac-49d9-9b75-f0bc8b5dc8fb,2189bf28-d361-4b12-bb6d-2ac564bd4e9e,arms,2
95dab7f4-d1ac-49d9-9b75-f0bc8b5dc8fb,29a72d85-24b1-4935-abdc-16aa9ee5b120,arms,3
0143320b-99f6-4c31-9c18-dc0a57b7810c,084af5c9-8f3e-4d21-9d97-6cfc6cea938e,arms,1
95dab7f4-d1ac-49d9-9b75-f0bc8b5dc8fb,ad4af3e3-8535-45cf-b991-a43d50b818c2,arms,4
95dab7f4-d1ac-49d9-9b75-f0bc8b5dc8fb,14a60ed4-75cd-4324-8a73-8bf741b467f7,arms,5
95dab7f4-d1ac-49d9-9b75-f0bc8b5dc8fb,b59867d1-5e23-4913-9289-38aa93cdde2b,arms,6
3475c76a-0185-46a3-a11a-f8d724665db1,c5351b02-c07d-4ffa-9026-c298ff4088ed,arms,1
3475c76a-0185-46a3-a11a-f8d724665db1,bbcc238a-c934-4ee4-9d70-5eb90dace818,arms,2
3475c76a-0185-46a3-a11a-f8d724665db1,b334364b-f251-4b24-9c9e-c08e3108a8f9,arms,3
3475c76a-0185-46a3-a11a-f8d724665db1,fe0e17e9-a511-44e5-b053-4148f957f2a5,arms,4
3475c76a-0185-46a3-a11a-f8d724665db1,a22da517-6323-4a03-8e4c-7ad660091458,arms,5
3475c76a-0185-46a3-a11a-f8d724665db1,9aa06424-9c86-4d01-8244-baa198461a02,arms,6
8837ed75-a852-4fbc-bc6d-c24a65b309c7,89603658-ba9e-4f1e-9705-a72427810276,arms,1
0143320b-99f6-4c31-9c18-dc0a57b7810c,eb0c0c26-cb91-437b-8495-549fa584a635,arms,2
8837ed75-a852-4fbc-bc6d-c24a65b309c7,668e5f96-3f18-4abe-a72b-9885340aeca5,arms,2
8837ed75-a852-4fbc-bc6d-c24a65b309c7,2b0e0e8c-64fd-4b43-a99c-13a729f650d8,arms,3
8837ed75-a852-4fbc-bc6d-c24a65b309c7,e4a14d0b-ec60-4a00-b380-8e42553eee20,arms,4
8837ed75-a852-4fbc-bc6d-c24a65b309c7,e8bde71a-2276-4cdd-8e87-c23a78a520a3,arms,5
8837ed75-a852-4fbc-bc6d-c24a65b309c7,db09bf79-fbab-41a8-a079-67aa20fa0878,arms,6
d5657864-2595-4c00-90f7-7321450a4543,02a9472d-8ae7-4ce5-9294-30d6beeb96b7,arms,1
d5657864-2595-4c00-90f7-7321450a4543,a4bf2fdc-518a-4509-a10e-37a7ede63573,arms,2
d5657864-2595-4c00-90f7-7321450a4543,d6b1bcd4-956d-474f-bf33-26930a585b64,arms,3
d5657864-2595-4c00-90f7-7321450a4543,b26a6db4-8008-43af-942c-ecec2d43d418,arms,4
d5657864-2595-4c00-90f7-7321450a4543,06c2a967-527f-4f44-b4bf-256955d68261,arms,5
0143320b-99f6-4c31-9c18-dc0a57b7810c,9b2dc722-af89-4aed-ac47-5d752e84a2d0,arms,3
d5657864-2595-4c00-90f7-7321450a4543,44164694-294f-4d9a-ba4c-07ab82a8bad7,arms,6
e30f1397-3e25-45f3-946b-bccbee21969b,5502478a-75e6-4d41-83ab-145315cec75c,arms,1
e30f1397-3e25-45f3-946b-bccbee21969b,2b902c19-ffc2-42dd-a4a8-bb1edd272651,arms,2
e30f1397-3e25-45f3-946b-bccbee21969b,e6f9a2f4-13b7-4ea8-a8f6-69d5432d32f9,arms,3
e30f1397-3e25-45f3-946b-bccbee21969b,5167ab81-1777-4fa2-bd8d-6ef9ceb7f201,arms,4
e30f1397-3e25-45f3-946b-bccbee21969b,b534d738-aca6-4d13-a7bc-0a7763d25e73,arms,5
e30f1397-3e25-45f3-946b-bccbee21969b,29600a92-1c4b-4653-8e9a-57be3c028920,arms,6
6be924d6-7255-4fb2-a9d4-a12e2d48ac27,092cf1cd-c200-4c46-875e-bf232d472f7a,arms,1
6be924d6-7255-4fb2-a9d4-a12e2d48ac27,dbe186ba-916b-4f1b-971a-52b275107ab8,arms,2
6be924d6-7255-4fb2-a9d4-a12e2d48ac27,a13ab002-d5bf-4f27-9a90-4333b8360c7f,arms,3
0143320b-99f6-4c31-9c18-dc0a57b7810c,36fcc3e6-0973-437f-a68b-ba6f855d1181,arms,4
6be924d6-7255-4fb2-a9d4-a12e2d48ac27,2fddf551-f15b-44ff-960e-af886146759a,arms,4
6be924d6-7255-4fb2-a9d4-a12e2d48ac27,87101b7b-ff7c-4067-822b-e42df6a1847f,arms,5
6be924d6-7255-4fb2-a9d4-a12e2d48ac27,b4dac551-105e-4a44-b0cd-4eadd416ad2a,arms,6
584a0dbc-af0c-4cd0-9bb8-9c6b356aecb0,c44377f1-72ac-4d1e-8777-5d65daedaf62,arms,1
584a0dbc-af0c-4cd0-9bb8-9c6b356aecb0,4fb9857f-b275-422a-b0d7-1cd1825e2c2c,arms,2
584a0dbc-af0c-4cd0-9bb8-9c6b356aecb0,68b92c12-8811-486d-97ce-a5e0bfa21b34,arms,3
584a0dbc-af0c-4cd0-9bb8-9c6b356aecb0,62b97f24-33ac-4cd2-884b-86d93c1d4c3d,arms,4
584a0dbc-af0c-4cd0-9bb8-9c6b356aecb0,80cf6a67-019b-4d07-a768-96c537bd22cd,arms,5
584a0dbc-af0c-4cd0-9bb8-9c6b356aecb0,979a7741-1ea5-42ac-9721-961b0b307918,arms,6
3e88330b-f47d-43b0-91d6-b92de347d7f6,4d7ad150-89da-495c-96c4-b5ffde9b1c78,arms,1
0143320b-99f6-4c31-9c18-dc0a57b7810c,d148c337-8980-4b28-ad7a-fceb291d3805,arms,5
3e88330b-f47d-43b0-91d6-b92de347d7f6,355a3a23-3b08-445c-9135-73b1d3a55bbd,arms,2
3e88330b-f47d-43b0-91d6-b92de347d7f6,548ce894-86e0-4aa0-8287-55b7b4fc8a51,arms,3
3e88330b-f47d-43b0-91d6-b92de347d7f6,546ccd42-31d2-4967-8bb6-e8814e75e357,arms,4
3e88330b-f47d-43b0-91d6-b92de347d7f6,3039d3cc-f1f9-4b65-b874-458a9e53d925,arms,5
3e88330b-f47d-43b0-91d6-b92de347d7f6,124fecca-7879-4dc3-9ca2-8341023ada85,arms,6
04f3e214-0831-4839-86ed-980001a7eff6,646d6c35-5f1e-4683-90c8-1891e1f74a8a,arms,1
04f3e214-0831-4839-86ed-980001a7eff6,39f32b5c-40c9-49f2-84c5-d4499e8da451,arms,2
04f3e214-0831-4839-86ed-980001a7eff6,9b9750bd-f84d-48be-a297-766457808109,arms,3
04f3e214-0831-4839-86ed-980001a7eff6,7318b5ca-0cc0-4922-901a-926f4da09504,arms,4
04f3e214-0831-4839-86ed-980001a7eff6,023bc4db-2cca-4a5f-9cb7-99513ffa1daf,arms,5
05422557-a057-48e0-9123-a107b08a7b8c,79263fca-46e3-4c0d-9a0f-7c9ed49ac3a0,arms,6
0143320b-99f6-4c31-9c18-dc0a57b7810c,9d82ac35-8ec6-463b-b449-95e8904326f0,arms,6
04f3e214-0831-4839-86ed-980001a7eff6,84d3c49f-942c-4aaf-b019-d915132f8313,arms,6
f9fd1a69-6f17-4951-b107-409fb4dba8cc,a290e85b-0d85-4f3b-ac7c-9e05bce4b617,arms,1
f9fd1a69-6f17-4951-b107-409fb4dba8cc,18c454bc-8ccf-40c3-90c3-677c04b80188,arms,2
f9fd1a69-6f17-4951-b107-409fb4dba8cc,fba21d07-4e9d-49a1-a318-d94f79683740,arms,3
f9fd1a69-6f17-4951-b107-409fb4dba8cc,0d107801-c53e-4ace-b8ed-7d764f1f5c5c,arms,4
f9fd1a69-6f17-4951-b107-409fb4dba8cc,caf6dff2-6595-43e2-9a44-f6771cba6f0e,arms,5
f9fd1a69-6f17-4951-b107-409fb4dba8cc,934ad251-3527-419e-aa8f-103cf75a3792,arms,6
a9c54d18-cb85-43a5-b4b4-170006f96b72,dc7424bc-1acf-4d17-b16b-ede6c57909bf,arms,1
a9c54d18-cb85-43a5-b4b4-170006f96b72,dd4c7cf2-521d-4b6b-a4f8-b53abf460029,arms,2
a9c54d18-cb85-43a5-b4b4-170006f96b72,3a8d568f-4433-4c4f-a60a-dd4548c1af6a,arms,3
8453dee6-964a-4091-9c83-d9020deea74e,85a051c4-6509-4dba-b667-e10a502a6aea,arms,1
a9c54d18-cb85-43a5-b4b4-170006f96b72,88a48c3e-e40c-4a6f-9b55-5f284cb96e61,arms,4
a9c54d18-cb85-43a5-b4b4-170006f96b72,1178a705-ce26-4166-9558-5d07851cbe29,arms,5
a9c54d18-cb85-43a5-b4b4-170006f96b72,93561dcc-f4b3-4d11-87b8-9c082b9b0966,arms,6
a61238b9-d16f-4daa-b4bd-e2a109af05bf,60872875-5891-486c-a049-c0e3fdc940e0,arms,1
a61238b9-d16f-4daa-b4bd-e2a109af05bf,5b304eb0-6af1-4cef-a740-c81ca95b6bc0,arms,2
a61238b9-d16f-4daa-b4bd-e2a109af05bf,94b38033-5a2d-44ee-9d5f-632a1847b596,arms,3
a61238b9-d16f-4daa-b4bd-e2a109af05bf,9ab3c001-a583-4698-a024-16ffa8d7d54a,arms,4
a61238b9-d16f-4daa-b4bd-e2a109af05bf,c65ec56f-a48f-469e-a819-d7d3cd407ff1,arms,5
a61238b9-d16f-4daa-b4bd-e2a109af05bf,6d51bd98-a212-4677-bbde-ee623dee00ad,arms,6
7bac73df-be3e-4adc-add2-49bada34a9d2,41541f53-059c-4fac-8e66-3bd7523beb71,arms,1
8453dee6-964a-4091-9c83-d9020deea74e,e6170a9d-5df5-4de4-83c8-fa339e831a93,arms,2
7bac73df-be3e-4adc-add2-49bada34a9d2,39b00caa-5cd0-4bea-a622-f0eb4f0a0211,arms,2
7bac73df-be3e-4adc-add2-49bada34a9d2,8c105749-aef3-48a7-a198-12bdc926af39,arms,3
7bac73df-be3e-4adc-add2-49bada34a9d2,75597d04-581f-4b20-abba-6306e5c094c6,arms,4
7bac73df-be3e-4adc-add2-49bada34a9d2,faba71a5-815b-45b5-9ed6-191198b1b803,arms,5
7bac73df-be3e-4adc-add2-49bada34a9d2,f4617352-d792-4831-a9c3-8f017d10e478,arms,6
9f7242f6-6715-4191-add5-6fd7e2893273,9ab3c001-a583-4698-a024-16ffa8d7d54a,arms,1
9f7242f6-6715-4191-add5-6fd7e2893273,c5609f49-118e-4fb6-a1d8-5db788bf781d,arms,2
9f7242f6-6715-4191-add5-6fd7e2893273,df92bc17-8279-450d-b675-78585c20d25a,arms,3
9f7242f6-6715-4191-add5-6fd7e2893273,3e208872-3a68-4bf0-ba98-dd3f9e7b19ee,arms,4
9f7242f6-6715-4191-add5-6fd7e2893273,39f32b5c-40c9-49f2-84c5-d4499e8da451,arms,5
8453dee6-964a-4091-9c83-d9020deea74e,96603051-bdab-4a88-b79f-14f26458ab62,arms,3
9f7242f6-6715-4191-add5-6fd7e2893273,94560691-4f3e-4936-912f-a3435d06d09b,arms,6
48ffd028-52e1-4fcb-a1d6-92759d69c285,a4906fb9-aaf2-44a3-8ac4-840c48daff0e,arms,1
48ffd028-52e1-4fcb-a1d6-92759d69c285,5b933467-98ca-42d9-be6c-ad334ee9f050,arms,2
48ffd028-52e1-4fcb-a1d6-92759d69c285,89d7d8ac-3cf4-4e9a-b0d7-8e6f190db3cd,arms,3
48ffd028-52e1-4fcb-a1d6-92759d69c285,d5e7904c-5395-4318-a3ae-dafd748b9ec9,arms,4
48ffd028-52e1-4fcb-a1d6-92759d69c285,ea80f0d7-aca6-4777-b916-eee488f9316c,arms,5
48ffd028-52e1-4fcb-a1d6-92759d69c285,78220fd5-0a88-4713-a5d8-cedd092c0e46,arms,6
01cc9df6-cfb1-46c7-a1a2-ce1b4f5ec310,6d6c6cf2-baed-49e4-8401-2e7da9d29cbd,arms,1
01cc9df6-cfb1-46c7-a1a2-ce1b4f5ec310,0fd3f5f1-58b4-472e-8f7e-b5d90a667913,arms,2
01cc9df6-cfb1-46c7-a1a2-ce1b4f5ec310,e4a14d0b-ec60-4a00-b380-8e42553eee20,arms,3
8453dee6-964a-4091-9c83-d9020deea74e,092cf1cd-c200-4c46-875e-bf232d472f7a,arms,4
01cc9df6-cfb1-46c7-a1a2-ce1b4f5ec310,22b7be87-1464-4ae7-ba8d-5fc41f252559,arms,4
01cc9df6-cfb1-46c7-a1a2-ce1b4f5ec310,4a138e48-3b7d-4e72-8eee-93ab39f72063,arms,5
01cc9df6-cfb1-46c7-a1a2-ce1b4f5ec310,9ab3c001-a583-4698-a024-16ffa8d7d54a,arms,6
9420676a-5b7a-44e4-8c3a-d1bd35c1812a,d170e193-56d8-4bf3-9bf1-8074370dbe97,arms,1
9420676a-5b7a-44e4-8c3a-d1bd35c1812a,6e8a1bd7-e348-4b28-8825-92e256045c3a,arms,2
9420676a-5b7a-44e4-8c3a-d1bd35c1812a,6017daa6-3917-4dc8-a430-32822df35304,arms,3
9420676a-5b7a-44e4-8c3a-d1bd35c1812a,d9191d33-e50b-436e-9cd1-75c02709d625,arms,4
9420676a-5b7a-44e4-8c3a-d1bd35c1812a,5edd54a9-a4ac-4a66-bdab-ffe58eaa4e99,arms,5
9420676a-5b7a-44e4-8c3a-d1bd35c1812a,80b814a3-aa50-46fd-b84e-2751758f0c2d,arms,6
4b77a69e-8704-4498-a65d-4472ec6af3e6,56e8f65d-ab9e-43af-ae91-828220e32227,arms,1
8453dee6-964a-4091-9c83-d9020deea74e,3794d35c-842b-4af5-a197-18f9ca476a2f,arms,5
4b77a69e-8704-4498-a65d-4472ec6af3e6,41541f53-059c-4fac-8e66-3bd7523beb71,arms,2
4b77a69e-8704-4498-a65d-4472ec6af3e6,2cce8b23-c916-4e85-95cd-e531a7d588d3,arms,3
4b77a69e-8704-4498-a65d-4472ec6af3e6,b9c3f42d-b7e5-41a8-a686-1f135dfa496a,arms,4
4b77a69e-8704-4498-a65d-4472ec6af3e6,5a08f87b-039b-4f85-b771-17628c5fc2a2,arms,5
4b77a69e-8704-4498-a65d-4472ec6af3e6,5ab7862f-4a7e-4ef0-838f-4e58e49079db,arms,6
f6e368e7-9c52-4c8e-a029-08a6fae2f70e,f7eb1d7f-7008-4f3e-a7d8-979838ffdd5d,arms,1
f6e368e7-9c52-4c8e-a029-08a6fae2f70e,ab66ca0b-8ba4-425a-9a84-6eaa43616e4c,arms,2
f6e368e7-9c52-4c8e-a029-08a6fae2f70e,a4906fb9-aaf2-44a3-8ac4-840c48daff0e,arms,3
f6e368e7-9c52-4c8e-a029-08a6fae2f70e,8dc35759-b2ef-4027-b289-3d66003bb577,arms,4
f6e368e7-9c52-4c8e-a029-08a6fae2f70e,6017daa6-3917-4dc8-a430-32822df35304,arms,5
8453dee6-964a-4091-9c83-d9020deea74e,f86fe2e8-8775-49bd-822b-ab60bf308c4c,arms,6
f6e368e7-9c52-4c8e-a029-08a6fae2f70e,ebbc6f9b-e239-4a55-b2d0-8da633c38fb6,arms,6
987491c0-eee5-4cb2-9bba-5a0a211a8b3a,035277ac-9301-4f7c-82b4-51ec7f137d6b,arms,1
987491c0-eee5-4cb2-9bba-5a0a211a8b3a,0c0a5363-f9be-4b4e-9f98-8bf631074deb,arms,2
987491c0-eee5-4cb2-9bba-5a0a211a8b3a,d9e5b66e-4c4c-40fa-8cd0-5137be1f0e11,arms,3
987491c0-eee5-4cb2-9bba-5a0a211a8b3a,f4617352-d792-4831-a9c3-8f017d10e478,arms,4
987491c0-eee5-4cb2-9bba-5a0a211a8b3a,7bd2289a-f092-4756-9113-f3c40215e5b0,arms,5
987491c0-eee5-4cb2-9bba-5a0a211a8b3a,22651778-4a23-40a3-8fb4-727981ea8362,arms,6
a1a0d0fa-f312-431e-b69b-1c7c0691b8be,497bd1f9-c10a-46d7-a2da-cac3b2455c13,arms,1
a1a0d0fa-f312-431e-b69b-1c7c0691b8be,fc0cf3a3-2d5d-477e-a84d-83ee277b74b8,arms,2
a1a0d0fa-f312-431e-b69b-1c7c0691b8be,aac745c9-0ead-4267-9d2f-08329a8b6062,arms,3
eec340db-2937-4aed-a946-2cf259d7b210,c97cdb8c-70d8-4eb9-abb4-c807b3a5ba8d,arms,1
a1a0d0fa-f312-431e-b69b-1c7c0691b8be,8d184746-09fc-429c-ad65-3abd12bb6540,arms,4
a1a0d0fa-f312-431e-b69b-1c7c0691b8be,2a9c9886-4d23-48da-bb27-fb01b2a04f33,arms,5
a1a0d0fa-f312-431e-b69b-1c7c0691b8be,1b60f0ee-744d-4ed7-a5b3-f83d88baa603,arms,6
71120185-7cda-4055-a2ca-2ab6ad42aae3,0255aa70-a5dd-4eda-9abe-15a62cde9b13,arms,1
71120185-7cda-4055-a2ca-2ab6ad42aae3,11941f12-418b-4cd4-b82e-3629534abb4e,arms,2
71120185-7cda-4055-a2ca-2ab6ad42aae3,b9c3f42d-b7e5-41a8-a686-1f135dfa496a,arms,3
71120185-7cda-4055-a2ca-2ab6ad42aae3,b40dc33a-8f8a-4b5b-b089-e54699f6e35d,arms,4
71120185-7cda-4055-a2ca-2ab6ad42aae3,14a95ba3-1c0f-4c1b-9974-ed94462ac126,arms,5
71120185-7cda-4055-a2ca-2ab6ad42aae3,ba5e777b-bb4e-4373-8edc-4769b87866a3,arms,6
0e7bfb81-fcf9-4a39-8b31-3b7b7cb2d0f6,2d663af2-5556-416f-ad86-199f2ac9bf3a,arms,1
eec340db-2937-4aed-a946-2cf259d7b210,89e55d7c-fd1f-4346-b724-ec8e0854dc35,arms,2
0e7bfb81-fcf9-4a39-8b31-3b7b7cb2d0f6,69ae5244-eb11-4ee6-9e11-369979ac9b49,arms,2
0e7bfb81-fcf9-4a39-8b31-3b7b7cb2d0f6,e6f9a2f4-13b7-4ea8-a8f6-69d5432d32f9,arms,3
0e7bfb81-fcf9-4a39-8b31-3b7b7cb2d0f6,10d8b138-09b8-4df2-bfcf-02500310fe0e,arms,4
0e7bfb81-fcf9-4a39-8b31-3b7b7cb2d0f6,3f3967f0-db2b-4c15-a23a-ffadeba482a9,arms,5
0e7bfb81-fcf9-4a39-8b31-3b7b7cb2d0f6,dcd4cc02-a21f-484c-aa3a-70411e35002b,arms,6
1d0340fb-960d-4079-aa06-4f343e7e892f,f3e8bd28-0516-420a-84e3-9d85f6693aa0,arms,1
1d0340fb-960d-4079-aa06-4f343e7e892f,9c012ffc-6183-4c1f-8d6f-c969183c7710,arms,2
1d0340fb-960d-4079-aa06-4f343e7e892f,f893885d-13f5-4a58-82ab-ca8f4118ee35,arms,3
1d0340fb-960d-4079-aa06-4f343e7e892f,0d107801-c53e-4ace-b8ed-7d764f1f5c5c,arms,4
1d0340fb-960d-4079-aa06-4f343e7e892f,384faad4-2801-4150-bcca-c244bbc794d1,arms,5
eec340db-2937-4aed-a946-2cf259d7b210,3e9267ac-5483-4314-94fc-185470b12af4,arms,3
1d0340fb-960d-4079-aa06-4f343e7e892f,24bf661a-5dca-453f-8635-e1610e37cd6f,arms,6
c883d183-606b-4e8e-b9db-25379e816fdb,9dc694cc-b096-4cc6-8df6-3f298bb0a687,arms,1
c883d183-606b-4e8e-b9db-25379e816fdb,4bbbaecc-647b-470c-82b9-e0f5a2bad5af,arms,2
c883d183-606b-4e8e-b9db-25379e816fdb,e2148fff-722b-446f-b422-ecd567409a61,arms,3
c883d183-606b-4e8e-b9db-25379e816fdb,76755460-ec57-496b-9487-582be979c5aa,arms,4
c883d183-606b-4e8e-b9db-25379e816fdb,26fbc348-87fb-4428-9fe2-9cbd5ae95845,arms,5
c883d183-606b-4e8e-b9db-25379e816fdb,465d34ac-bcf7-4b5d-baee-8cdad1d2550c,arms,6
52a90d4c-1912-4743-a112-d8f5bb1f08f6,0a0830e7-a21a-4fae-855a-41c977efff3b,arms,1
52a90d4c-1912-4743-a112-d8f5bb1f08f6,cbccc915-e8cb-4256-a3c6-ce29056573c4,arms,2
